"cohort","subtype","bootstrap","model","metric","value"
"Training cohort","IDHmut-intact",1,"3D-CNN","cindex",0.6829643296432965
"Training cohort","IDHmut-intact",2,"3D-CNN","cindex",0.6617292225201072
"Training cohort","IDHmut-intact",3,"3D-CNN","cindex",0.67906186267845
"Training cohort","IDHmut-intact",4,"3D-CNN","cindex",0.5734922588585865
"Training cohort","IDHmut-intact",5,"3D-CNN","cindex",0.6129032258064516
"Training cohort","IDHmut-intact",6,"3D-CNN","cindex",0.6539411474137322
"Training cohort","IDHmut-intact",7,"3D-CNN","cindex",0.6289782794146598
"Training cohort","IDHmut-intact",8,"3D-CNN","cindex",0.67564031947122
"Training cohort","IDHmut-intact",9,"3D-CNN","cindex",0.6619178082191781
"Training cohort","IDHmut-intact",10,"3D-CNN","cindex",0.6511814177012415
"Training cohort","IDHmut-intact",11,"3D-CNN","cindex",0.6322089993662419
"Training cohort","IDHmut-intact",12,"3D-CNN","cindex",0.6816112084063047
"Training cohort","IDHmut-intact",13,"3D-CNN","cindex",0.62938126512271
"Training cohort","IDHmut-intact",14,"3D-CNN","cindex",0.687134291699776
"Training cohort","IDHmut-intact",15,"3D-CNN","cindex",0.6688667992047714
"Training cohort","IDHmut-intact",16,"3D-CNN","cindex",0.6735537190082644
"Training cohort","IDHmut-intact",17,"3D-CNN","cindex",0.6240693892302132
"Training cohort","IDHmut-intact",18,"3D-CNN","cindex",0.6131268933019185
"Training cohort","IDHmut-intact",19,"3D-CNN","cindex",0.6207562971075179
"Training cohort","IDHmut-intact",20,"3D-CNN","cindex",0.7214822162391952
"Training cohort","IDHmut-intact",21,"3D-CNN","cindex",0.6721265963353693
"Training cohort","IDHmut-intact",22,"3D-CNN","cindex",0.596544564733798
"Training cohort","IDHmut-intact",23,"3D-CNN","cindex",0.6577434067023598
"Training cohort","IDHmut-intact",24,"3D-CNN","cindex",0.6550715945723068
"Training cohort","IDHmut-intact",25,"3D-CNN","cindex",0.624670318523027
"Training cohort","IDHmut-intact",26,"3D-CNN","cindex",0.6722774432271639
"Training cohort","IDHmut-intact",27,"3D-CNN","cindex",0.6043269546919182
"Training cohort","IDHmut-intact",28,"3D-CNN","cindex",0.6677910147839816
"Training cohort","IDHmut-intact",29,"3D-CNN","cindex",0.6593413634033829
"Training cohort","IDHmut-intact",30,"3D-CNN","cindex",0.6649324429259202
"Training cohort","IDHmut-intact",31,"3D-CNN","cindex",0.6467372257657531
"Training cohort","IDHmut-intact",32,"3D-CNN","cindex",0.6936263736263737
"Training cohort","IDHmut-intact",33,"3D-CNN","cindex",0.5852079728257387
"Training cohort","IDHmut-intact",34,"3D-CNN","cindex",0.6233675224565204
"Training cohort","IDHmut-intact",35,"3D-CNN","cindex",0.6500931365525147
"Training cohort","IDHmut-intact",36,"3D-CNN","cindex",0.6434043105686835
"Training cohort","IDHmut-intact",37,"3D-CNN","cindex",0.6831828948210742
"Training cohort","IDHmut-intact",38,"3D-CNN","cindex",0.6584837991590403
"Training cohort","IDHmut-intact",39,"3D-CNN","cindex",0.6615553874716358
"Training cohort","IDHmut-intact",40,"3D-CNN","cindex",0.6242584472530307
"Training cohort","IDHmut-intact",41,"3D-CNN","cindex",0.6650745829965464
"Training cohort","IDHmut-intact",42,"3D-CNN","cindex",0.6550713795898011
"Training cohort","IDHmut-intact",43,"3D-CNN","cindex",0.6613632024438363
"Training cohort","IDHmut-intact",44,"3D-CNN","cindex",0.6478382581648523
"Training cohort","IDHmut-intact",45,"3D-CNN","cindex",0.6204788213627992
"Training cohort","IDHmut-intact",46,"3D-CNN","cindex",0.6766507828454731
"Training cohort","IDHmut-intact",47,"3D-CNN","cindex",0.6832148128270495
"Training cohort","IDHmut-intact",48,"3D-CNN","cindex",0.6366202731092436
"Training cohort","IDHmut-intact",49,"3D-CNN","cindex",0.6700753126511435
"Training cohort","IDHmut-intact",50,"3D-CNN","cindex",0.6989190264606406
"Training cohort","IDHmut-intact",51,"3D-CNN","cindex",0.604344257119404
"Training cohort","IDHmut-intact",52,"3D-CNN","cindex",0.6320413436692507
"Training cohort","IDHmut-intact",53,"3D-CNN","cindex",0.6970511140235911
"Training cohort","IDHmut-intact",54,"3D-CNN","cindex",0.6486702127659575
"Training cohort","IDHmut-intact",55,"3D-CNN","cindex",0.6855517220507233
"Training cohort","IDHmut-intact",56,"3D-CNN","cindex",0.6330268981954376
"Training cohort","IDHmut-intact",57,"3D-CNN","cindex",0.7072589382448538
"Training cohort","IDHmut-intact",58,"3D-CNN","cindex",0.6182323675738952
"Training cohort","IDHmut-intact",59,"3D-CNN","cindex",0.6178843896713615
"Training cohort","IDHmut-intact",60,"3D-CNN","cindex",0.6066760753512916
"Training cohort","IDHmut-intact",61,"3D-CNN","cindex",0.7147660409078174
"Training cohort","IDHmut-intact",62,"3D-CNN","cindex",0.6735739750445633
"Training cohort","IDHmut-intact",63,"3D-CNN","cindex",0.5775329048056321
"Training cohort","IDHmut-intact",64,"3D-CNN","cindex",0.620767960363336
"Training cohort","IDHmut-intact",65,"3D-CNN","cindex",0.6725104181635293
"Training cohort","IDHmut-intact",66,"3D-CNN","cindex",0.6283207116239933
"Training cohort","IDHmut-intact",67,"3D-CNN","cindex",0.6228306317658514
"Training cohort","IDHmut-intact",68,"3D-CNN","cindex",0.6206974467123597
"Training cohort","IDHmut-intact",69,"3D-CNN","cindex",0.6573510016956603
"Training cohort","IDHmut-intact",70,"3D-CNN","cindex",0.6878531073446328
"Training cohort","IDHmut-intact",71,"3D-CNN","cindex",0.6526482714874723
"Training cohort","IDHmut-intact",72,"3D-CNN","cindex",0.6495220755575786
"Training cohort","IDHmut-intact",73,"3D-CNN","cindex",0.6410115448048378
"Training cohort","IDHmut-intact",74,"3D-CNN","cindex",0.6475674191998902
"Training cohort","IDHmut-intact",75,"3D-CNN","cindex",0.639926901506081
"Training cohort","IDHmut-intact",76,"3D-CNN","cindex",0.613169897377423
"Training cohort","IDHmut-intact",77,"3D-CNN","cindex",0.6846938086557288
"Training cohort","IDHmut-intact",78,"3D-CNN","cindex",0.6409185803757829
"Training cohort","IDHmut-intact",79,"3D-CNN","cindex",0.6539567905012547
"Training cohort","IDHmut-intact",80,"3D-CNN","cindex",0.6786390740091196
"Training cohort","IDHmut-intact",81,"3D-CNN","cindex",0.7295308857808858
"Training cohort","IDHmut-intact",82,"3D-CNN","cindex",0.6107283464566929
"Training cohort","IDHmut-intact",83,"3D-CNN","cindex",0.6437624064742709
"Training cohort","IDHmut-intact",84,"3D-CNN","cindex",0.6384001130662145
"Training cohort","IDHmut-intact",85,"3D-CNN","cindex",0.6776532630191167
"Training cohort","IDHmut-intact",86,"3D-CNN","cindex",0.5769120184013801
"Training cohort","IDHmut-intact",87,"3D-CNN","cindex",0.6366661736429522
"Training cohort","IDHmut-intact",88,"3D-CNN","cindex",0.6714214034836212
"Training cohort","IDHmut-intact",89,"3D-CNN","cindex",0.6014098536510613
"Training cohort","IDHmut-intact",90,"3D-CNN","cindex",0.6492379658970877
"Training cohort","IDHmut-intact",91,"3D-CNN","cindex",0.6155175990595394
"Training cohort","IDHmut-intact",92,"3D-CNN","cindex",0.6913348620665694
"Training cohort","IDHmut-intact",93,"3D-CNN","cindex",0.6068419066784052
"Training cohort","IDHmut-intact",94,"3D-CNN","cindex",0.6622900559850706
"Training cohort","IDHmut-intact",95,"3D-CNN","cindex",0.6555700459880568
"Training cohort","IDHmut-intact",96,"3D-CNN","cindex",0.617124291265847
"Training cohort","IDHmut-intact",97,"3D-CNN","cindex",0.6916500249625561
"Training cohort","IDHmut-intact",98,"3D-CNN","cindex",0.6446835443037975
"Training cohort","IDHmut-intact",99,"3D-CNN","cindex",0.7105729877216916
"Training cohort","IDHmut-intact",100,"3D-CNN","cindex",0.6195426195426196
"Training cohort","IDHmut-intact",1,"Clinicoradiologic","cindex",0.6859624846248462
"Training cohort","IDHmut-intact",2,"Clinicoradiologic","cindex",0.61420911528150135
"Training cohort","IDHmut-intact",3,"Clinicoradiologic","cindex",0.6393609789259007
"Training cohort","IDHmut-intact",4,"Clinicoradiologic","cindex",0.6896741594869469
"Training cohort","IDHmut-intact",5,"Clinicoradiologic","cindex",0.6277697115081119
"Training cohort","IDHmut-intact",6,"Clinicoradiologic","cindex",0.6576106132241902
"Training cohort","IDHmut-intact",7,"Clinicoradiologic","cindex",0.6746505676225474
"Training cohort","IDHmut-intact",8,"Clinicoradiologic","cindex",0.7060038556871385
"Training cohort","IDHmut-intact",9,"Clinicoradiologic","cindex",0.626986301369863
"Training cohort","IDHmut-intact",10,"Clinicoradiologic","cindex",0.6539180349753038
"Training cohort","IDHmut-intact",11,"Clinicoradiologic","cindex",0.6658686008027603
"Training cohort","IDHmut-intact",12,"Clinicoradiologic","cindex",0.6651488616462347
"Training cohort","IDHmut-intact",13,"Clinicoradiologic","cindex",0.6671966816453508
"Training cohort","IDHmut-intact",14,"Clinicoradiologic","cindex",0.6553131546630065
"Training cohort","IDHmut-intact",15,"Clinicoradiologic","cindex",0.6480715705765407
"Training cohort","IDHmut-intact",16,"Clinicoradiologic","cindex",0.6520119225037257
"Training cohort","IDHmut-intact",17,"Clinicoradiologic","cindex",0.6402602096132997
"Training cohort","IDHmut-intact",18,"Clinicoradiologic","cindex",0.6538875799394144
"Training cohort","IDHmut-intact",19,"Clinicoradiologic","cindex",0.6188236809894995
"Training cohort","IDHmut-intact",20,"Clinicoradiologic","cindex",0.6998016154173161
"Training cohort","IDHmut-intact",21,"Clinicoradiologic","cindex",0.6166018878400888
"Training cohort","IDHmut-intact",22,"Clinicoradiologic","cindex",0.6652825152009492
"Training cohort","IDHmut-intact",23,"Clinicoradiologic","cindex",0.6273382246017583
"Training cohort","IDHmut-intact",24,"Clinicoradiologic","cindex",0.7096858834995127
"Training cohort","IDHmut-intact",25,"Clinicoradiologic","cindex",0.6750524109014675
"Training cohort","IDHmut-intact",26,"Clinicoradiologic","cindex",0.6953493433940361
"Training cohort","IDHmut-intact",27,"Clinicoradiologic","cindex",0.6427303215624384
"Training cohort","IDHmut-intact",28,"Clinicoradiologic","cindex",0.6205683938567532
"Training cohort","IDHmut-intact",29,"Clinicoradiologic","cindex",0.6340978985135828
"Training cohort","IDHmut-intact",30,"Clinicoradiologic","cindex",0.6852383910545116
"Training cohort","IDHmut-intact",31,"Clinicoradiologic","cindex",0.6126726011074508
"Training cohort","IDHmut-intact",32,"Clinicoradiologic","cindex",0.63010989010989
"Training cohort","IDHmut-intact",33,"Clinicoradiologic","cindex",0.6769211049157213
"Training cohort","IDHmut-intact",34,"Clinicoradiologic","cindex",0.6183028604191884
"Training cohort","IDHmut-intact",35,"Clinicoradiologic","cindex",0.6817953861584755
"Training cohort","IDHmut-intact",36,"Clinicoradiologic","cindex",0.6872240976369774
"Training cohort","IDHmut-intact",37,"Clinicoradiologic","cindex",0.7303629729210678
"Training cohort","IDHmut-intact",38,"Clinicoradiologic","cindex",0.6950902794954241
"Training cohort","IDHmut-intact",39,"Clinicoradiologic","cindex",0.5913497902771092
"Training cohort","IDHmut-intact",40,"Clinicoradiologic","cindex",0.6212922362651534
"Training cohort","IDHmut-intact",41,"Clinicoradiologic","cindex",0.6095231097068117
"Training cohort","IDHmut-intact",42,"Clinicoradiologic","cindex",0.6741474970388379
"Training cohort","IDHmut-intact",43,"Clinicoradiologic","cindex",0.6568128301406478
"Training cohort","IDHmut-intact",44,"Clinicoradiologic","cindex",0.6228926905132193
"Training cohort","IDHmut-intact",45,"Clinicoradiologic","cindex",0.6171270718232045
"Training cohort","IDHmut-intact",46,"Clinicoradiologic","cindex",0.626072157930565
"Training cohort","IDHmut-intact",47,"Clinicoradiologic","cindex",0.6469877901516168
"Training cohort","IDHmut-intact",48,"Clinicoradiologic","cindex",0.6538865546218487
"Training cohort","IDHmut-intact",49,"Clinicoradiologic","cindex",0.6900089822427969
"Training cohort","IDHmut-intact",50,"Clinicoradiologic","cindex",0.6952384110352146
"Training cohort","IDHmut-intact",51,"Clinicoradiologic","cindex",0.6538485824335417
"Training cohort","IDHmut-intact",52,"Clinicoradiologic","cindex",0.6736803248431156
"Training cohort","IDHmut-intact",53,"Clinicoradiologic","cindex",0.6647444298820446
"Training cohort","IDHmut-intact",54,"Clinicoradiologic","cindex",0.5975398936170213
"Training cohort","IDHmut-intact",55,"Clinicoradiologic","cindex",0.655347739240966
"Training cohort","IDHmut-intact",56,"Clinicoradiologic","cindex",0.6010554988083078
"Training cohort","IDHmut-intact",57,"Clinicoradiologic","cindex",0.6719032141567353
"Training cohort","IDHmut-intact",58,"Clinicoradiologic","cindex",0.6849575651155985
"Training cohort","IDHmut-intact",59,"Clinicoradiologic","cindex",0.6396713615023474
"Training cohort","IDHmut-intact",60,"Clinicoradiologic","cindex",0.6195312020617292
"Training cohort","IDHmut-intact",61,"Clinicoradiologic","cindex",0.613617259736621
"Training cohort","IDHmut-intact",62,"Clinicoradiologic","cindex",0.6874628639334521
"Training cohort","IDHmut-intact",63,"Clinicoradiologic","cindex",0.604897459442914
"Training cohort","IDHmut-intact",64,"Clinicoradiologic","cindex",0.6440613817781448
"Training cohort","IDHmut-intact",65,"Clinicoradiologic","cindex",0.6689897973846817
"Training cohort","IDHmut-intact",66,"Clinicoradiologic","cindex",0.6765236206274793
"Training cohort","IDHmut-intact",67,"Clinicoradiologic","cindex",0.6601179907211181
"Training cohort","IDHmut-intact",68,"Clinicoradiologic","cindex",0.6158017624463358
"Training cohort","IDHmut-intact",69,"Clinicoradiologic","cindex",0.6495007222257112
"Training cohort","IDHmut-intact",70,"Clinicoradiologic","cindex",0.6537429378531073
"Training cohort","IDHmut-intact",71,"Clinicoradiologic","cindex",0.6784015223596574
"Training cohort","IDHmut-intact",72,"Clinicoradiologic","cindex",0.6340464269458352
"Training cohort","IDHmut-intact",73,"Clinicoradiologic","cindex",0.6156007574369311
"Training cohort","IDHmut-intact",74,"Clinicoradiologic","cindex",0.7028751801276333
"Training cohort","IDHmut-intact",75,"Clinicoradiologic","cindex",0.6497573886193206
"Training cohort","IDHmut-intact",76,"Clinicoradiologic","cindex",0.6277080957810719
"Training cohort","IDHmut-intact",77,"Clinicoradiologic","cindex",0.6707177098102761
"Training cohort","IDHmut-intact",78,"Clinicoradiologic","cindex",0.6566121949463681
"Training cohort","IDHmut-intact",79,"Clinicoradiologic","cindex",0.6720117510251545
"Training cohort","IDHmut-intact",80,"Clinicoradiologic","cindex",0.6547527183444406
"Training cohort","IDHmut-intact",81,"Clinicoradiologic","cindex",0.6641535547785548
"Training cohort","IDHmut-intact",82,"Clinicoradiologic","cindex",0.6654949381327334
"Training cohort","IDHmut-intact",83,"Clinicoradiologic","cindex",0.6212780577187357
"Training cohort","IDHmut-intact",84,"Clinicoradiologic","cindex",0.6087908981697406
"Training cohort","IDHmut-intact",85,"Clinicoradiologic","cindex",0.6244561634805537
"Training cohort","IDHmut-intact",86,"Clinicoradiologic","cindex",0.6619824611845888
"Training cohort","IDHmut-intact",87,"Clinicoradiologic","cindex",0.630528028398166
"Training cohort","IDHmut-intact",88,"Clinicoradiologic","cindex",0.6349365636871909
"Training cohort","IDHmut-intact",89,"Clinicoradiologic","cindex",0.6557351927055398
"Training cohort","IDHmut-intact",90,"Clinicoradiologic","cindex",0.6685528896936774
"Training cohort","IDHmut-intact",91,"Clinicoradiologic","cindex",0.666136505082636
"Training cohort","IDHmut-intact",92,"Clinicoradiologic","cindex",0.6797303870474602
"Training cohort","IDHmut-intact",93,"Clinicoradiologic","cindex",0.648157464469878
"Training cohort","IDHmut-intact",94,"Clinicoradiologic","cindex",0.6512929885363903
"Training cohort","IDHmut-intact",95,"Clinicoradiologic","cindex",0.6305854897384858
"Training cohort","IDHmut-intact",96,"Clinicoradiologic","cindex",0.6124737210932025
"Training cohort","IDHmut-intact",97,"Clinicoradiologic","cindex",0.6653145282076884
"Training cohort","IDHmut-intact",98,"Clinicoradiologic","cindex",0.6293670886075949
"Training cohort","IDHmut-intact",99,"Clinicoradiologic","cindex",0.6167803547066848
"Training cohort","IDHmut-intact",100,"Clinicoradiologic","cindex",0.6528737173898465
"Training cohort","IDHmut-intact",1,"3D-ViT","cindex",0.7303582410824108
"Training cohort","IDHmut-intact",2,"3D-ViT","cindex",0.6913203753351207
"Training cohort","IDHmut-intact",3,"3D-ViT","cindex",0.7167233174711081
"Training cohort","IDHmut-intact",4,"3D-ViT","cindex",0.6375915009393016
"Training cohort","IDHmut-intact",5,"3D-ViT","cindex",0.6421627422511205
"Training cohort","IDHmut-intact",6,"3D-ViT","cindex",0.6878131395102675
"Training cohort","IDHmut-intact",7,"3D-ViT","cindex",0.6541111621497473
"Training cohort","IDHmut-intact",8,"3D-ViT","cindex",0.7003236023134123
"Training cohort","IDHmut-intact",9,"3D-ViT","cindex",0.6872945205479453
"Training cohort","IDHmut-intact",10,"3D-ViT","cindex",0.6752102523027633
"Training cohort","IDHmut-intact",11,"3D-ViT","cindex",0.6651996338286036
"Training cohort","IDHmut-intact",12,"3D-ViT","cindex",0.7362521891418564
"Training cohort","IDHmut-intact",13,"3D-ViT","cindex",0.6812996889042516
"Training cohort","IDHmut-intact",14,"3D-ViT","cindex",0.7102867875460521
"Training cohort","IDHmut-intact",15,"3D-ViT","cindex",0.6931212723658051
"Training cohort","IDHmut-intact",16,"3D-ViT","cindex",0.6880842704240617
"Training cohort","IDHmut-intact",17,"3D-ViT","cindex",0.6745934224792194
"Training cohort","IDHmut-intact",18,"3D-ViT","cindex",0.6543924604510266
"Training cohort","IDHmut-intact",19,"3D-ViT","cindex",0.6564130644849578
"Training cohort","IDHmut-intact",20,"3D-ViT","cindex",0.7238557460677342
"Training cohort","IDHmut-intact",21,"3D-ViT","cindex",0.7065866185452526
"Training cohort","IDHmut-intact",22,"3D-ViT","cindex",0.6258341984279994
"Training cohort","IDHmut-intact",23,"3D-ViT","cindex",0.6713265913146936
"Training cohort","IDHmut-intact",24,"3D-ViT","cindex",0.6628307969113127
"Training cohort","IDHmut-intact",25,"3D-ViT","cindex",0.6548319469804558
"Training cohort","IDHmut-intact",26,"3D-ViT","cindex",0.6754335050424436
"Training cohort","IDHmut-intact",27,"3D-ViT","cindex",0.6413164989807325
"Training cohort","IDHmut-intact",28,"3D-ViT","cindex",0.674214152432898
"Training cohort","IDHmut-intact",29,"3D-ViT","cindex",0.6578357252690927
"Training cohort","IDHmut-intact",30,"3D-ViT","cindex",0.6547600559093028
"Training cohort","IDHmut-intact",31,"3D-ViT","cindex",0.690159108432046
"Training cohort","IDHmut-intact",32,"3D-ViT","cindex",0.6963736263736264
"Training cohort","IDHmut-intact",33,"3D-ViT","cindex",0.6380824200474268
"Training cohort","IDHmut-intact",34,"3D-ViT","cindex",0.652863604510416
"Training cohort","IDHmut-intact",35,"3D-ViT","cindex",0.6867746095429145
"Training cohort","IDHmut-intact",36,"3D-ViT","cindex",0.6372695403791223
"Training cohort","IDHmut-intact",37,"3D-ViT","cindex",0.6918571154215479
"Training cohort","IDHmut-intact",38,"3D-ViT","cindex",0.6843309423695276
"Training cohort","IDHmut-intact",39,"3D-ViT","cindex",0.6664030805198378
"Training cohort","IDHmut-intact",40,"3D-ViT","cindex",0.6621421201960278
"Training cohort","IDHmut-intact",41,"3D-ViT","cindex",0.6722022191197002
"Training cohort","IDHmut-intact",42,"3D-ViT","cindex",0.6874571410759928
"Training cohort","IDHmut-intact",43,"3D-ViT","cindex",0.7173359638515878
"Training cohort","IDHmut-intact",44,"3D-ViT","cindex",0.6954276827371695
"Training cohort","IDHmut-intact",45,"3D-ViT","cindex",0.6582688766114181
"Training cohort","IDHmut-intact",46,"3D-ViT","cindex",0.7340367597004765
"Training cohort","IDHmut-intact",47,"3D-ViT","cindex",0.6921038507983363
"Training cohort","IDHmut-intact",48,"3D-ViT","cindex",0.6398043592436975
"Training cohort","IDHmut-intact",49,"3D-ViT","cindex",0.7214122849443791
"Training cohort","IDHmut-intact",50,"3D-ViT","cindex",0.7150673121559785
"Training cohort","IDHmut-intact",51,"3D-ViT","cindex",0.644945381069647
"Training cohort","IDHmut-intact",52,"3D-ViT","cindex",0.6682539682539683
"Training cohort","IDHmut-intact",53,"3D-ViT","cindex",0.714121887287025
"Training cohort","IDHmut-intact",54,"3D-ViT","cindex",0.6842420212765957
"Training cohort","IDHmut-intact",55,"3D-ViT","cindex",0.7210217299194964
"Training cohort","IDHmut-intact",56,"3D-ViT","cindex",0.6548178413346952
"Training cohort","IDHmut-intact",57,"3D-ViT","cindex",0.7064644275911882
"Training cohort","IDHmut-intact",58,"3D-ViT","cindex",0.6639596136962247
"Training cohort","IDHmut-intact",59,"3D-ViT","cindex",0.6440360915492958
"Training cohort","IDHmut-intact",60,"3D-ViT","cindex",0.6320795238387433
"Training cohort","IDHmut-intact",61,"3D-ViT","cindex",0.7296161389745026
"Training cohort","IDHmut-intact",62,"3D-ViT","cindex",0.6895424836601307
"Training cohort","IDHmut-intact",63,"3D-ViT","cindex",0.6058157330884604
"Training cohort","IDHmut-intact",64,"3D-ViT","cindex",0.6643614093036059
"Training cohort","IDHmut-intact",65,"3D-ViT","cindex",0.6822100876562724
"Training cohort","IDHmut-intact",66,"3D-ViT","cindex",0.6555775934607525
"Training cohort","IDHmut-intact",67,"3D-ViT","cindex",0.6613208087519331
"Training cohort","IDHmut-intact",68,"3D-ViT","cindex",0.6559463734277322
"Training cohort","IDHmut-intact",69,"3D-ViT","cindex",0.6953463543302142
"Training cohort","IDHmut-intact",70,"3D-ViT","cindex",0.7172316384180791
"Training cohort","IDHmut-intact",71,"3D-ViT","cindex",0.6900095147478592
"Training cohort","IDHmut-intact",72,"3D-ViT","cindex",0.6974445672670525
"Training cohort","IDHmut-intact",73,"3D-ViT","cindex",0.653930731170973
"Training cohort","IDHmut-intact",74,"3D-ViT","cindex",0.677211281136348
"Training cohort","IDHmut-intact",75,"3D-ViT","cindex",0.6471737349549436
"Training cohort","IDHmut-intact",76,"3D-ViT","cindex",0.636153078677309
"Training cohort","IDHmut-intact",77,"3D-ViT","cindex",0.7042400918236446
"Training cohort","IDHmut-intact",78,"3D-ViT","cindex",0.6913109207400475
"Training cohort","IDHmut-intact",79,"3D-ViT","cindex",0.6801517840749127
"Training cohort","IDHmut-intact",80,"3D-ViT","cindex",0.6826727464047703
"Training cohort","IDHmut-intact",81,"3D-ViT","cindex",0.7359775641025641
"Training cohort","IDHmut-intact",82,"3D-ViT","cindex",0.6292182227221598
"Training cohort","IDHmut-intact",83,"3D-ViT","cindex",0.6889601465872652
"Training cohort","IDHmut-intact",84,"3D-ViT","cindex",0.6329234683061268
"Training cohort","IDHmut-intact",85,"3D-ViT","cindex",0.6958800263678313
"Training cohort","IDHmut-intact",86,"3D-ViT","cindex",0.6500503162737206
"Training cohort","IDHmut-intact",87,"3D-ViT","cindex",0.6898387812453779
"Training cohort","IDHmut-intact",88,"3D-ViT","cindex",0.6866174467780087
"Training cohort","IDHmut-intact",89,"3D-ViT","cindex",0.6247030878859857
"Training cohort","IDHmut-intact",90,"3D-ViT","cindex",0.6846989588048891
"Training cohort","IDHmut-intact",91,"3D-ViT","cindex",0.6287255376529977
"Training cohort","IDHmut-intact",92,"3D-ViT","cindex",0.7185046209436453
"Training cohort","IDHmut-intact",93,"3D-ViT","cindex",0.659791221230034
"Training cohort","IDHmut-intact",94,"3D-ViT","cindex",0.6864502799253532
"Training cohort","IDHmut-intact",95,"3D-ViT","cindex",0.6852220468117235
"Training cohort","IDHmut-intact",96,"3D-ViT","cindex",0.6432757851818819
"Training cohort","IDHmut-intact",97,"3D-ViT","cindex",0.734835247129306
"Training cohort","IDHmut-intact",98,"3D-ViT","cindex",0.6450949367088608
"Training cohort","IDHmut-intact",99,"3D-ViT","cindex",0.7162346521145976
"Training cohort","IDHmut-intact",100,"3D-ViT","cindex",0.6838575548252968
"Training cohort","IDHmut-intact",1,"CR-ViT","cindex",0.801660516605166
"Training cohort","IDHmut-intact",2,"CR-ViT","cindex",0.7443029490616622
"Training cohort","IDHmut-intact",3,"CR-ViT","cindex",0.7586675730795378
"Training cohort","IDHmut-intact",4,"CR-ViT","cindex",0.7193107469067824
"Training cohort","IDHmut-intact",5,"CR-ViT","cindex",0.6849946341771352
"Training cohort","IDHmut-intact",6,"CR-ViT","cindex",0.7469479923788018
"Training cohort","IDHmut-intact",7,"CR-ViT","cindex",0.7280661460725769
"Training cohort","IDHmut-intact",8,"CR-ViT","cindex",0.7658358578903883
"Training cohort","IDHmut-intact",9,"CR-ViT","cindex",0.7307534246575342
"Training cohort","IDHmut-intact",10,"CR-ViT","cindex",0.723801895608063
"Training cohort","IDHmut-intact",11,"CR-ViT","cindex",0.7232589254277868
"Training cohort","IDHmut-intact",12,"CR-ViT","cindex",0.7580385288966724
"Training cohort","IDHmut-intact",13,"CR-ViT","cindex",0.7523677843069478
"Training cohort","IDHmut-intact",14,"CR-ViT","cindex",0.7531604421007008
"Training cohort","IDHmut-intact",15,"CR-ViT","cindex",0.7366202783300199
"Training cohort","IDHmut-intact",16,"CR-ViT","cindex",0.7533532041728763
"Training cohort","IDHmut-intact",17,"CR-ViT","cindex",0.7264907842428623
"Training cohort","IDHmut-intact",18,"CR-ViT","cindex",0.7151800740491416
"Training cohort","IDHmut-intact",19,"CR-ViT","cindex",0.7038587901823101
"Training cohort","IDHmut-intact",20,"CR-ViT","cindex",0.7773841575740399
"Training cohort","IDHmut-intact",21,"CR-ViT","cindex",0.7552054414214325
"Training cohort","IDHmut-intact",22,"CR-ViT","cindex",0.6983538484354145
"Training cohort","IDHmut-intact",23,"CR-ViT","cindex",0.7223213695551589
"Training cohort","IDHmut-intact",24,"CR-ViT","cindex",0.7436089661893696
"Training cohort","IDHmut-intact",25,"CR-ViT","cindex",0.7450463244742003
"Training cohort","IDHmut-intact",26,"CR-ViT","cindex",0.7623884495392875
"Training cohort","IDHmut-intact",27,"CR-ViT","cindex",0.7169066877096074
"Training cohort","IDHmut-intact",28,"CR-ViT","cindex",0.724199799052677
"Training cohort","IDHmut-intact",29,"CR-ViT","cindex",0.7080343413634034
"Training cohort","IDHmut-intact",30,"CR-ViT","cindex",0.7381580990837087
"Training cohort","IDHmut-intact",31,"CR-ViT","cindex",0.7206840961659774
"Training cohort","IDHmut-intact",32,"CR-ViT","cindex",0.7366300366300367
"Training cohort","IDHmut-intact",33,"CR-ViT","cindex",0.7288341985515606
"Training cohort","IDHmut-intact",34,"CR-ViT","cindex",0.7034465184430145
"Training cohort","IDHmut-intact",35,"CR-ViT","cindex",0.7617853560682046
"Training cohort","IDHmut-intact",36,"CR-ViT","cindex",0.7246819008049857
"Training cohort","IDHmut-intact",37,"CR-ViT","cindex",0.7830484604058638
"Training cohort","IDHmut-intact",38,"CR-ViT","cindex",0.7430744496660895
"Training cohort","IDHmut-intact",39,"CR-ViT","cindex",0.698617891769236
"Training cohort","IDHmut-intact",40,"CR-ViT","cindex",0.6894506061387671
"Training cohort","IDHmut-intact",41,"CR-ViT","cindex",0.7153354397824969
"Training cohort","IDHmut-intact",42,"CR-ViT","cindex",0.7518857926563182
"Training cohort","IDHmut-intact",43,"CR-ViT","cindex",0.7658626614904855
"Training cohort","IDHmut-intact",44,"CR-ViT","cindex",0.7418351477449456
"Training cohort","IDHmut-intact",45,"CR-ViT","cindex",0.6992265193370166
"Training cohort","IDHmut-intact",46,"CR-ViT","cindex",0.776855003403676
"Training cohort","IDHmut-intact",47,"CR-ViT","cindex",0.7369515631289414
"Training cohort","IDHmut-intact",48,"CR-ViT","cindex",0.6964285714285714
"Training cohort","IDHmut-intact",49,"CR-ViT","cindex",0.7688108892420369
"Training cohort","IDHmut-intact",50,"CR-ViT","cindex",0.7944160753365608
"Training cohort","IDHmut-intact",51,"CR-ViT","cindex",0.7027846182989202
"Training cohort","IDHmut-intact",52,"CR-ViT","cindex",0.750609080841639
"Training cohort","IDHmut-intact",53,"CR-ViT","cindex",0.7685452162516383
"Training cohort","IDHmut-intact",54,"CR-ViT","cindex",0.7090425531914893
"Training cohort","IDHmut-intact",55,"CR-ViT","cindex",0.7662974396222989
"Training cohort","IDHmut-intact",56,"CR-ViT","cindex",0.6766768811712632
"Training cohort","IDHmut-intact",57,"CR-ViT","cindex",0.7526182737450343
"Training cohort","IDHmut-intact",58,"CR-ViT","cindex",0.731489610769681
"Training cohort","IDHmut-intact",59,"CR-ViT","cindex",0.6881602112676056
"Training cohort","IDHmut-intact",60,"CR-ViT","cindex",0.6875498558016813
"Training cohort","IDHmut-intact",61,"CR-ViT","cindex",0.7384421406556458
"Training cohort","IDHmut-intact",62,"CR-ViT","cindex",0.7465092097445039
"Training cohort","IDHmut-intact",63,"CR-ViT","cindex",0.6640955004591368
"Training cohort","IDHmut-intact",64,"CR-ViT","cindex",0.7161436829066887
"Training cohort","IDHmut-intact",65,"CR-ViT","cindex",0.7534128466733726
"Training cohort","IDHmut-intact",66,"CR-ViT","cindex",0.7119245101574708
"Training cohort","IDHmut-intact",67,"CR-ViT","cindex",0.7266739217595509
"Training cohort","IDHmut-intact",68,"CR-ViT","cindex",0.7012879415530617
"Training cohort","IDHmut-intact",69,"CR-ViT","cindex",0.7393079193619293
"Training cohort","IDHmut-intact",70,"CR-ViT","cindex",0.7425847457627118
"Training cohort","IDHmut-intact",71,"CR-ViT","cindex",0.7483032032984459
"Training cohort","IDHmut-intact",72,"CR-ViT","cindex",0.7257949151440276
"Training cohort","IDHmut-intact",73,"CR-ViT","cindex",0.6995907397226804
"Training cohort","IDHmut-intact",74,"CR-ViT","cindex",0.7593494819186166
"Training cohort","IDHmut-intact",75,"CR-ViT","cindex",0.7215325477345769
"Training cohort","IDHmut-intact",76,"CR-ViT","cindex",0.6862172177879133
"Training cohort","IDHmut-intact",77,"CR-ViT","cindex",0.7631490108702992
"Training cohort","IDHmut-intact",78,"CR-ViT","cindex",0.7436469656612195
"Training cohort","IDHmut-intact",79,"CR-ViT","cindex",0.7681620662219231
"Training cohort","IDHmut-intact",80,"CR-ViT","cindex",0.7351806383725009
"Training cohort","IDHmut-intact",81,"CR-ViT","cindex",0.7808857808857809
"Training cohort","IDHmut-intact",82,"CR-ViT","cindex",0.7099971878515186
"Training cohort","IDHmut-intact",83,"CR-ViT","cindex",0.7468315773400519
"Training cohort","IDHmut-intact",84,"CR-ViT","cindex",0.6930252278990884
"Training cohort","IDHmut-intact",85,"CR-ViT","cindex",0.7352669742913646
"Training cohort","IDHmut-intact",86,"CR-ViT","cindex",0.7229010925819437
"Training cohort","IDHmut-intact",87,"CR-ViT","cindex",0.7300695163437361
"Training cohort","IDHmut-intact",88,"CR-ViT","cindex",0.7240341194179629
"Training cohort","IDHmut-intact",89,"CR-ViT","cindex",0.6849283579802314
"Training cohort","IDHmut-intact",90,"CR-ViT","cindex",0.7473215633016448
"Training cohort","IDHmut-intact",91,"CR-ViT","cindex",0.7052762602862872
"Training cohort","IDHmut-intact",92,"CR-ViT","cindex",0.7917448405253283
"Training cohort","IDHmut-intact",93,"CR-ViT","cindex",0.7283360583574393
"Training cohort","IDHmut-intact",94,"CR-ViT","cindex",0.748533724340176
"Training cohort","IDHmut-intact",95,"CR-ViT","cindex",0.7548905209691812
"Training cohort","IDHmut-intact",96,"CR-ViT","cindex",0.6814040899534943
"Training cohort","IDHmut-intact",97,"CR-ViT","cindex",0.7689715426859711
"Training cohort","IDHmut-intact",98,"CR-ViT","cindex",0.6896835443037974
"Training cohort","IDHmut-intact",99,"CR-ViT","cindex",0.7441336971350614
"Training cohort","IDHmut-intact",100,"CR-ViT","cindex",0.7527999463483335
"Training cohort","IDHmut-intact",1,"3D-CNN","iauc",0.744252327637592
"Training cohort","IDHmut-intact",2,"3D-CNN","iauc",0.7250141851638348
"Training cohort","IDHmut-intact",3,"3D-CNN","iauc",0.7405018239190705
"Training cohort","IDHmut-intact",4,"3D-CNN","iauc",0.6303068419662523
"Training cohort","IDHmut-intact",5,"3D-CNN","iauc",0.6568748489199322
"Training cohort","IDHmut-intact",6,"3D-CNN","iauc",0.6964300182723291
"Training cohort","IDHmut-intact",7,"3D-CNN","iauc",0.6748064760138548
"Training cohort","IDHmut-intact",8,"3D-CNN","iauc",0.722278863157964
"Training cohort","IDHmut-intact",9,"3D-CNN","iauc",0.7046641485701677
"Training cohort","IDHmut-intact",10,"3D-CNN","iauc",0.6946138604462566
"Training cohort","IDHmut-intact",11,"3D-CNN","iauc",0.6750901056181605
"Training cohort","IDHmut-intact",12,"3D-CNN","iauc",0.7169048798591426
"Training cohort","IDHmut-intact",13,"3D-CNN","iauc",0.6816266515587844
"Training cohort","IDHmut-intact",14,"3D-CNN","iauc",0.7409091637215479
"Training cohort","IDHmut-intact",15,"3D-CNN","iauc",0.7093047348373713
"Training cohort","IDHmut-intact",16,"3D-CNN","iauc",0.7194408917562364
"Training cohort","IDHmut-intact",17,"3D-CNN","iauc",0.6449861534498014
"Training cohort","IDHmut-intact",18,"3D-CNN","iauc",0.6598737250721934
"Training cohort","IDHmut-intact",19,"3D-CNN","iauc",0.6547226092940822
"Training cohort","IDHmut-intact",20,"3D-CNN","iauc",0.7847029420380491
"Training cohort","IDHmut-intact",21,"3D-CNN","iauc",0.7026549871115605
"Training cohort","IDHmut-intact",22,"3D-CNN","iauc",0.6409522022505119
"Training cohort","IDHmut-intact",23,"3D-CNN","iauc",0.7108017771211291
"Training cohort","IDHmut-intact",24,"3D-CNN","iauc",0.6836488226649666
"Training cohort","IDHmut-intact",25,"3D-CNN","iauc",0.6748696284956803
"Training cohort","IDHmut-intact",26,"3D-CNN","iauc",0.7276040639631578
"Training cohort","IDHmut-intact",27,"3D-CNN","iauc",0.635890624930448
"Training cohort","IDHmut-intact",28,"3D-CNN","iauc",0.711354649821926
"Training cohort","IDHmut-intact",29,"3D-CNN","iauc",0.7334034051669829
"Training cohort","IDHmut-intact",30,"3D-CNN","iauc",0.7086449413472474
"Training cohort","IDHmut-intact",31,"3D-CNN","iauc",0.6898010521475543
"Training cohort","IDHmut-intact",32,"3D-CNN","iauc",0.7675468323888059
"Training cohort","IDHmut-intact",33,"3D-CNN","iauc",0.6288097092188407
"Training cohort","IDHmut-intact",34,"3D-CNN","iauc",0.6676270689672223
"Training cohort","IDHmut-intact",35,"3D-CNN","iauc",0.6896976339326752
"Training cohort","IDHmut-intact",36,"3D-CNN","iauc",0.6692885858924652
"Training cohort","IDHmut-intact",37,"3D-CNN","iauc",0.7325837097269766
"Training cohort","IDHmut-intact",38,"3D-CNN","iauc",0.6870492991016682
"Training cohort","IDHmut-intact",39,"3D-CNN","iauc",0.7075747626433883
"Training cohort","IDHmut-intact",40,"3D-CNN","iauc",0.6727619406659088
"Training cohort","IDHmut-intact",41,"3D-CNN","iauc",0.723964378205448
"Training cohort","IDHmut-intact",42,"3D-CNN","iauc",0.7010570853753169
"Training cohort","IDHmut-intact",43,"3D-CNN","iauc",0.7117864231649402
"Training cohort","IDHmut-intact",44,"3D-CNN","iauc",0.6970272776965504
"Training cohort","IDHmut-intact",45,"3D-CNN","iauc",0.6495969211942224
"Training cohort","IDHmut-intact",46,"3D-CNN","iauc",0.7274072951274337
"Training cohort","IDHmut-intact",47,"3D-CNN","iauc",0.7158074126840069
"Training cohort","IDHmut-intact",48,"3D-CNN","iauc",0.6781375590758629
"Training cohort","IDHmut-intact",49,"3D-CNN","iauc",0.7226733392852361
"Training cohort","IDHmut-intact",50,"3D-CNN","iauc",0.7577523980225106
"Training cohort","IDHmut-intact",51,"3D-CNN","iauc",0.6392763288076257
"Training cohort","IDHmut-intact",52,"3D-CNN","iauc",0.6491070221054649
"Training cohort","IDHmut-intact",53,"3D-CNN","iauc",0.7394660492077417
"Training cohort","IDHmut-intact",54,"3D-CNN","iauc",0.7027093664137882
"Training cohort","IDHmut-intact",55,"3D-CNN","iauc",0.734670958606592
"Training cohort","IDHmut-intact",56,"3D-CNN","iauc",0.6957351824963118
"Training cohort","IDHmut-intact",57,"3D-CNN","iauc",0.7430513148903997
"Training cohort","IDHmut-intact",58,"3D-CNN","iauc",0.6691347895059189
"Training cohort","IDHmut-intact",59,"3D-CNN","iauc",0.6530166020074344
"Training cohort","IDHmut-intact",60,"3D-CNN","iauc",0.6479229313107525
"Training cohort","IDHmut-intact",61,"3D-CNN","iauc",0.78393472090026
"Training cohort","IDHmut-intact",62,"3D-CNN","iauc",0.7329064417916523
"Training cohort","IDHmut-intact",63,"3D-CNN","iauc",0.6133373296661683
"Training cohort","IDHmut-intact",64,"3D-CNN","iauc",0.6548087257868042
"Training cohort","IDHmut-intact",65,"3D-CNN","iauc",0.7189185111061095
"Training cohort","IDHmut-intact",66,"3D-CNN","iauc",0.675352723573838
"Training cohort","IDHmut-intact",67,"3D-CNN","iauc",0.6766165688756999
"Training cohort","IDHmut-intact",68,"3D-CNN","iauc",0.6606011248489213
"Training cohort","IDHmut-intact",69,"3D-CNN","iauc",0.7142087587923888
"Training cohort","IDHmut-intact",70,"3D-CNN","iauc",0.7587647443235315
"Training cohort","IDHmut-intact",71,"3D-CNN","iauc",0.7084685144734296
"Training cohort","IDHmut-intact",72,"3D-CNN","iauc",0.6770905226739607
"Training cohort","IDHmut-intact",73,"3D-CNN","iauc",0.694776368159605
"Training cohort","IDHmut-intact",74,"3D-CNN","iauc",0.685344933199967
"Training cohort","IDHmut-intact",75,"3D-CNN","iauc",0.7116648092718706
"Training cohort","IDHmut-intact",76,"3D-CNN","iauc",0.6423392977729819
"Training cohort","IDHmut-intact",77,"3D-CNN","iauc",0.7471956889305742
"Training cohort","IDHmut-intact",78,"3D-CNN","iauc",0.6930829474172292
"Training cohort","IDHmut-intact",79,"3D-CNN","iauc",0.7045240585614231
"Training cohort","IDHmut-intact",80,"3D-CNN","iauc",0.7437116341864879
"Training cohort","IDHmut-intact",81,"3D-CNN","iauc",0.7853513212810459
"Training cohort","IDHmut-intact",82,"3D-CNN","iauc",0.6415651231862439
"Training cohort","IDHmut-intact",83,"3D-CNN","iauc",0.6965715140440999
"Training cohort","IDHmut-intact",84,"3D-CNN","iauc",0.6793807095878286
"Training cohort","IDHmut-intact",85,"3D-CNN","iauc",0.7304052834007443
"Training cohort","IDHmut-intact",86,"3D-CNN","iauc",0.6093165722620235
"Training cohort","IDHmut-intact",87,"3D-CNN","iauc",0.6866155476485704
"Training cohort","IDHmut-intact",88,"3D-CNN","iauc",0.6961743400547128
"Training cohort","IDHmut-intact",89,"3D-CNN","iauc",0.6290385744236253
"Training cohort","IDHmut-intact",90,"3D-CNN","iauc",0.7119103640108179
"Training cohort","IDHmut-intact",91,"3D-CNN","iauc",0.6460485385428457
"Training cohort","IDHmut-intact",92,"3D-CNN","iauc",0.7445914501512844
"Training cohort","IDHmut-intact",93,"3D-CNN","iauc",0.6568271085002549
"Training cohort","IDHmut-intact",94,"3D-CNN","iauc",0.7173601243429499
"Training cohort","IDHmut-intact",95,"3D-CNN","iauc",0.6958121454272113
"Training cohort","IDHmut-intact",96,"3D-CNN","iauc",0.6467814342926262
"Training cohort","IDHmut-intact",97,"3D-CNN","iauc",0.7440443538566884
"Training cohort","IDHmut-intact",98,"3D-CNN","iauc",0.7017370498025766
"Training cohort","IDHmut-intact",99,"3D-CNN","iauc",0.7716277092752855
"Training cohort","IDHmut-intact",100,"3D-CNN","iauc",0.684187902795737
"Training cohort","IDHmut-intact",1,"Clinicoradiologic","iauc",0.7250594653595571
"Training cohort","IDHmut-intact",2,"Clinicoradiologic","iauc",0.6316014006412942
"Training cohort","IDHmut-intact",3,"Clinicoradiologic","iauc",0.6776279721460733
"Training cohort","IDHmut-intact",4,"Clinicoradiologic","iauc",0.7437383230239683
"Training cohort","IDHmut-intact",5,"Clinicoradiologic","iauc",0.6445067604151765
"Training cohort","IDHmut-intact",6,"Clinicoradiologic","iauc",0.6767321713009267
"Training cohort","IDHmut-intact",7,"Clinicoradiologic","iauc",0.7166227014998273
"Training cohort","IDHmut-intact",8,"Clinicoradiologic","iauc",0.747483595102971
"Training cohort","IDHmut-intact",9,"Clinicoradiologic","iauc",0.6631586846805889
"Training cohort","IDHmut-intact",10,"Clinicoradiologic","iauc",0.6969452623086596
"Training cohort","IDHmut-intact",11,"Clinicoradiologic","iauc",0.7057112767185758
"Training cohort","IDHmut-intact",12,"Clinicoradiologic","iauc",0.6819919623294334
"Training cohort","IDHmut-intact",13,"Clinicoradiologic","iauc",0.7111957207458244
"Training cohort","IDHmut-intact",14,"Clinicoradiologic","iauc",0.6916061599643791
"Training cohort","IDHmut-intact",15,"Clinicoradiologic","iauc",0.6752897658756789
"Training cohort","IDHmut-intact",16,"Clinicoradiologic","iauc",0.6677166317138057
"Training cohort","IDHmut-intact",17,"Clinicoradiologic","iauc",0.6822870752794612
"Training cohort","IDHmut-intact",18,"Clinicoradiologic","iauc",0.6631121190583922
"Training cohort","IDHmut-intact",19,"Clinicoradiologic","iauc",0.6509850713253564
"Training cohort","IDHmut-intact",20,"Clinicoradiologic","iauc",0.7264171182203536
"Training cohort","IDHmut-intact",21,"Clinicoradiologic","iauc",0.6580471869454348
"Training cohort","IDHmut-intact",22,"Clinicoradiologic","iauc",0.6826222760022402
"Training cohort","IDHmut-intact",23,"Clinicoradiologic","iauc",0.661843843161995
"Training cohort","IDHmut-intact",24,"Clinicoradiologic","iauc",0.75067023984667125
"Training cohort","IDHmut-intact",25,"Clinicoradiologic","iauc",0.6983656363691906
"Training cohort","IDHmut-intact",26,"Clinicoradiologic","iauc",0.7347817313730112
"Training cohort","IDHmut-intact",27,"Clinicoradiologic","iauc",0.6669198569169151
"Training cohort","IDHmut-intact",28,"Clinicoradiologic","iauc",0.6177944911845997
"Training cohort","IDHmut-intact",29,"Clinicoradiologic","iauc",0.6625016844051761
"Training cohort","IDHmut-intact",30,"Clinicoradiologic","iauc",0.7218695090143789
"Training cohort","IDHmut-intact",31,"Clinicoradiologic","iauc",0.6343126734866789
"Training cohort","IDHmut-intact",32,"Clinicoradiologic","iauc",0.6729616154478103
"Training cohort","IDHmut-intact",33,"Clinicoradiologic","iauc",0.6976515923378632
"Training cohort","IDHmut-intact",34,"Clinicoradiologic","iauc",0.644499358645039
"Training cohort","IDHmut-intact",35,"Clinicoradiologic","iauc",0.7376600832191232
"Training cohort","IDHmut-intact",36,"Clinicoradiologic","iauc",0.751245595322228
"Training cohort","IDHmut-intact",37,"Clinicoradiologic","iauc",0.7681133748380825
"Training cohort","IDHmut-intact",38,"Clinicoradiologic","iauc",0.7348643654029582
"Training cohort","IDHmut-intact",39,"Clinicoradiologic","iauc",0.6144626765612493
"Training cohort","IDHmut-intact",40,"Clinicoradiologic","iauc",0.6399375973172947
"Training cohort","IDHmut-intact",41,"Clinicoradiologic","iauc",0.6524379069871329
"Training cohort","IDHmut-intact",42,"Clinicoradiologic","iauc",0.715811741287269
"Training cohort","IDHmut-intact",43,"Clinicoradiologic","iauc",0.6996326768005272
"Training cohort","IDHmut-intact",44,"Clinicoradiologic","iauc",0.6490886684316026
"Training cohort","IDHmut-intact",45,"Clinicoradiologic","iauc",0.6505762820039082
"Training cohort","IDHmut-intact",46,"Clinicoradiologic","iauc",0.6524896139316679
"Training cohort","IDHmut-intact",47,"Clinicoradiologic","iauc",0.6785428022686237
"Training cohort","IDHmut-intact",48,"Clinicoradiologic","iauc",0.6716250448719908
"Training cohort","IDHmut-intact",49,"Clinicoradiologic","iauc",0.7406564718838975
"Training cohort","IDHmut-intact",50,"Clinicoradiologic","iauc",0.7483832959021455
"Training cohort","IDHmut-intact",51,"Clinicoradiologic","iauc",0.6797440134075601
"Training cohort","IDHmut-intact",52,"Clinicoradiologic","iauc",0.7402044003058419
"Training cohort","IDHmut-intact",53,"Clinicoradiologic","iauc",0.7259216910728997
"Training cohort","IDHmut-intact",54,"Clinicoradiologic","iauc",0.6126448456624708
"Training cohort","IDHmut-intact",55,"Clinicoradiologic","iauc",0.6807212986455127
"Training cohort","IDHmut-intact",56,"Clinicoradiologic","iauc",0.6388242770114457
"Training cohort","IDHmut-intact",57,"Clinicoradiologic","iauc",0.6975905813386216
"Training cohort","IDHmut-intact",58,"Clinicoradiologic","iauc",0.7161079274083346
"Training cohort","IDHmut-intact",59,"Clinicoradiologic","iauc",0.6819111905179488
"Training cohort","IDHmut-intact",60,"Clinicoradiologic","iauc",0.6432647021109272
"Training cohort","IDHmut-intact",61,"Clinicoradiologic","iauc",0.6327871213102908
"Training cohort","IDHmut-intact",62,"Clinicoradiologic","iauc",0.7148834015758039
"Training cohort","IDHmut-intact",63,"Clinicoradiologic","iauc",0.6322523170598348
"Training cohort","IDHmut-intact",64,"Clinicoradiologic","iauc",0.6514462553399493
"Training cohort","IDHmut-intact",65,"Clinicoradiologic","iauc",0.7167034929699615
"Training cohort","IDHmut-intact",66,"Clinicoradiologic","iauc",0.7233880784976258
"Training cohort","IDHmut-intact",67,"Clinicoradiologic","iauc",0.6990734192004514
"Training cohort","IDHmut-intact",68,"Clinicoradiologic","iauc",0.6340242857985948
"Training cohort","IDHmut-intact",69,"Clinicoradiologic","iauc",0.6897612276403552
"Training cohort","IDHmut-intact",70,"Clinicoradiologic","iauc",0.6898868523024915
"Training cohort","IDHmut-intact",71,"Clinicoradiologic","iauc",0.7165606829626591
"Training cohort","IDHmut-intact",72,"Clinicoradiologic","iauc",0.6415347232909062
"Training cohort","IDHmut-intact",73,"Clinicoradiologic","iauc",0.6552810698072177
"Training cohort","IDHmut-intact",74,"Clinicoradiologic","iauc",0.7496861820050278
"Training cohort","IDHmut-intact",75,"Clinicoradiologic","iauc",0.7017386114296548
"Training cohort","IDHmut-intact",76,"Clinicoradiologic","iauc",0.6904283577670468
"Training cohort","IDHmut-intact",77,"Clinicoradiologic","iauc",0.7036819952176787
"Training cohort","IDHmut-intact",78,"Clinicoradiologic","iauc",0.6953929690077506
"Training cohort","IDHmut-intact",79,"Clinicoradiologic","iauc",0.7143419226893746
"Training cohort","IDHmut-intact",80,"Clinicoradiologic","iauc",0.6801519054330449
"Training cohort","IDHmut-intact",81,"Clinicoradiologic","iauc",0.7038943192216592
"Training cohort","IDHmut-intact",82,"Clinicoradiologic","iauc",0.7017462045093332
"Training cohort","IDHmut-intact",83,"Clinicoradiologic","iauc",0.6178082851896973
"Training cohort","IDHmut-intact",84,"Clinicoradiologic","iauc",0.6292567319579822
"Training cohort","IDHmut-intact",85,"Clinicoradiologic","iauc",0.6526538473715302
"Training cohort","IDHmut-intact",86,"Clinicoradiologic","iauc",0.6766087076242991
"Training cohort","IDHmut-intact",87,"Clinicoradiologic","iauc",0.6473310763838468
"Training cohort","IDHmut-intact",88,"Clinicoradiologic","iauc",0.6790430260007968
"Training cohort","IDHmut-intact",89,"Clinicoradiologic","iauc",0.7104163056041525
"Training cohort","IDHmut-intact",90,"Clinicoradiologic","iauc",0.69780024618565
"Training cohort","IDHmut-intact",91,"Clinicoradiologic","iauc",0.697477630225103
"Training cohort","IDHmut-intact",92,"Clinicoradiologic","iauc",0.7193873114790349
"Training cohort","IDHmut-intact",93,"Clinicoradiologic","iauc",0.6768992225197326
"Training cohort","IDHmut-intact",94,"Clinicoradiologic","iauc",0.6875610669560328
"Training cohort","IDHmut-intact",95,"Clinicoradiologic","iauc",0.6462318831074285
"Training cohort","IDHmut-intact",96,"Clinicoradiologic","iauc",0.6528495710671106
"Training cohort","IDHmut-intact",97,"Clinicoradiologic","iauc",0.6811319988716842
"Training cohort","IDHmut-intact",98,"Clinicoradiologic","iauc",0.6668538023307633
"Training cohort","IDHmut-intact",99,"Clinicoradiologic","iauc",0.6420835923975287
"Training cohort","IDHmut-intact",100,"Clinicoradiologic","iauc",0.6741054769101902
"Training cohort","IDHmut-intact",1,"3D-ViT","iauc",0.808591573191144
"Training cohort","IDHmut-intact",2,"3D-ViT","iauc",0.7645765796936402
"Training cohort","IDHmut-intact",3,"3D-ViT","iauc",0.7998435031463224
"Training cohort","IDHmut-intact",4,"3D-ViT","iauc",0.7148159593149865
"Training cohort","IDHmut-intact",5,"3D-ViT","iauc",0.6951375747504325
"Training cohort","IDHmut-intact",6,"3D-ViT","iauc",0.7478704390174158
"Training cohort","IDHmut-intact",7,"3D-ViT","iauc",0.7090642835813995
"Training cohort","IDHmut-intact",8,"3D-ViT","iauc",0.7541399522084371
"Training cohort","IDHmut-intact",9,"3D-ViT","iauc",0.7424514482360275
"Training cohort","IDHmut-intact",10,"3D-ViT","iauc",0.7334159724953037
"Training cohort","IDHmut-intact",11,"3D-ViT","iauc",0.729773096446762
"Training cohort","IDHmut-intact",12,"3D-ViT","iauc",0.7878174836435486
"Training cohort","IDHmut-intact",13,"3D-ViT","iauc",0.7467562263629323
"Training cohort","IDHmut-intact",14,"3D-ViT","iauc",0.770753359462212
"Training cohort","IDHmut-intact",15,"3D-ViT","iauc",0.7482977182276723
"Training cohort","IDHmut-intact",16,"3D-ViT","iauc",0.7394999924763173
"Training cohort","IDHmut-intact",17,"3D-ViT","iauc",0.7180962050405932
"Training cohort","IDHmut-intact",18,"3D-ViT","iauc",0.705218598538903
"Training cohort","IDHmut-intact",19,"3D-ViT","iauc",0.7075269713446348
"Training cohort","IDHmut-intact",20,"3D-ViT","iauc",0.7819915645297165
"Training cohort","IDHmut-intact",21,"3D-ViT","iauc",0.7471057486953188
"Training cohort","IDHmut-intact",22,"3D-ViT","iauc",0.6844919824731519
"Training cohort","IDHmut-intact",23,"3D-ViT","iauc",0.7568923339096831
"Training cohort","IDHmut-intact",24,"3D-ViT","iauc",0.7029527206661765
"Training cohort","IDHmut-intact",25,"3D-ViT","iauc",0.7119545948073882
"Training cohort","IDHmut-intact",26,"3D-ViT","iauc",0.7458304998337132
"Training cohort","IDHmut-intact",27,"3D-ViT","iauc",0.6842010836139661
"Training cohort","IDHmut-intact",28,"3D-ViT","iauc",0.7375467872163104
"Training cohort","IDHmut-intact",29,"3D-ViT","iauc",0.7335187530946309
"Training cohort","IDHmut-intact",30,"3D-ViT","iauc",0.7033052021647975
"Training cohort","IDHmut-intact",31,"3D-ViT","iauc",0.7509497182263802
"Training cohort","IDHmut-intact",32,"3D-ViT","iauc",0.7947412957203864
"Training cohort","IDHmut-intact",33,"3D-ViT","iauc",0.6908504923205905
"Training cohort","IDHmut-intact",34,"3D-ViT","iauc",0.7143260365321739
"Training cohort","IDHmut-intact",35,"3D-ViT","iauc",0.7483366818290833
"Training cohort","IDHmut-intact",36,"3D-ViT","iauc",0.6911883133250626
"Training cohort","IDHmut-intact",37,"3D-ViT","iauc",0.7544057697632783
"Training cohort","IDHmut-intact",38,"3D-ViT","iauc",0.7234817067655137
"Training cohort","IDHmut-intact",39,"3D-ViT","iauc",0.7291802204256298
"Training cohort","IDHmut-intact",40,"3D-ViT","iauc",0.7280183112669633
"Training cohort","IDHmut-intact",41,"3D-ViT","iauc",0.7440134164522872
"Training cohort","IDHmut-intact",42,"3D-ViT","iauc",0.7489398653030422
"Training cohort","IDHmut-intact",43,"3D-ViT","iauc",0.7886537812817563
"Training cohort","IDHmut-intact",44,"3D-ViT","iauc",0.7685670849532955
"Training cohort","IDHmut-intact",45,"3D-ViT","iauc",0.7246903911813191
"Training cohort","IDHmut-intact",46,"3D-ViT","iauc",0.7970677339764743
"Training cohort","IDHmut-intact",47,"3D-ViT","iauc",0.7414648110516046
"Training cohort","IDHmut-intact",48,"3D-ViT","iauc",0.6957288636334462
"Training cohort","IDHmut-intact",49,"3D-ViT","iauc",0.7965908964721635
"Training cohort","IDHmut-intact",50,"3D-ViT","iauc",0.7866390405358267
"Training cohort","IDHmut-intact",51,"3D-ViT","iauc",0.688660590735812
"Training cohort","IDHmut-intact",52,"3D-ViT","iauc",0.712779814596106
"Training cohort","IDHmut-intact",53,"3D-ViT","iauc",0.7675606603700555
"Training cohort","IDHmut-intact",54,"3D-ViT","iauc",0.7553727095305548
"Training cohort","IDHmut-intact",55,"3D-ViT","iauc",0.7809077660416103
"Training cohort","IDHmut-intact",56,"3D-ViT","iauc",0.7306052666757209
"Training cohort","IDHmut-intact",57,"3D-ViT","iauc",0.7589819724587614
"Training cohort","IDHmut-intact",58,"3D-ViT","iauc",0.7268495792735614
"Training cohort","IDHmut-intact",59,"3D-ViT","iauc",0.7054528798578124
"Training cohort","IDHmut-intact",60,"3D-ViT","iauc",0.6829263002426195
"Training cohort","IDHmut-intact",61,"3D-ViT","iauc",0.8046375510458539
"Training cohort","IDHmut-intact",62,"3D-ViT","iauc",0.7659238985073322
"Training cohort","IDHmut-intact",63,"3D-ViT","iauc",0.6564070412478707
"Training cohort","IDHmut-intact",64,"3D-ViT","iauc",0.721148614997187
"Training cohort","IDHmut-intact",65,"3D-ViT","iauc",0.7440946170778361
"Training cohort","IDHmut-intact",66,"3D-ViT","iauc",0.7105866268196847
"Training cohort","IDHmut-intact",67,"3D-ViT","iauc",0.7327810654408168
"Training cohort","IDHmut-intact",68,"3D-ViT","iauc",0.7140075783426475
"Training cohort","IDHmut-intact",69,"3D-ViT","iauc",0.7690374809276539
"Training cohort","IDHmut-intact",70,"3D-ViT","iauc",0.7868623945131163
"Training cohort","IDHmut-intact",71,"3D-ViT","iauc",0.756576608076599
"Training cohort","IDHmut-intact",72,"3D-ViT","iauc",0.7307636876523117
"Training cohort","IDHmut-intact",73,"3D-ViT","iauc",0.725874327550354
"Training cohort","IDHmut-intact",74,"3D-ViT","iauc",0.7384013811787834
"Training cohort","IDHmut-intact",75,"3D-ViT","iauc",0.7284676997767214
"Training cohort","IDHmut-intact",76,"3D-ViT","iauc",0.6830345456008544
"Training cohort","IDHmut-intact",77,"3D-ViT","iauc",0.7817558528466364
"Training cohort","IDHmut-intact",78,"3D-ViT","iauc",0.7697060265789278
"Training cohort","IDHmut-intact",79,"3D-ViT","iauc",0.7496140169136555
"Training cohort","IDHmut-intact",80,"3D-ViT","iauc",0.7591647352010626
"Training cohort","IDHmut-intact",81,"3D-ViT","iauc",0.7893470225987959
"Training cohort","IDHmut-intact",82,"3D-ViT","iauc",0.6791021463519079
"Training cohort","IDHmut-intact",83,"3D-ViT","iauc",0.7543514169285039
"Training cohort","IDHmut-intact",84,"3D-ViT","iauc",0.6863414245399391
"Training cohort","IDHmut-intact",85,"3D-ViT","iauc",0.761634280229305
"Training cohort","IDHmut-intact",86,"3D-ViT","iauc",0.708584098213381
"Training cohort","IDHmut-intact",87,"3D-ViT","iauc",0.7571460350748023
"Training cohort","IDHmut-intact",88,"3D-ViT","iauc",0.7237904955820504
"Training cohort","IDHmut-intact",89,"3D-ViT","iauc",0.6758770819719329
"Training cohort","IDHmut-intact",90,"3D-ViT","iauc",0.7520768484581609
"Training cohort","IDHmut-intact",91,"3D-ViT","iauc",0.6683641499537644
"Training cohort","IDHmut-intact",92,"3D-ViT","iauc",0.7826628040218289
"Training cohort","IDHmut-intact",93,"3D-ViT","iauc",0.7275233950970248
"Training cohort","IDHmut-intact",94,"3D-ViT","iauc",0.7562408643791677
"Training cohort","IDHmut-intact",95,"3D-ViT","iauc",0.7347583876272684
"Training cohort","IDHmut-intact",96,"3D-ViT","iauc",0.6874103864577626
"Training cohort","IDHmut-intact",97,"3D-ViT","iauc",0.8072741718875931
"Training cohort","IDHmut-intact",98,"3D-ViT","iauc",0.7137838521048601
"Training cohort","IDHmut-intact",99,"3D-ViT","iauc",0.7935952573355138
"Training cohort","IDHmut-intact",100,"3D-ViT","iauc",0.7611846449520087
"Training cohort","IDHmut-intact",1,"CR-ViT","iauc",0.8709242868930009
"Training cohort","IDHmut-intact",2,"CR-ViT","iauc",0.8156924783099032
"Training cohort","IDHmut-intact",3,"CR-ViT","iauc",0.8447113547521838
"Training cohort","IDHmut-intact",4,"CR-ViT","iauc",0.8000586680121237
"Training cohort","IDHmut-intact",5,"CR-ViT","iauc",0.7245880830568031
"Training cohort","IDHmut-intact",6,"CR-ViT","iauc",0.7958823332404485
"Training cohort","IDHmut-intact",7,"CR-ViT","iauc",0.7848573095509794
"Training cohort","IDHmut-intact",8,"CR-ViT","iauc",0.8182429634494507
"Training cohort","IDHmut-intact",9,"CR-ViT","iauc",0.7743698501628765
"Training cohort","IDHmut-intact",10,"CR-ViT","iauc",0.7788119673150314
"Training cohort","IDHmut-intact",11,"CR-ViT","iauc",0.7962532794708284
"Training cohort","IDHmut-intact",12,"CR-ViT","iauc",0.8048311792708324
"Training cohort","IDHmut-intact",13,"CR-ViT","iauc",0.8175634947659752
"Training cohort","IDHmut-intact",14,"CR-ViT","iauc",0.8149339160801016
"Training cohort","IDHmut-intact",15,"CR-ViT","iauc",0.7833806210312709
"Training cohort","IDHmut-intact",16,"CR-ViT","iauc",0.7904326977658046
"Training cohort","IDHmut-intact",17,"CR-ViT","iauc",0.7780497588247747
"Training cohort","IDHmut-intact",18,"CR-ViT","iauc",0.7521138432660706
"Training cohort","IDHmut-intact",19,"CR-ViT","iauc",0.7590591944054836
"Training cohort","IDHmut-intact",20,"CR-ViT","iauc",0.8305432204089782
"Training cohort","IDHmut-intact",21,"CR-ViT","iauc",0.8108226763748106
"Training cohort","IDHmut-intact",22,"CR-ViT","iauc",0.7575790359350665
"Training cohort","IDHmut-intact",23,"CR-ViT","iauc",0.7995247489599359
"Training cohort","IDHmut-intact",24,"CR-ViT","iauc",0.7890058508662072
"Training cohort","IDHmut-intact",25,"CR-ViT","iauc",0.7973013385094684
"Training cohort","IDHmut-intact",26,"CR-ViT","iauc",0.8334066349551591
"Training cohort","IDHmut-intact",27,"CR-ViT","iauc",0.7628763705617684
"Training cohort","IDHmut-intact",28,"CR-ViT","iauc",0.7533183115619534
"Training cohort","IDHmut-intact",29,"CR-ViT","iauc",0.7814261498992772
"Training cohort","IDHmut-intact",30,"CR-ViT","iauc",0.7835901216286554
"Training cohort","IDHmut-intact",31,"CR-ViT","iauc",0.7845720613585428
"Training cohort","IDHmut-intact",32,"CR-ViT","iauc",0.8219351571837958
"Training cohort","IDHmut-intact",33,"CR-ViT","iauc",0.7699439875015855
"Training cohort","IDHmut-intact",34,"CR-ViT","iauc",0.7673109007687917
"Training cohort","IDHmut-intact",35,"CR-ViT","iauc",0.8348608614437507
"Training cohort","IDHmut-intact",36,"CR-ViT","iauc",0.7958046573122739
"Training cohort","IDHmut-intact",37,"CR-ViT","iauc",0.8451099820447133
"Training cohort","IDHmut-intact",38,"CR-ViT","iauc",0.7840812670237303
"Training cohort","IDHmut-intact",39,"CR-ViT","iauc",0.7554085356106877
"Training cohort","IDHmut-intact",40,"CR-ViT","iauc",0.743797726944171
"Training cohort","IDHmut-intact",41,"CR-ViT","iauc",0.7795216211816098
"Training cohort","IDHmut-intact",42,"CR-ViT","iauc",0.8095884168727195
"Training cohort","IDHmut-intact",43,"CR-ViT","iauc",0.8431258433429084
"Training cohort","IDHmut-intact",44,"CR-ViT","iauc",0.8073676436430198
"Training cohort","IDHmut-intact",45,"CR-ViT","iauc",0.7594309845378127
"Training cohort","IDHmut-intact",46,"CR-ViT","iauc",0.8459253565658281
"Training cohort","IDHmut-intact",47,"CR-ViT","iauc",0.7851629064935643
"Training cohort","IDHmut-intact",48,"CR-ViT","iauc",0.7470623327793281
"Training cohort","IDHmut-intact",49,"CR-ViT","iauc",0.8471563303273294
"Training cohort","IDHmut-intact",50,"CR-ViT","iauc",0.8669688046164559
"Training cohort","IDHmut-intact",51,"CR-ViT","iauc",0.7412232483969895
"Training cohort","IDHmut-intact",52,"CR-ViT","iauc",0.8222238240299936
"Training cohort","IDHmut-intact",53,"CR-ViT","iauc",0.8333629368294493
"Training cohort","IDHmut-intact",54,"CR-ViT","iauc",0.7651448976792764
"Training cohort","IDHmut-intact",55,"CR-ViT","iauc",0.8244303058569852
"Training cohort","IDHmut-intact",56,"CR-ViT","iauc",0.7444705872413888
"Training cohort","IDHmut-intact",57,"CR-ViT","iauc",0.8045817417977517
"Training cohort","IDHmut-intact",58,"CR-ViT","iauc",0.7865148495140577
"Training cohort","IDHmut-intact",59,"CR-ViT","iauc",0.7517401854066909
"Training cohort","IDHmut-intact",60,"CR-ViT","iauc",0.7395334886480491
"Training cohort","IDHmut-intact",61,"CR-ViT","iauc",0.8105127818858873
"Training cohort","IDHmut-intact",62,"CR-ViT","iauc",0.8065154048194606
"Training cohort","IDHmut-intact",63,"CR-ViT","iauc",0.7202731269481073
"Training cohort","IDHmut-intact",64,"CR-ViT","iauc",0.7507278998753634
"Training cohort","IDHmut-intact",65,"CR-ViT","iauc",0.8318525806211283
"Training cohort","IDHmut-intact",66,"CR-ViT","iauc",0.7828018257511977
"Training cohort","IDHmut-intact",67,"CR-ViT","iauc",0.7864236428665262
"Training cohort","IDHmut-intact",68,"CR-ViT","iauc",0.7473127353740464
"Training cohort","IDHmut-intact",69,"CR-ViT","iauc",0.8104310509609576
"Training cohort","IDHmut-intact",70,"CR-ViT","iauc",0.8101427208701028
"Training cohort","IDHmut-intact",71,"CR-ViT","iauc",0.8233829450478927
"Training cohort","IDHmut-intact",72,"CR-ViT","iauc",0.7533026759897876
"Training cohort","IDHmut-intact",73,"CR-ViT","iauc",0.7664385559353742
"Training cohort","IDHmut-intact",74,"CR-ViT","iauc",0.8309409532334421
"Training cohort","IDHmut-intact",75,"CR-ViT","iauc",0.7943886628895812
"Training cohort","IDHmut-intact",76,"CR-ViT","iauc",0.7438040410946748
"Training cohort","IDHmut-intact",77,"CR-ViT","iauc",0.8258412979866712
"Training cohort","IDHmut-intact",78,"CR-ViT","iauc",0.821424816186321
"Training cohort","IDHmut-intact",79,"CR-ViT","iauc",0.8455066146734246
"Training cohort","IDHmut-intact",80,"CR-ViT","iauc",0.797206262816428
"Training cohort","IDHmut-intact",81,"CR-ViT","iauc",0.8349278201049795
"Training cohort","IDHmut-intact",82,"CR-ViT","iauc",0.7633148624731888
"Training cohort","IDHmut-intact",83,"CR-ViT","iauc",0.7792432928151342
"Training cohort","IDHmut-intact",84,"CR-ViT","iauc",0.742191948464621
"Training cohort","IDHmut-intact",85,"CR-ViT","iauc",0.8023662920776028
"Training cohort","IDHmut-intact",86,"CR-ViT","iauc",0.7652542772798893
"Training cohort","IDHmut-intact",87,"CR-ViT","iauc",0.7836319602285634
"Training cohort","IDHmut-intact",88,"CR-ViT","iauc",0.7641454146885471
"Training cohort","IDHmut-intact",89,"CR-ViT","iauc",0.7524776161056105
"Training cohort","IDHmut-intact",90,"CR-ViT","iauc",0.8051770764679316
"Training cohort","IDHmut-intact",91,"CR-ViT","iauc",0.7635465676397108
"Training cohort","IDHmut-intact",92,"CR-ViT","iauc",0.8515683228911416
"Training cohort","IDHmut-intact",93,"CR-ViT","iauc",0.7876176667601407
"Training cohort","IDHmut-intact",94,"CR-ViT","iauc",0.8282260635587363
"Training cohort","IDHmut-intact",95,"CR-ViT","iauc",0.7998050359454699
"Training cohort","IDHmut-intact",96,"CR-ViT","iauc",0.734255338472398
"Training cohort","IDHmut-intact",97,"CR-ViT","iauc",0.8304432667529837
"Training cohort","IDHmut-intact",98,"CR-ViT","iauc",0.7605846353697456
"Training cohort","IDHmut-intact",99,"CR-ViT","iauc",0.8200266033159253
"Training cohort","IDHmut-intact",100,"CR-ViT","iauc",0.8229712950951534
"Training cohort","IDHmut-intact",1,"3D-CNN","ibs",0.14484450779974764
"Training cohort","IDHmut-intact",2,"3D-CNN","ibs",0.16825090396793208
"Training cohort","IDHmut-intact",3,"3D-CNN","ibs",0.15697133809104993
"Training cohort","IDHmut-intact",4,"3D-CNN","ibs",0.18347363120760465
"Training cohort","IDHmut-intact",5,"3D-CNN","ibs",0.17707156794418466
"Training cohort","IDHmut-intact",6,"3D-CNN","ibs",0.16618315499825206
"Training cohort","IDHmut-intact",7,"3D-CNN","ibs",0.16678890589726292
"Training cohort","IDHmut-intact",8,"3D-CNN","ibs",0.16143205979606906
"Training cohort","IDHmut-intact",9,"3D-CNN","ibs",0.15353332945655115
"Training cohort","IDHmut-intact",10,"3D-CNN","ibs",0.16155541514063027
"Training cohort","IDHmut-intact",11,"3D-CNN","ibs",0.17224574032763773
"Training cohort","IDHmut-intact",12,"3D-CNN","ibs",0.170552326177248
"Training cohort","IDHmut-intact",13,"3D-CNN","ibs",0.16376805991386353
"Training cohort","IDHmut-intact",14,"3D-CNN","ibs",0.15232185824201683
"Training cohort","IDHmut-intact",15,"3D-CNN","ibs",0.1437404526885094
"Training cohort","IDHmut-intact",16,"3D-CNN","ibs",0.15752125303429482
"Training cohort","IDHmut-intact",17,"3D-CNN","ibs",0.1604092934441241
"Training cohort","IDHmut-intact",18,"3D-CNN","ibs",0.16349169807500713
"Training cohort","IDHmut-intact",19,"3D-CNN","ibs",0.17749579259622142
"Training cohort","IDHmut-intact",20,"3D-CNN","ibs",0.1522048582345738
"Training cohort","IDHmut-intact",21,"3D-CNN","ibs",0.14993454413743515
"Training cohort","IDHmut-intact",22,"3D-CNN","ibs",0.16653632904434573
"Training cohort","IDHmut-intact",23,"3D-CNN","ibs",0.16945230296703542
"Training cohort","IDHmut-intact",24,"3D-CNN","ibs",0.157546915726125
"Training cohort","IDHmut-intact",25,"3D-CNN","ibs",0.16700601926758155
"Training cohort","IDHmut-intact",26,"3D-CNN","ibs",0.16355342230267084
"Training cohort","IDHmut-intact",27,"3D-CNN","ibs",0.1687376585407791
"Training cohort","IDHmut-intact",28,"3D-CNN","ibs",0.14441916279440833
"Training cohort","IDHmut-intact",29,"3D-CNN","ibs",0.17507720881580735
"Training cohort","IDHmut-intact",30,"3D-CNN","ibs",0.14963262993457865
"Training cohort","IDHmut-intact",31,"3D-CNN","ibs",0.16838524207996017
"Training cohort","IDHmut-intact",32,"3D-CNN","ibs",0.1466129973035903
"Training cohort","IDHmut-intact",33,"3D-CNN","ibs",0.17629777839390895
"Training cohort","IDHmut-intact",34,"3D-CNN","ibs",0.1870919865436279
"Training cohort","IDHmut-intact",35,"3D-CNN","ibs",0.15810281398748627
"Training cohort","IDHmut-intact",36,"3D-CNN","ibs",0.16745080734679615
"Training cohort","IDHmut-intact",37,"3D-CNN","ibs",0.16160450215991556
"Training cohort","IDHmut-intact",38,"3D-CNN","ibs",0.170493062969284
"Training cohort","IDHmut-intact",39,"3D-CNN","ibs",0.1572110049697116
"Training cohort","IDHmut-intact",40,"3D-CNN","ibs",0.17931546836490883
"Training cohort","IDHmut-intact",41,"3D-CNN","ibs",0.15462086656237592
"Training cohort","IDHmut-intact",42,"3D-CNN","ibs",0.1778276072061567
"Training cohort","IDHmut-intact",43,"3D-CNN","ibs",0.16735751746281943
"Training cohort","IDHmut-intact",44,"3D-CNN","ibs",0.17506873979014898
"Training cohort","IDHmut-intact",45,"3D-CNN","ibs",0.1601668577833614
"Training cohort","IDHmut-intact",46,"3D-CNN","ibs",0.16725527397580317
"Training cohort","IDHmut-intact",47,"3D-CNN","ibs",0.1591883587097568
"Training cohort","IDHmut-intact",48,"3D-CNN","ibs",0.17971356685219506
"Training cohort","IDHmut-intact",49,"3D-CNN","ibs",0.1604131403834187
"Training cohort","IDHmut-intact",50,"3D-CNN","ibs",0.16009086720293317
"Training cohort","IDHmut-intact",51,"3D-CNN","ibs",0.17918801999886488
"Training cohort","IDHmut-intact",52,"3D-CNN","ibs",0.15894911859299282
"Training cohort","IDHmut-intact",53,"3D-CNN","ibs",0.15186899475055654
"Training cohort","IDHmut-intact",54,"3D-CNN","ibs",0.17468833818700433
"Training cohort","IDHmut-intact",55,"3D-CNN","ibs",0.16808059361666045
"Training cohort","IDHmut-intact",56,"3D-CNN","ibs",0.1673872040199837
"Training cohort","IDHmut-intact",57,"3D-CNN","ibs",0.14696512738131215
"Training cohort","IDHmut-intact",58,"3D-CNN","ibs",0.1648185218139583
"Training cohort","IDHmut-intact",59,"3D-CNN","ibs",0.1614750244568685
"Training cohort","IDHmut-intact",60,"3D-CNN","ibs",0.18864137383550766
"Training cohort","IDHmut-intact",61,"3D-CNN","ibs",0.15750342307523024
"Training cohort","IDHmut-intact",62,"3D-CNN","ibs",0.1486399567713722
"Training cohort","IDHmut-intact",63,"3D-CNN","ibs",0.19338431984009224
"Training cohort","IDHmut-intact",64,"3D-CNN","ibs",0.16701155685025404
"Training cohort","IDHmut-intact",65,"3D-CNN","ibs",0.15308226062313335
"Training cohort","IDHmut-intact",66,"3D-CNN","ibs",0.1841038224471608
"Training cohort","IDHmut-intact",67,"3D-CNN","ibs",0.19025612251053764
"Training cohort","IDHmut-intact",68,"3D-CNN","ibs",0.15371668529807578
"Training cohort","IDHmut-intact",69,"3D-CNN","ibs",0.1778519296229936
"Training cohort","IDHmut-intact",70,"3D-CNN","ibs",0.15338166396398395
"Training cohort","IDHmut-intact",71,"3D-CNN","ibs",0.17059971130839008
"Training cohort","IDHmut-intact",72,"3D-CNN","ibs",0.16388263162372363
"Training cohort","IDHmut-intact",73,"3D-CNN","ibs",0.180504613960513
"Training cohort","IDHmut-intact",74,"3D-CNN","ibs",0.16610578507169751
"Training cohort","IDHmut-intact",75,"3D-CNN","ibs",0.15663899740119097
"Training cohort","IDHmut-intact",76,"3D-CNN","ibs",0.1727320345179936
"Training cohort","IDHmut-intact",77,"3D-CNN","ibs",0.15792776753697557
"Training cohort","IDHmut-intact",78,"3D-CNN","ibs",0.16553422187468136
"Training cohort","IDHmut-intact",79,"3D-CNN","ibs",0.1770351169609791
"Training cohort","IDHmut-intact",80,"3D-CNN","ibs",0.15608542087234195
"Training cohort","IDHmut-intact",81,"3D-CNN","ibs",0.1434380937919873
"Training cohort","IDHmut-intact",82,"3D-CNN","ibs",0.16482734885149983
"Training cohort","IDHmut-intact",83,"3D-CNN","ibs",0.14077563346012342
"Training cohort","IDHmut-intact",84,"3D-CNN","ibs",0.16156062275900301
"Training cohort","IDHmut-intact",85,"3D-CNN","ibs",0.1610474643086529
"Training cohort","IDHmut-intact",86,"3D-CNN","ibs",0.15903033348195414
"Training cohort","IDHmut-intact",87,"3D-CNN","ibs",0.1552348284272746
"Training cohort","IDHmut-intact",88,"3D-CNN","ibs",0.14684327563044766
"Training cohort","IDHmut-intact",89,"3D-CNN","ibs",0.1584123114441561
"Training cohort","IDHmut-intact",90,"3D-CNN","ibs",0.1588378409304879
"Training cohort","IDHmut-intact",91,"3D-CNN","ibs",0.16106833145689123
"Training cohort","IDHmut-intact",92,"3D-CNN","ibs",0.15468221112093347
"Training cohort","IDHmut-intact",93,"3D-CNN","ibs",0.17568636869943405
"Training cohort","IDHmut-intact",94,"3D-CNN","ibs",0.15989545488423929
"Training cohort","IDHmut-intact",95,"3D-CNN","ibs",0.1655168270124639
"Training cohort","IDHmut-intact",96,"3D-CNN","ibs",0.1745361716448338
"Training cohort","IDHmut-intact",97,"3D-CNN","ibs",0.17238284376883337
"Training cohort","IDHmut-intact",98,"3D-CNN","ibs",0.1765182232343233
"Training cohort","IDHmut-intact",99,"3D-CNN","ibs",0.1568416602611901
"Training cohort","IDHmut-intact",100,"3D-CNN","ibs",0.16786983897885285
"Training cohort","IDHmut-intact",1,"Clinicoradiologic","ibs",0.14959203370939506
"Training cohort","IDHmut-intact",2,"Clinicoradiologic","ibs",0.180108181725471
"Training cohort","IDHmut-intact",3,"Clinicoradiologic","ibs",0.1637396318965368
"Training cohort","IDHmut-intact",4,"Clinicoradiologic","ibs",0.1665541078202263
"Training cohort","IDHmut-intact",5,"Clinicoradiologic","ibs",0.17844528499947715
"Training cohort","IDHmut-intact",6,"Clinicoradiologic","ibs",0.1719416662622439
"Training cohort","IDHmut-intact",7,"Clinicoradiologic","ibs",0.16023284880045302
"Training cohort","IDHmut-intact",8,"Clinicoradiologic","ibs",0.15504459316190172
"Training cohort","IDHmut-intact",9,"Clinicoradiologic","ibs",0.1606270044156005
"Training cohort","IDHmut-intact",10,"Clinicoradiologic","ibs",0.16149965073909822
"Training cohort","IDHmut-intact",11,"Clinicoradiologic","ibs",0.16352179187797117
"Training cohort","IDHmut-intact",12,"Clinicoradiologic","ibs",0.17574054070007356
"Training cohort","IDHmut-intact",13,"Clinicoradiologic","ibs",0.16459926782763923
"Training cohort","IDHmut-intact",14,"Clinicoradiologic","ibs",0.15963034492241457
"Training cohort","IDHmut-intact",15,"Clinicoradiologic","ibs",0.14653226313728765
"Training cohort","IDHmut-intact",16,"Clinicoradiologic","ibs",0.1633153116926142
"Training cohort","IDHmut-intact",17,"Clinicoradiologic","ibs",0.1571121928254636
"Training cohort","IDHmut-intact",18,"Clinicoradiologic","ibs",0.16803684822885662
"Training cohort","IDHmut-intact",19,"Clinicoradiologic","ibs",0.17646539460001118
"Training cohort","IDHmut-intact",20,"Clinicoradiologic","ibs",0.15997100717387358
"Training cohort","IDHmut-intact",21,"Clinicoradiologic","ibs",0.1619939639720819
"Training cohort","IDHmut-intact",22,"Clinicoradiologic","ibs",0.16218764854470955
"Training cohort","IDHmut-intact",23,"Clinicoradiologic","ibs",0.18552202526303582
"Training cohort","IDHmut-intact",24,"Clinicoradiologic","ibs",0.15095021239780398
"Training cohort","IDHmut-intact",25,"Clinicoradiologic","ibs",0.1621570011324552
"Training cohort","IDHmut-intact",26,"Clinicoradiologic","ibs",0.1652799804523236
"Training cohort","IDHmut-intact",27,"Clinicoradiologic","ibs",0.17080771487201263
"Training cohort","IDHmut-intact",28,"Clinicoradiologic","ibs",0.15632487887904814
"Training cohort","IDHmut-intact",29,"Clinicoradiologic","ibs",0.18478077885393376
"Training cohort","IDHmut-intact",30,"Clinicoradiologic","ibs",0.15363308300213332
"Training cohort","IDHmut-intact",31,"Clinicoradiologic","ibs",0.17814690417739723
"Training cohort","IDHmut-intact",32,"Clinicoradiologic","ibs",0.163341978823108
"Training cohort","IDHmut-intact",33,"Clinicoradiologic","ibs",0.1622086059869893
"Training cohort","IDHmut-intact",34,"Clinicoradiologic","ibs",0.1902843146051935
"Training cohort","IDHmut-intact",35,"Clinicoradiologic","ibs",0.1530302994990864
"Training cohort","IDHmut-intact",36,"Clinicoradiologic","ibs",0.15503972258762092
"Training cohort","IDHmut-intact",37,"Clinicoradiologic","ibs",0.15424461217072324
"Training cohort","IDHmut-intact",38,"Clinicoradiologic","ibs",0.1641856225831348
"Training cohort","IDHmut-intact",39,"Clinicoradiologic","ibs",0.16961875598236992
"Training cohort","IDHmut-intact",40,"Clinicoradiologic","ibs",0.18978277979462016
"Training cohort","IDHmut-intact",41,"Clinicoradiologic","ibs",0.1656687532739939
"Training cohort","IDHmut-intact",42,"Clinicoradiologic","ibs",0.17559168547163256
"Training cohort","IDHmut-intact",43,"Clinicoradiologic","ibs",0.1744044893574071
"Training cohort","IDHmut-intact",44,"Clinicoradiologic","ibs",0.18485905879450548
"Training cohort","IDHmut-intact",45,"Clinicoradiologic","ibs",0.1579214752028199
"Training cohort","IDHmut-intact",46,"Clinicoradiologic","ibs",0.18193256486436843
"Training cohort","IDHmut-intact",47,"Clinicoradiologic","ibs",0.16416007751138656
"Training cohort","IDHmut-intact",48,"Clinicoradiologic","ibs",0.18259734027302846
"Training cohort","IDHmut-intact",49,"Clinicoradiologic","ibs",0.16173431099064278
"Training cohort","IDHmut-intact",50,"Clinicoradiologic","ibs",0.15800726518089708
"Training cohort","IDHmut-intact",51,"Clinicoradiologic","ibs",0.1747712901013752
"Training cohort","IDHmut-intact",52,"Clinicoradiologic","ibs",0.1487709920869837
"Training cohort","IDHmut-intact",53,"Clinicoradiologic","ibs",0.15463829633785672
"Training cohort","IDHmut-intact",54,"Clinicoradiologic","ibs",0.18962500297749954
"Training cohort","IDHmut-intact",55,"Clinicoradiologic","ibs",0.18419514619684346
"Training cohort","IDHmut-intact",56,"Clinicoradiologic","ibs",0.17387871060359353
"Training cohort","IDHmut-intact",57,"Clinicoradiologic","ibs",0.1527154835039215
"Training cohort","IDHmut-intact",58,"Clinicoradiologic","ibs",0.16003689905854213
"Training cohort","IDHmut-intact",59,"Clinicoradiologic","ibs",0.15574472978124923
"Training cohort","IDHmut-intact",60,"Clinicoradiologic","ibs",0.18804900878695754
"Training cohort","IDHmut-intact",61,"Clinicoradiologic","ibs",0.17639572434720832
"Training cohort","IDHmut-intact",62,"Clinicoradiologic","ibs",0.1537605024911741
"Training cohort","IDHmut-intact",63,"Clinicoradiologic","ibs",0.18949399512539475
"Training cohort","IDHmut-intact",64,"Clinicoradiologic","ibs",0.16853373763045798
"Training cohort","IDHmut-intact",65,"Clinicoradiologic","ibs",0.15419930272357174
"Training cohort","IDHmut-intact",66,"Clinicoradiologic","ibs",0.177426084681089
"Training cohort","IDHmut-intact",67,"Clinicoradiologic","ibs",0.1885319407269678
"Training cohort","IDHmut-intact",68,"Clinicoradiologic","ibs",0.16159790803688667
"Training cohort","IDHmut-intact",69,"Clinicoradiologic","ibs",0.186032179412006
"Training cohort","IDHmut-intact",70,"Clinicoradiologic","ibs",0.1667851646597607
"Training cohort","IDHmut-intact",71,"Clinicoradiologic","ibs",0.17125747157048915
"Training cohort","IDHmut-intact",72,"Clinicoradiologic","ibs",0.16950137108318877
"Training cohort","IDHmut-intact",73,"Clinicoradiologic","ibs",0.18387936128628737
"Training cohort","IDHmut-intact",74,"Clinicoradiologic","ibs",0.15672017533672125
"Training cohort","IDHmut-intact",75,"Clinicoradiologic","ibs",0.15901694943485634
"Training cohort","IDHmut-intact",76,"Clinicoradiologic","ibs",0.16379017015137215
"Training cohort","IDHmut-intact",77,"Clinicoradiologic","ibs",0.1633662367868711
"Training cohort","IDHmut-intact",78,"Clinicoradiologic","ibs",0.1623578095619785
"Training cohort","IDHmut-intact",79,"Clinicoradiologic","ibs",0.17149297576491487
"Training cohort","IDHmut-intact",80,"Clinicoradiologic","ibs",0.16456437343928576
"Training cohort","IDHmut-intact",81,"Clinicoradiologic","ibs",0.15779580136585528
"Training cohort","IDHmut-intact",82,"Clinicoradiologic","ibs",0.15966680784944728
"Training cohort","IDHmut-intact",83,"Clinicoradiologic","ibs",0.1506679231343804
"Training cohort","IDHmut-intact",84,"Clinicoradiologic","ibs",0.17328601768768914
"Training cohort","IDHmut-intact",85,"Clinicoradiologic","ibs",0.1760160574367071
"Training cohort","IDHmut-intact",86,"Clinicoradiologic","ibs",0.14728528405639674
"Training cohort","IDHmut-intact",87,"Clinicoradiologic","ibs",0.15693362242236356
"Training cohort","IDHmut-intact",88,"Clinicoradiologic","ibs",0.15112369986711974
"Training cohort","IDHmut-intact",89,"Clinicoradiologic","ibs",0.14417998654204084
"Training cohort","IDHmut-intact",90,"Clinicoradiologic","ibs",0.15916970050866006
"Training cohort","IDHmut-intact",91,"Clinicoradiologic","ibs",0.1576340693919794
"Training cohort","IDHmut-intact",92,"Clinicoradiologic","ibs",0.15494954372980202
"Training cohort","IDHmut-intact",93,"Clinicoradiologic","ibs",0.1739337207793955
"Training cohort","IDHmut-intact",94,"Clinicoradiologic","ibs",0.16279029298725592
"Training cohort","IDHmut-intact",95,"Clinicoradiologic","ibs",0.17196389302994095
"Training cohort","IDHmut-intact",96,"Clinicoradiologic","ibs",0.1819905363052316
"Training cohort","IDHmut-intact",97,"Clinicoradiologic","ibs",0.17879036695542064
"Training cohort","IDHmut-intact",98,"Clinicoradiologic","ibs",0.18292861228963977
"Training cohort","IDHmut-intact",99,"Clinicoradiologic","ibs",0.17747486408331248
"Training cohort","IDHmut-intact",100,"Clinicoradiologic","ibs",0.17237921017271213
"Training cohort","IDHmut-intact",1,"3D-ViT","ibs",0.12336354631609955
"Training cohort","IDHmut-intact",2,"3D-ViT","ibs",0.15561361107644256
"Training cohort","IDHmut-intact",3,"3D-ViT","ibs",0.1420293660549274
"Training cohort","IDHmut-intact",4,"3D-ViT","ibs",0.16544147225363623
"Training cohort","IDHmut-intact",5,"3D-ViT","ibs",0.16869081927734972
"Training cohort","IDHmut-intact",6,"3D-ViT","ibs",0.15249357474888411
"Training cohort","IDHmut-intact",7,"3D-ViT","ibs",0.15772176274319974
"Training cohort","IDHmut-intact",8,"3D-ViT","ibs",0.15052911990588522
"Training cohort","IDHmut-intact",9,"3D-ViT","ibs",0.14137167952658228
"Training cohort","IDHmut-intact",10,"3D-ViT","ibs",0.14950465101539157
"Training cohort","IDHmut-intact",11,"3D-ViT","ibs",0.15983556804780127
"Training cohort","IDHmut-intact",12,"3D-ViT","ibs",0.14983875066720354
"Training cohort","IDHmut-intact",13,"3D-ViT","ibs",0.1510708407086324
"Training cohort","IDHmut-intact",14,"3D-ViT","ibs",0.1453822191655383
"Training cohort","IDHmut-intact",15,"3D-ViT","ibs",0.13267970389829084
"Training cohort","IDHmut-intact",16,"3D-ViT","ibs",0.1493042955873871
"Training cohort","IDHmut-intact",17,"3D-ViT","ibs",0.14694783634893321
"Training cohort","IDHmut-intact",18,"3D-ViT","ibs",0.1534455004866463
"Training cohort","IDHmut-intact",19,"3D-ViT","ibs",0.16582033596261173
"Training cohort","IDHmut-intact",20,"3D-ViT","ibs",0.149487285420281
"Training cohort","IDHmut-intact",21,"3D-ViT","ibs",0.13554312210184877
"Training cohort","IDHmut-intact",22,"3D-ViT","ibs",0.15722596280925175
"Training cohort","IDHmut-intact",23,"3D-ViT","ibs",0.16214230119213777
"Training cohort","IDHmut-intact",24,"3D-ViT","ibs",0.15250586773594557
"Training cohort","IDHmut-intact",25,"3D-ViT","ibs",0.1573000667295772
"Training cohort","IDHmut-intact",26,"3D-ViT","ibs",0.15765094023003687
"Training cohort","IDHmut-intact",27,"3D-ViT","ibs",0.16033961904239077
"Training cohort","IDHmut-intact",28,"3D-ViT","ibs",0.13527337208741802
"Training cohort","IDHmut-intact",29,"3D-ViT","ibs",0.16919831921990408
"Training cohort","IDHmut-intact",30,"3D-ViT","ibs",0.14562684784917623
"Training cohort","IDHmut-intact",31,"3D-ViT","ibs",0.15541610859268049
"Training cohort","IDHmut-intact",32,"3D-ViT","ibs",0.13283917503132592
"Training cohort","IDHmut-intact",33,"3D-ViT","ibs",0.16336174781040808
"Training cohort","IDHmut-intact",34,"3D-ViT","ibs",0.17431506903443614
"Training cohort","IDHmut-intact",35,"3D-ViT","ibs",0.14666399044213593
"Training cohort","IDHmut-intact",36,"3D-ViT","ibs",0.16307042899917637
"Training cohort","IDHmut-intact",37,"3D-ViT","ibs",0.15374687397983117
"Training cohort","IDHmut-intact",38,"3D-ViT","ibs",0.16097784102243123
"Training cohort","IDHmut-intact",39,"3D-ViT","ibs",0.14646362683357894
"Training cohort","IDHmut-intact",40,"3D-ViT","ibs",0.16824384057961703
"Training cohort","IDHmut-intact",41,"3D-ViT","ibs",0.14638463760327666
"Training cohort","IDHmut-intact",42,"3D-ViT","ibs",0.1661478514301567
"Training cohort","IDHmut-intact",43,"3D-ViT","ibs",0.1550894906575126
"Training cohort","IDHmut-intact",44,"3D-ViT","ibs",0.1611559234801977
"Training cohort","IDHmut-intact",45,"3D-ViT","ibs",0.14497986392200787
"Training cohort","IDHmut-intact",46,"3D-ViT","ibs",0.14785158348965086
"Training cohort","IDHmut-intact",47,"3D-ViT","ibs",0.15416747463742508
"Training cohort","IDHmut-intact",48,"3D-ViT","ibs",0.17311287579819093
"Training cohort","IDHmut-intact",49,"3D-ViT","ibs",0.14468876939392003
"Training cohort","IDHmut-intact",50,"3D-ViT","ibs",0.1466701024464074
"Training cohort","IDHmut-intact",51,"3D-ViT","ibs",0.16843837760701075
"Training cohort","IDHmut-intact",52,"3D-ViT","ibs",0.14542446797569664
"Training cohort","IDHmut-intact",53,"3D-ViT","ibs",0.13927052405169238
"Training cohort","IDHmut-intact",54,"3D-ViT","ibs",0.15816586399678018
"Training cohort","IDHmut-intact",55,"3D-ViT","ibs",0.1549812095824856
"Training cohort","IDHmut-intact",56,"3D-ViT","ibs",0.1587006675111913
"Training cohort","IDHmut-intact",57,"3D-ViT","ibs",0.13822983766980315
"Training cohort","IDHmut-intact",58,"3D-ViT","ibs",0.15349393265929923
"Training cohort","IDHmut-intact",59,"3D-ViT","ibs",0.1494899542042329
"Training cohort","IDHmut-intact",60,"3D-ViT","ibs",0.18046531223669832
"Training cohort","IDHmut-intact",61,"3D-ViT","ibs",0.14341811390898596
"Training cohort","IDHmut-intact",62,"3D-ViT","ibs",0.13885392454764015
"Training cohort","IDHmut-intact",63,"3D-ViT","ibs",0.18411487713893795
"Training cohort","IDHmut-intact",64,"3D-ViT","ibs",0.1548318618590813
"Training cohort","IDHmut-intact",65,"3D-ViT","ibs",0.14345774136141706
"Training cohort","IDHmut-intact",66,"3D-ViT","ibs",0.17573474602755576
"Training cohort","IDHmut-intact",67,"3D-ViT","ibs",0.17598388587772787
"Training cohort","IDHmut-intact",68,"3D-ViT","ibs",0.14561816166862313
"Training cohort","IDHmut-intact",69,"3D-ViT","ibs",0.1648505388898291
"Training cohort","IDHmut-intact",70,"3D-ViT","ibs",0.14388292718849646
"Training cohort","IDHmut-intact",71,"3D-ViT","ibs",0.1618545678532889
"Training cohort","IDHmut-intact",72,"3D-ViT","ibs",0.15022596496405766
"Training cohort","IDHmut-intact",73,"3D-ViT","ibs",0.17335470365116806
"Training cohort","IDHmut-intact",74,"3D-ViT","ibs",0.15810201919701386
"Training cohort","IDHmut-intact",75,"3D-ViT","ibs",0.15077958496943095
"Training cohort","IDHmut-intact",76,"3D-ViT","ibs",0.16296602389515233
"Training cohort","IDHmut-intact",77,"3D-ViT","ibs",0.14595369781496578
"Training cohort","IDHmut-intact",78,"3D-ViT","ibs",0.14982458996875136
"Training cohort","IDHmut-intact",79,"3D-ViT","ibs",0.16463876669098093
"Training cohort","IDHmut-intact",80,"3D-ViT","ibs",0.15120851439963887
"Training cohort","IDHmut-intact",81,"3D-ViT","ibs",0.1353668430391569
"Training cohort","IDHmut-intact",82,"3D-ViT","ibs",0.15591473205039433
"Training cohort","IDHmut-intact",83,"3D-ViT","ibs",0.12832119052226573
"Training cohort","IDHmut-intact",84,"3D-ViT","ibs",0.15586939713628623
"Training cohort","IDHmut-intact",85,"3D-ViT","ibs",0.14776559204004844
"Training cohort","IDHmut-intact",86,"3D-ViT","ibs",0.14296730222937598
"Training cohort","IDHmut-intact",87,"3D-ViT","ibs",0.13828927037180036
"Training cohort","IDHmut-intact",88,"3D-ViT","ibs",0.14018729904063182
"Training cohort","IDHmut-intact",89,"3D-ViT","ibs",0.14846070625669683
"Training cohort","IDHmut-intact",90,"3D-ViT","ibs",0.14715366485966833
"Training cohort","IDHmut-intact",91,"3D-ViT","ibs",0.15711566196024973
"Training cohort","IDHmut-intact",92,"3D-ViT","ibs",0.14181362759018162
"Training cohort","IDHmut-intact",93,"3D-ViT","ibs",0.15825401241584278
"Training cohort","IDHmut-intact",94,"3D-ViT","ibs",0.14908468970576966
"Training cohort","IDHmut-intact",95,"3D-ViT","ibs",0.15085371286579347
"Training cohort","IDHmut-intact",96,"3D-ViT","ibs",0.1647082444084208
"Training cohort","IDHmut-intact",97,"3D-ViT","ibs",0.15374383578505177
"Training cohort","IDHmut-intact",98,"3D-ViT","ibs",0.17171632996999311
"Training cohort","IDHmut-intact",99,"3D-ViT","ibs",0.15019214133710757
"Training cohort","IDHmut-intact",100,"3D-ViT","ibs",0.15039443249676063
"Training cohort","IDHmut-intact",1,"CR-ViT","ibs",0.10675833918970659
"Training cohort","IDHmut-intact",2,"CR-ViT","ibs",0.14538975109436425
"Training cohort","IDHmut-intact",3,"CR-ViT","ibs",0.13043944556274897
"Training cohort","IDHmut-intact",4,"CR-ViT","ibs",0.1384971041912358
"Training cohort","IDHmut-intact",5,"CR-ViT","ibs",0.15598440973530778
"Training cohort","IDHmut-intact",6,"CR-ViT","ibs",0.1399120919922255
"Training cohort","IDHmut-intact",7,"CR-ViT","ibs",0.1404606838126919
"Training cohort","IDHmut-intact",8,"CR-ViT","ibs",0.1312211625383016
"Training cohort","IDHmut-intact",9,"CR-ViT","ibs",0.1304548021633894
"Training cohort","IDHmut-intact",10,"CR-ViT","ibs",0.13388243450980175
"Training cohort","IDHmut-intact",11,"CR-ViT","ibs",0.14020318331851608
"Training cohort","IDHmut-intact",12,"CR-ViT","ibs",0.14234364302918623
"Training cohort","IDHmut-intact",13,"CR-ViT","ibs",0.13542951560920322
"Training cohort","IDHmut-intact",14,"CR-ViT","ibs",0.12903563405971433
"Training cohort","IDHmut-intact",15,"CR-ViT","ibs",0.12280447148562833
"Training cohort","IDHmut-intact",16,"CR-ViT","ibs",0.13498793471614381
"Training cohort","IDHmut-intact",17,"CR-ViT","ibs",0.1339802000896319
"Training cohort","IDHmut-intact",18,"CR-ViT","ibs",0.14476289768623107
"Training cohort","IDHmut-intact",19,"CR-ViT","ibs",0.15462493693973953
"Training cohort","IDHmut-intact",20,"CR-ViT","ibs",0.1274922995852837
"Training cohort","IDHmut-intact",21,"CR-ViT","ibs",0.12305383097303005
"Training cohort","IDHmut-intact",22,"CR-ViT","ibs",0.14295224532845371
"Training cohort","IDHmut-intact",23,"CR-ViT","ibs",0.15264488475185325
"Training cohort","IDHmut-intact",24,"CR-ViT","ibs",0.13173911252176423
"Training cohort","IDHmut-intact",25,"CR-ViT","ibs",0.13845146160887417
"Training cohort","IDHmut-intact",26,"CR-ViT","ibs",0.1410751487365457
"Training cohort","IDHmut-intact",27,"CR-ViT","ibs",0.1470253664133325
"Training cohort","IDHmut-intact",28,"CR-ViT","ibs",0.12760864741257508
"Training cohort","IDHmut-intact",29,"CR-ViT","ibs",0.15371290011220856
"Training cohort","IDHmut-intact",30,"CR-ViT","ibs",0.12992625832689145
"Training cohort","IDHmut-intact",31,"CR-ViT","ibs",0.14858886833577326
"Training cohort","IDHmut-intact",32,"CR-ViT","ibs",0.11980068328394154
"Training cohort","IDHmut-intact",33,"CR-ViT","ibs",0.14129876032639715
"Training cohort","IDHmut-intact",34,"CR-ViT","ibs",0.15980393380086688
"Training cohort","IDHmut-intact",35,"CR-ViT","ibs",0.1291818912305573
"Training cohort","IDHmut-intact",36,"CR-ViT","ibs",0.13628266368140618
"Training cohort","IDHmut-intact",37,"CR-ViT","ibs",0.12788835095590606
"Training cohort","IDHmut-intact",38,"CR-ViT","ibs",0.14507835074400507
"Training cohort","IDHmut-intact",39,"CR-ViT","ibs",0.14190289276983725
"Training cohort","IDHmut-intact",40,"CR-ViT","ibs",0.16384562934559113
"Training cohort","IDHmut-intact",41,"CR-ViT","ibs",0.14031980031218083
"Training cohort","IDHmut-intact",42,"CR-ViT","ibs",0.14341196841045015
"Training cohort","IDHmut-intact",43,"CR-ViT","ibs",0.14243650249833345
"Training cohort","IDHmut-intact",44,"CR-ViT","ibs",0.14870733366537464
"Training cohort","IDHmut-intact",45,"CR-ViT","ibs",0.13743730058828552
"Training cohort","IDHmut-intact",46,"CR-ViT","ibs",0.140203289435798
"Training cohort","IDHmut-intact",47,"CR-ViT","ibs",0.13662285206794053
"Training cohort","IDHmut-intact",48,"CR-ViT","ibs",0.1601432156644975
"Training cohort","IDHmut-intact",49,"CR-ViT","ibs",0.13068943481367226
"Training cohort","IDHmut-intact",50,"CR-ViT","ibs",0.12249724559228047
"Training cohort","IDHmut-intact",51,"CR-ViT","ibs",0.15179105179094515
"Training cohort","IDHmut-intact",52,"CR-ViT","ibs",0.12853120796458117
"Training cohort","IDHmut-intact",53,"CR-ViT","ibs",0.12469836174575269
"Training cohort","IDHmut-intact",54,"CR-ViT","ibs",0.15908811223307331
"Training cohort","IDHmut-intact",55,"CR-ViT","ibs",0.14206145047493104
"Training cohort","IDHmut-intact",56,"CR-ViT","ibs",0.14935708622913993
"Training cohort","IDHmut-intact",57,"CR-ViT","ibs",0.12620213287070856
"Training cohort","IDHmut-intact",58,"CR-ViT","ibs",0.13785206758769863
"Training cohort","IDHmut-intact",59,"CR-ViT","ibs",0.13745360484697025
"Training cohort","IDHmut-intact",60,"CR-ViT","ibs",0.16626514281626786
"Training cohort","IDHmut-intact",61,"CR-ViT","ibs",0.13939155839598835
"Training cohort","IDHmut-intact",62,"CR-ViT","ibs",0.12645308483008444
"Training cohort","IDHmut-intact",63,"CR-ViT","ibs",0.17423007384888126
"Training cohort","IDHmut-intact",64,"CR-ViT","ibs",0.147928992244156
"Training cohort","IDHmut-intact",65,"CR-ViT","ibs",0.12628805789490988
"Training cohort","IDHmut-intact",66,"CR-ViT","ibs",0.1559457275459728
"Training cohort","IDHmut-intact",67,"CR-ViT","ibs",0.1606380710737821
"Training cohort","IDHmut-intact",68,"CR-ViT","ibs",0.14250146459352858
"Training cohort","IDHmut-intact",69,"CR-ViT","ibs",0.15826911150720316
"Training cohort","IDHmut-intact",70,"CR-ViT","ibs",0.1376538453634237
"Training cohort","IDHmut-intact",71,"CR-ViT","ibs",0.1448372205481342
"Training cohort","IDHmut-intact",72,"CR-ViT","ibs",0.1409605797564525
"Training cohort","IDHmut-intact",73,"CR-ViT","ibs",0.16054902994107556
"Training cohort","IDHmut-intact",74,"CR-ViT","ibs",0.13583949122340294
"Training cohort","IDHmut-intact",75,"CR-ViT","ibs",0.13619686622909125
"Training cohort","IDHmut-intact",76,"CR-ViT","ibs",0.1458367603160346
"Training cohort","IDHmut-intact",77,"CR-ViT","ibs",0.12820446008240394
"Training cohort","IDHmut-intact",78,"CR-ViT","ibs",0.13348355864067252
"Training cohort","IDHmut-intact",79,"CR-ViT","ibs",0.14300741496842473
"Training cohort","IDHmut-intact",80,"CR-ViT","ibs",0.13721050322862688
"Training cohort","IDHmut-intact",81,"CR-ViT","ibs",0.12078356062089886
"Training cohort","IDHmut-intact",82,"CR-ViT","ibs",0.1400429719132017
"Training cohort","IDHmut-intact",83,"CR-ViT","ibs",0.12361638692290629
"Training cohort","IDHmut-intact",84,"CR-ViT","ibs",0.14892451613812346
"Training cohort","IDHmut-intact",85,"CR-ViT","ibs",0.13758429905814837
"Training cohort","IDHmut-intact",86,"CR-ViT","ibs",0.131134881820665
"Training cohort","IDHmut-intact",87,"CR-ViT","ibs",0.1286989092600396
"Training cohort","IDHmut-intact",88,"CR-ViT","ibs",0.1251647919612622
"Training cohort","IDHmut-intact",89,"CR-ViT","ibs",0.1299105947126645
"Training cohort","IDHmut-intact",90,"CR-ViT","ibs",0.13182334634538567
"Training cohort","IDHmut-intact",91,"CR-ViT","ibs",0.1405801280519831
"Training cohort","IDHmut-intact",92,"CR-ViT","ibs",0.1194113698883429
"Training cohort","IDHmut-intact",93,"CR-ViT","ibs",0.146025022572611
"Training cohort","IDHmut-intact",94,"CR-ViT","ibs",0.1342227350242514
"Training cohort","IDHmut-intact",95,"CR-ViT","ibs",0.13439733694757397
"Training cohort","IDHmut-intact",96,"CR-ViT","ibs",0.15391198825264998
"Training cohort","IDHmut-intact",97,"CR-ViT","ibs",0.13837676873594848
"Training cohort","IDHmut-intact",98,"CR-ViT","ibs",0.16296631558830355
"Training cohort","IDHmut-intact",99,"CR-ViT","ibs",0.1411996300042541
"Training cohort","IDHmut-intact",100,"CR-ViT","ibs",0.1407198237784738
"Training cohort","IDHmut-codel",1,"3D-CNN","cindex",0.6705431309904153
"Training cohort","IDHmut-codel",2,"3D-CNN","cindex",0.6903963414634147
"Training cohort","IDHmut-codel",3,"3D-CNN","cindex",0.6370411261385592
"Training cohort","IDHmut-codel",4,"3D-CNN","cindex",0.6373684911439605
"Training cohort","IDHmut-codel",5,"3D-CNN","cindex",0.6541017122412471
"Training cohort","IDHmut-codel",6,"3D-CNN","cindex",0.7049479166666667
"Training cohort","IDHmut-codel",7,"3D-CNN","cindex",0.70004372540446
"Training cohort","IDHmut-codel",8,"3D-CNN","cindex",0.688113542282673
"Training cohort","IDHmut-codel",9,"3D-CNN","cindex",0.5994101744900466
"Training cohort","IDHmut-codel",10,"3D-CNN","cindex",0.6597069597069597
"Training cohort","IDHmut-codel",11,"3D-CNN","cindex",0.6385816896591039
"Training cohort","IDHmut-codel",12,"3D-CNN","cindex",0.6144505890839145
"Training cohort","IDHmut-codel",13,"3D-CNN","cindex",0.7060810810810811
"Training cohort","IDHmut-codel",14,"3D-CNN","cindex",0.6567618495434121
"Training cohort","IDHmut-codel",15,"3D-CNN","cindex",0.6227658765369501
"Training cohort","IDHmut-codel",16,"3D-CNN","cindex",0.6349527665317138
"Training cohort","IDHmut-codel",17,"3D-CNN","cindex",0.6901298701298701
"Training cohort","IDHmut-codel",18,"3D-CNN","cindex",0.6213901125795399
"Training cohort","IDHmut-codel",19,"3D-CNN","cindex",0.6914507772020726
"Training cohort","IDHmut-codel",20,"3D-CNN","cindex",0.6575450598605447
"Training cohort","IDHmut-codel",21,"3D-CNN","cindex",0.6351192804067266
"Training cohort","IDHmut-codel",22,"3D-CNN","cindex",0.5781415616535155
"Training cohort","IDHmut-codel",23,"3D-CNN","cindex",0.6062639821029083
"Training cohort","IDHmut-codel",24,"3D-CNN","cindex",0.6435395271077143
"Training cohort","IDHmut-codel",25,"3D-CNN","cindex",0.6264484356894554
"Training cohort","IDHmut-codel",26,"3D-CNN","cindex",0.6971452213487794
"Training cohort","IDHmut-codel",27,"3D-CNN","cindex",0.7029533805223334
"Training cohort","IDHmut-codel",28,"3D-CNN","cindex",0.6484354457007626
"Training cohort","IDHmut-codel",29,"3D-CNN","cindex",0.6585513565891473
"Training cohort","IDHmut-codel",30,"3D-CNN","cindex",0.6735764891104696
"Training cohort","IDHmut-codel",31,"3D-CNN","cindex",0.6486343145054362
"Training cohort","IDHmut-codel",32,"3D-CNN","cindex",0.6698176907494936
"Training cohort","IDHmut-codel",33,"3D-CNN","cindex",0.7169741240559614
"Training cohort","IDHmut-codel",34,"3D-CNN","cindex",0.690692572861172
"Training cohort","IDHmut-codel",35,"3D-CNN","cindex",0.649593106749641
"Training cohort","IDHmut-codel",36,"3D-CNN","cindex",0.6273826127382612
"Training cohort","IDHmut-codel",37,"3D-CNN","cindex",0.6532160925078294
"Training cohort","IDHmut-codel",38,"3D-CNN","cindex",0.6171830985915493
"Training cohort","IDHmut-codel",39,"3D-CNN","cindex",0.6874205844980941
"Training cohort","IDHmut-codel",40,"3D-CNN","cindex",0.6333900300928954
"Training cohort","IDHmut-codel",41,"3D-CNN","cindex",0.6732634338138925
"Training cohort","IDHmut-codel",42,"3D-CNN","cindex",0.652051282051282
"Training cohort","IDHmut-codel",43,"3D-CNN","cindex",0.693452741135181
"Training cohort","IDHmut-codel",44,"3D-CNN","cindex",0.6250180557561751
"Training cohort","IDHmut-codel",45,"3D-CNN","cindex",0.6938393066291871
"Training cohort","IDHmut-codel",46,"3D-CNN","cindex",0.6848243870112658
"Training cohort","IDHmut-codel",47,"3D-CNN","cindex",0.6811657879320445
"Training cohort","IDHmut-codel",48,"3D-CNN","cindex",0.7132938766218985
"Training cohort","IDHmut-codel",49,"3D-CNN","cindex",0.645686948721782
"Training cohort","IDHmut-codel",50,"3D-CNN","cindex",0.6854492593105358
"Training cohort","IDHmut-codel",51,"3D-CNN","cindex",0.6622900763358779
"Training cohort","IDHmut-codel",52,"3D-CNN","cindex",0.6788241698421339
"Training cohort","IDHmut-codel",53,"3D-CNN","cindex",0.636986301369863
"Training cohort","IDHmut-codel",54,"3D-CNN","cindex",0.7065698818897638
"Training cohort","IDHmut-codel",55,"3D-CNN","cindex",0.544521050315388
"Training cohort","IDHmut-codel",56,"3D-CNN","cindex",0.6201771505779913
"Training cohort","IDHmut-codel",57,"3D-CNN","cindex",0.6364283173247954
"Training cohort","IDHmut-codel",58,"3D-CNN","cindex",0.6194549144679617
"Training cohort","IDHmut-codel",59,"3D-CNN","cindex",0.7141848976711362
"Training cohort","IDHmut-codel",60,"3D-CNN","cindex",0.663093415007657
"Training cohort","IDHmut-codel",61,"3D-CNN","cindex",0.6198246198246198
"Training cohort","IDHmut-codel",62,"3D-CNN","cindex",0.6509913573970514
"Training cohort","IDHmut-codel",63,"3D-CNN","cindex",0.6181189829671686
"Training cohort","IDHmut-codel",64,"3D-CNN","cindex",0.6883244456918327
"Training cohort","IDHmut-codel",65,"3D-CNN","cindex",0.6866535336124108
"Training cohort","IDHmut-codel",66,"3D-CNN","cindex",0.7094441446303292
"Training cohort","IDHmut-codel",67,"3D-CNN","cindex",0.6630475950006313
"Training cohort","IDHmut-codel",68,"3D-CNN","cindex",0.6185350852669835
"Training cohort","IDHmut-codel",69,"3D-CNN","cindex",0.5929972684380432
"Training cohort","IDHmut-codel",70,"3D-CNN","cindex",0.6200321617275442
"Training cohort","IDHmut-codel",71,"3D-CNN","cindex",0.6475147637795275
"Training cohort","IDHmut-codel",72,"3D-CNN","cindex",0.7513912255726672
"Training cohort","IDHmut-codel",73,"3D-CNN","cindex",0.6745699674569967
"Training cohort","IDHmut-codel",74,"3D-CNN","cindex",0.6943813847900113
"Training cohort","IDHmut-codel",75,"3D-CNN","cindex",0.7075525269733106
"Training cohort","IDHmut-codel",76,"3D-CNN","cindex",0.6408194042981024
"Training cohort","IDHmut-codel",77,"3D-CNN","cindex",0.6477383664171819
"Training cohort","IDHmut-codel",78,"3D-CNN","cindex",0.627740631317058
"Training cohort","IDHmut-codel",79,"3D-CNN","cindex",0.6724137931034483
"Training cohort","IDHmut-codel",80,"3D-CNN","cindex",0.6202979970688813
"Training cohort","IDHmut-codel",81,"3D-CNN","cindex",0.6788226848528356
"Training cohort","IDHmut-codel",82,"3D-CNN","cindex",0.6070588235294118
"Training cohort","IDHmut-codel",83,"3D-CNN","cindex",0.5775804064055982
"Training cohort","IDHmut-codel",84,"3D-CNN","cindex",0.6543722520762091
"Training cohort","IDHmut-codel",85,"3D-CNN","cindex",0.634446878422782
"Training cohort","IDHmut-codel",86,"3D-CNN","cindex",0.5886765061698525
"Training cohort","IDHmut-codel",87,"3D-CNN","cindex",0.6517230204169817
"Training cohort","IDHmut-codel",88,"3D-CNN","cindex",0.6872523568793552
"Training cohort","IDHmut-codel",89,"3D-CNN","cindex",0.6945309026233881
"Training cohort","IDHmut-codel",90,"3D-CNN","cindex",0.6488462089723377
"Training cohort","IDHmut-codel",91,"3D-CNN","cindex",0.6660810494260951
"Training cohort","IDHmut-codel",92,"3D-CNN","cindex",0.6964863615349053
"Training cohort","IDHmut-codel",93,"3D-CNN","cindex",0.6224294290458552
"Training cohort","IDHmut-codel",94,"3D-CNN","cindex",0.6568157614483493
"Training cohort","IDHmut-codel",95,"3D-CNN","cindex",0.6743264659270999
"Training cohort","IDHmut-codel",96,"3D-CNN","cindex",0.6712975451847856
"Training cohort","IDHmut-codel",97,"3D-CNN","cindex",0.6266789117208128
"Training cohort","IDHmut-codel",98,"3D-CNN","cindex",0.6031655006308063
"Training cohort","IDHmut-codel",99,"3D-CNN","cindex",0.7348454702215148
"Training cohort","IDHmut-codel",100,"3D-CNN","cindex",0.6515077821011673
"Training cohort","IDHmut-codel",1,"Clinicoradiologic","cindex",0.7079233226837061
"Training cohort","IDHmut-codel",2,"Clinicoradiologic","cindex",0.6454268292682926
"Training cohort","IDHmut-codel",3,"Clinicoradiologic","cindex",0.7048026497377864
"Training cohort","IDHmut-codel",4,"Clinicoradiologic","cindex",0.6771207883872686
"Training cohort","IDHmut-codel",5,"Clinicoradiologic","cindex",0.6178124201380015
"Training cohort","IDHmut-codel",6,"Clinicoradiologic","cindex",0.6444010416666667
"Training cohort","IDHmut-codel",7,"Clinicoradiologic","cindex",0.6743186124471652
"Training cohort","IDHmut-codel",8,"Clinicoradiologic","cindex",0.6380839739798936
"Training cohort","IDHmut-codel",9,"Clinicoradiologic","cindex",0.675595969525682
"Training cohort","IDHmut-codel",10,"Clinicoradiologic","cindex",0.5945054945054945
"Training cohort","IDHmut-codel",11,"Clinicoradiologic","cindex",0.6665146505529587
"Training cohort","IDHmut-codel",12,"Clinicoradiologic","cindex",0.7333493628276028
"Training cohort","IDHmut-codel",13,"Clinicoradiologic","cindex",0.7454391891891892
"Training cohort","IDHmut-codel",14,"Clinicoradiologic","cindex",0.6548775184809392
"Training cohort","IDHmut-codel",15,"Clinicoradiologic","cindex",0.700659145645836
"Training cohort","IDHmut-codel",16,"Clinicoradiologic","cindex",0.6808367071524967
"Training cohort","IDHmut-codel",17,"Clinicoradiologic","cindex",0.6741558441558442
"Training cohort","IDHmut-codel",18,"Clinicoradiologic","cindex",0.6819627998042095
"Training cohort","IDHmut-codel",19,"Clinicoradiologic","cindex",0.7012953367875647
"Training cohort","IDHmut-codel",20,"Clinicoradiologic","cindex",0.6804367846336008
"Training cohort","IDHmut-codel",21,"Clinicoradiologic","cindex",0.6807456654934168
"Training cohort","IDHmut-codel",22,"Clinicoradiologic","cindex",0.6175951006948533
"Training cohort","IDHmut-codel",23,"Clinicoradiologic","cindex",0.726350271652285
"Training cohort","IDHmut-codel",24,"Clinicoradiologic","cindex",0.6288512061141629
"Training cohort","IDHmut-codel",25,"Clinicoradiologic","cindex",0.7654258400926999
"Training cohort","IDHmut-codel",26,"Clinicoradiologic","cindex",0.7037649979313199
"Training cohort","IDHmut-codel",27,"Clinicoradiologic","cindex",0.647546985599219
"Training cohort","IDHmut-codel",28,"Clinicoradiologic","cindex",0.6492242966079411
"Training cohort","IDHmut-codel",29,"Clinicoradiologic","cindex",0.6650920542635659
"Training cohort","IDHmut-codel",30,"Clinicoradiologic","cindex",0.7328785095775388
"Training cohort","IDHmut-codel",31,"Clinicoradiologic","cindex",0.662423760275789
"Training cohort","IDHmut-codel",32,"Clinicoradiologic","cindex",0.6636056718433491
"Training cohort","IDHmut-codel",33,"Clinicoradiologic","cindex",0.7247740497709545
"Training cohort","IDHmut-codel",34,"Clinicoradiologic","cindex",0.7420871200250705
"Training cohort","IDHmut-codel",35,"Clinicoradiologic","cindex",0.6310036700175523
"Training cohort","IDHmut-codel",36,"Clinicoradiologic","cindex",0.6592282659228266
"Training cohort","IDHmut-codel",37,"Clinicoradiologic","cindex",0.6816429775957601
"Training cohort","IDHmut-codel",38,"Clinicoradiologic","cindex",0.5925352112676057
"Training cohort","IDHmut-codel",39,"Clinicoradiologic","cindex",0.6176761259353382
"Training cohort","IDHmut-codel",40,"Clinicoradiologic","cindex",0.6676697631819966
"Training cohort","IDHmut-codel",41,"Clinicoradiologic","cindex",0.6176933158584534
"Training cohort","IDHmut-codel",42,"Clinicoradiologic","cindex",0.6460256410256411
"Training cohort","IDHmut-codel",43,"Clinicoradiologic","cindex",0.6768122957763524
"Training cohort","IDHmut-codel",44,"Clinicoradiologic","cindex",0.6888632095912177
"Training cohort","IDHmut-codel",45,"Clinicoradiologic","cindex",0.6721129070039822
"Training cohort","IDHmut-codel",46,"Clinicoradiologic","cindex",0.6826375082836316
"Training cohort","IDHmut-codel",47,"Clinicoradiologic","cindex",0.6156268306971295
"Training cohort","IDHmut-codel",48,"Clinicoradiologic","cindex",0.6385158206237196
"Training cohort","IDHmut-codel",49,"Clinicoradiologic","cindex",0.6927791897144566
"Training cohort","IDHmut-codel",50,"Clinicoradiologic","cindex",0.6987401356776962
"Training cohort","IDHmut-codel",51,"Clinicoradiologic","cindex",0.6710687022900763
"Training cohort","IDHmut-codel",52,"Clinicoradiologic","cindex",0.6969243331518781
"Training cohort","IDHmut-codel",53,"Clinicoradiologic","cindex",0.6375570776255708
"Training cohort","IDHmut-codel",54,"Clinicoradiologic","cindex",0.6975270669291338
"Training cohort","IDHmut-codel",55,"Clinicoradiologic","cindex",0.7454892181311428
"Training cohort","IDHmut-codel",56,"Clinicoradiologic","cindex",0.6675424110493919
"Training cohort","IDHmut-codel",57,"Clinicoradiologic","cindex",0.736274161034033
"Training cohort","IDHmut-codel",58,"Clinicoradiologic","cindex",0.633516961438098
"Training cohort","IDHmut-codel",59,"Clinicoradiologic","cindex",0.6852505292872265
"Training cohort","IDHmut-codel",60,"Clinicoradiologic","cindex",0.6220242238618962
"Training cohort","IDHmut-codel",61,"Clinicoradiologic","cindex",0.6539016539016539
"Training cohort","IDHmut-codel",62,"Clinicoradiologic","cindex",0.643111337061515
"Training cohort","IDHmut-codel",63,"Clinicoradiologic","cindex",0.6751419402616639
"Training cohort","IDHmut-codel",64,"Clinicoradiologic","cindex",0.6650294695481336
"Training cohort","IDHmut-codel",65,"Clinicoradiologic","cindex",0.6326028071903472
"Training cohort","IDHmut-codel",66,"Clinicoradiologic","cindex",0.7793847814355099
"Training cohort","IDHmut-codel",67,"Clinicoradiologic","cindex",0.6403231915162226
"Training cohort","IDHmut-codel",68,"Clinicoradiologic","cindex",0.6657813810455689
"Training cohort","IDHmut-codel",69,"Clinicoradiologic","cindex",0.7033772038738515
"Training cohort","IDHmut-codel",70,"Clinicoradiologic","cindex",0.7053756030323914
"Training cohort","IDHmut-codel",71,"Clinicoradiologic","cindex",0.6588951771653544
"Training cohort","IDHmut-codel",72,"Clinicoradiologic","cindex",0.7375436780121651
"Training cohort","IDHmut-codel",73,"Clinicoradiologic","cindex",0.67100573376724
"Training cohort","IDHmut-codel",74,"Clinicoradiologic","cindex",0.6549375709421112
"Training cohort","IDHmut-codel",75,"Clinicoradiologic","cindex",0.6159852356615559
"Training cohort","IDHmut-codel",76,"Clinicoradiologic","cindex",0.6760085459343974
"Training cohort","IDHmut-codel",77,"Clinicoradiologic","cindex",0.7368206963878946
"Training cohort","IDHmut-codel",78,"Clinicoradiologic","cindex",0.6625719172756959
"Training cohort","IDHmut-codel",79,"Clinicoradiologic","cindex",0.7043795620437956
"Training cohort","IDHmut-codel",80,"Clinicoradiologic","cindex",0.6675622862725941
"Training cohort","IDHmut-codel",81,"Clinicoradiologic","cindex",0.7068198133524767
"Training cohort","IDHmut-codel",82,"Clinicoradiologic","cindex",0.6696791443850267
"Training cohort","IDHmut-codel",83,"Clinicoradiologic","cindex",0.6777015206567084
"Training cohort","IDHmut-codel",84,"Clinicoradiologic","cindex",0.7017586712261846
"Training cohort","IDHmut-codel",85,"Clinicoradiologic","cindex",0.712486308871851
"Training cohort","IDHmut-codel",86,"Clinicoradiologic","cindex",0.7449794338253085
"Training cohort","IDHmut-codel",87,"Clinicoradiologic","cindex",0.5988981311439991
"Training cohort","IDHmut-codel",88,"Clinicoradiologic","cindex",0.7134854488318076
"Training cohort","IDHmut-codel",89,"Clinicoradiologic","cindex",0.6348006521416926
"Training cohort","IDHmut-codel",90,"Clinicoradiologic","cindex",0.7385695857818546
"Training cohort","IDHmut-codel",91,"Clinicoradiologic","cindex",0.6283672991332865
"Training cohort","IDHmut-codel",92,"Clinicoradiologic","cindex",0.6703652334720296
"Training cohort","IDHmut-codel",93,"Clinicoradiologic","cindex",0.6698173457657428
"Training cohort","IDHmut-codel",94,"Clinicoradiologic","cindex",0.6927582534611288
"Training cohort","IDHmut-codel",95,"Clinicoradiologic","cindex",0.6781299524564184
"Training cohort","IDHmut-codel",96,"Clinicoradiologic","cindex",0.713514971675209
"Training cohort","IDHmut-codel",97,"Clinicoradiologic","cindex",0.7257490529215934
"Training cohort","IDHmut-codel",98,"Clinicoradiologic","cindex",0.6430783346714073
"Training cohort","IDHmut-codel",99,"Clinicoradiologic","cindex",0.7073219259848786
"Training cohort","IDHmut-codel",100,"Clinicoradiologic","cindex",0.7193579766536965
"Training cohort","IDHmut-codel",1,"3D-ViT","cindex",0.6884345047923323
"Training cohort","IDHmut-codel",2,"3D-ViT","cindex",0.7214939024390243
"Training cohort","IDHmut-codel",3,"3D-ViT","cindex",0.6287606955561689
"Training cohort","IDHmut-codel",4,"3D-ViT","cindex",0.649753628978559
"Training cohort","IDHmut-codel",5,"3D-ViT","cindex",0.6824048044978277
"Training cohort","IDHmut-codel",6,"3D-ViT","cindex",0.7205729166666667
"Training cohort","IDHmut-codel",7,"3D-ViT","cindex",0.7420201136860516
"Training cohort","IDHmut-codel",8,"3D-ViT","cindex",0.7179183914843288
"Training cohort","IDHmut-codel",9,"3D-ViT","cindex",0.6491152617350701
"Training cohort","IDHmut-codel",10,"3D-ViT","cindex",0.7088522588522589
"Training cohort","IDHmut-codel",11,"3D-ViT","cindex",0.6715311823053244
"Training cohort","IDHmut-codel",12,"3D-ViT","cindex",0.6568886751622987
"Training cohort","IDHmut-codel",13,"3D-ViT","cindex",0.6934121621621622
"Training cohort","IDHmut-codel",14,"3D-ViT","cindex",0.7034352804754312
"Training cohort","IDHmut-codel",15,"3D-ViT","cindex",0.6412726581315756
"Training cohort","IDHmut-codel",16,"3D-ViT","cindex",0.6759784075573549
"Training cohort","IDHmut-codel",17,"3D-ViT","cindex",0.7092857142857143
"Training cohort","IDHmut-codel",18,"3D-ViT","cindex",0.6912628487518355
"Training cohort","IDHmut-codel",19,"3D-ViT","cindex",0.7125647668393782
"Training cohort","IDHmut-codel",20,"3D-ViT","cindex",0.6815550585449283
"Training cohort","IDHmut-codel",21,"3D-ViT","cindex",0.6828966236475036
"Training cohort","IDHmut-codel",22,"3D-ViT","cindex",0.627841243669768
"Training cohort","IDHmut-codel",23,"3D-ViT","cindex",0.6559603707254714
"Training cohort","IDHmut-codel",24,"3D-ViT","cindex",0.690291378074994
"Training cohort","IDHmut-codel",25,"3D-ViT","cindex",0.647595596755504
"Training cohort","IDHmut-codel",26,"3D-ViT","cindex",0.7176941111570818
"Training cohort","IDHmut-codel",27,"3D-ViT","cindex",0.7329143275567489
"Training cohort","IDHmut-codel",28,"3D-ViT","cindex",0.6886668419668682
"Training cohort","IDHmut-codel",29,"3D-ViT","cindex",0.7031855620155039
"Training cohort","IDHmut-codel",30,"3D-ViT","cindex",0.7023091052217265
"Training cohort","IDHmut-codel",31,"3D-ViT","cindex",0.6951736939803765
"Training cohort","IDHmut-codel",32,"3D-ViT","cindex",0.7060094530722485
"Training cohort","IDHmut-codel",33,"3D-ViT","cindex",0.7429119722669308
"Training cohort","IDHmut-codel",34,"3D-ViT","cindex",0.7592447508617988
"Training cohort","IDHmut-codel",35,"3D-ViT","cindex",0.6832615286420936
"Training cohort","IDHmut-codel",36,"3D-ViT","cindex",0.6397024639702464
"Training cohort","IDHmut-codel",37,"3D-ViT","cindex",0.692303059503734
"Training cohort","IDHmut-codel",38,"3D-ViT","cindex",0.6515492957746478
"Training cohort","IDHmut-codel",39,"3D-ViT","cindex",0.6590427784836934
"Training cohort","IDHmut-codel",40,"3D-ViT","cindex",0.6920711762396965
"Training cohort","IDHmut-codel",41,"3D-ViT","cindex",0.6848623853211009
"Training cohort","IDHmut-codel",42,"3D-ViT","cindex",0.661923076923077
"Training cohort","IDHmut-codel",43,"3D-ViT","cindex",0.7436161200532494
"Training cohort","IDHmut-codel",44,"3D-ViT","cindex",0.6864076267514083
"Training cohort","IDHmut-codel",45,"3D-ViT","cindex",0.6949519793862731
"Training cohort","IDHmut-codel",46,"3D-ViT","cindex",0.7268389662027833
"Training cohort","IDHmut-codel",47,"3D-ViT","cindex",0.7255418863503222
"Training cohort","IDHmut-codel",48,"3D-ViT","cindex",0.7454473025267471
"Training cohort","IDHmut-codel",49,"3D-ViT","cindex",0.6305875317685753
"Training cohort","IDHmut-codel",50,"3D-ViT","cindex",0.7183995569707877
"Training cohort","IDHmut-codel",51,"3D-ViT","cindex",0.6917557251908397
"Training cohort","IDHmut-codel",52,"3D-ViT","cindex",0.7197196516058791
"Training cohort","IDHmut-codel",53,"3D-ViT","cindex",0.6823947234906139
"Training cohort","IDHmut-codel",54,"3D-ViT","cindex",0.7391732283464567
"Training cohort","IDHmut-codel",55,"3D-ViT","cindex",0.5742995452545108
"Training cohort","IDHmut-codel",56,"3D-ViT","cindex",0.6651403693139168
"Training cohort","IDHmut-codel",57,"3D-ViT","cindex",0.676331080279853
"Training cohort","IDHmut-codel",58,"3D-ViT","cindex",0.623369092490577
"Training cohort","IDHmut-codel",59,"3D-ViT","cindex",0.7508821453775583
"Training cohort","IDHmut-codel",60,"3D-ViT","cindex",0.6646944173743561
"Training cohort","IDHmut-codel",61,"3D-ViT","cindex",0.6596736596736597
"Training cohort","IDHmut-codel",62,"3D-ViT","cindex",0.7095195729537367
"Training cohort","IDHmut-codel",63,"3D-ViT","cindex",0.6526783510244384
"Training cohort","IDHmut-codel",64,"3D-ViT","cindex",0.6971653101319113
"Training cohort","IDHmut-codel",65,"3D-ViT","cindex",0.6904703275055405
"Training cohort","IDHmut-codel",66,"3D-ViT","cindex",0.7377765785213168
"Training cohort","IDHmut-codel",67,"3D-ViT","cindex",0.7019315742961747
"Training cohort","IDHmut-codel",68,"3D-ViT","cindex",0.6788509924517753
"Training cohort","IDHmut-codel",69,"3D-ViT","cindex",0.6324186739508318
"Training cohort","IDHmut-codel",70,"3D-ViT","cindex",0.6393291982540776
"Training cohort","IDHmut-codel",71,"3D-ViT","cindex",0.6974040354330708
"Training cohort","IDHmut-codel",72,"3D-ViT","cindex",0.6784004141322635
"Training cohort","IDHmut-codel",73,"3D-ViT","cindex",0.6766620176662017
"Training cohort","IDHmut-codel",74,"3D-ViT","cindex",0.718927355278093
"Training cohort","IDHmut-codel",75,"3D-ViT","cindex",0.7275695627484384
"Training cohort","IDHmut-codel",76,"3D-ViT","cindex",0.6810355661681539
"Training cohort","IDHmut-codel",77,"3D-ViT","cindex",0.6623006833712984
"Training cohort","IDHmut-codel",78,"3D-ViT","cindex",0.7005908878867984
"Training cohort","IDHmut-codel",79,"3D-ViT","cindex",0.6879562043795621
"Training cohort","IDHmut-codel",80,"3D-ViT","cindex",0.6477161700048852
"Training cohort","IDHmut-codel",81,"3D-ViT","cindex",0.7075376884422111
"Training cohort","IDHmut-codel",82,"3D-ViT","cindex",0.672620320855615
"Training cohort","IDHmut-codel",83,"3D-ViT","cindex",0.6037545417844166
"Training cohort","IDHmut-codel",84,"3D-ViT","cindex",0.6969956033219346
"Training cohort","IDHmut-codel",85,"3D-ViT","cindex",0.6682639649507119
"Training cohort","IDHmut-codel",86,"3D-ViT","cindex",0.6469271715460925
"Training cohort","IDHmut-codel",87,"3D-ViT","cindex",0.6870476396240683
"Training cohort","IDHmut-codel",88,"3D-ViT","cindex",0.7076103292799563
"Training cohort","IDHmut-codel",89,"3D-ViT","cindex",0.7060174892544835
"Training cohort","IDHmut-codel",90,"3D-ViT","cindex",0.6626773684964884
"Training cohort","IDHmut-codel",91,"3D-ViT","cindex",0.7094167252283907
"Training cohort","IDHmut-codel",92,"3D-ViT","cindex",0.7406380027739251
"Training cohort","IDHmut-codel",93,"3D-ViT","cindex",0.6507216758206668
"Training cohort","IDHmut-codel",94,"3D-ViT","cindex",0.6811767838125665
"Training cohort","IDHmut-codel",95,"3D-ViT","cindex",0.7080031695721077
"Training cohort","IDHmut-codel",96,"3D-ViT","cindex",0.7015106555165902
"Training cohort","IDHmut-codel",97,"3D-ViT","cindex",0.6628400872460107
"Training cohort","IDHmut-codel",98,"3D-ViT","cindex",0.6547195779332492
"Training cohort","IDHmut-codel",99,"3D-ViT","cindex",0.7604456824512535
"Training cohort","IDHmut-codel",100,"3D-ViT","cindex",0.7147981517509727
"Training cohort","IDHmut-codel",1,"CR-ViT","cindex",0.7874760383386581
"Training cohort","IDHmut-codel",2,"CR-ViT","cindex",0.7701219512195122
"Training cohort","IDHmut-codel",3,"CR-ViT","cindex",0.7524151255865306
"Training cohort","IDHmut-codel",4,"CR-ViT","cindex",0.7268611000133174
"Training cohort","IDHmut-codel",5,"CR-ViT","cindex",0.7055967288525428
"Training cohort","IDHmut-codel",6,"CR-ViT","cindex",0.7619791666666667
"Training cohort","IDHmut-codel",7,"CR-ViT","cindex",0.7925958315114414
"Training cohort","IDHmut-codel",8,"CR-ViT","cindex",0.768066232998226
"Training cohort","IDHmut-codel",9,"CR-ViT","cindex",0.7117227820103219
"Training cohort","IDHmut-codel",10,"CR-ViT","cindex",0.7122100122100122
"Training cohort","IDHmut-codel",11,"CR-ViT","cindex",0.7509976057462091
"Training cohort","IDHmut-codel",12,"CR-ViT","cindex",0.7470545804279876
"Training cohort","IDHmut-codel",13,"CR-ViT","cindex",0.8231418918918919
"Training cohort","IDHmut-codel",14,"CR-ViT","cindex",0.7630091317582258
"Training cohort","IDHmut-codel",15,"CR-ViT","cindex",0.7341868424388389
"Training cohort","IDHmut-codel",16,"CR-ViT","cindex",0.7572199730094467
"Training cohort","IDHmut-codel",17,"CR-ViT","cindex",0.7744155844155844
"Training cohort","IDHmut-codel",18,"CR-ViT","cindex",0.7578316201664219
"Training cohort","IDHmut-codel",19,"CR-ViT","cindex",0.7733160621761659
"Training cohort","IDHmut-codel",20,"CR-ViT","cindex",0.7484541507696356
"Training cohort","IDHmut-codel",21,"CR-ViT","cindex",0.7555729370355886
"Training cohort","IDHmut-codel",22,"CR-ViT","cindex",0.676363208102697
"Training cohort","IDHmut-codel",23,"CR-ViT","cindex",0.7595078299776286
"Training cohort","IDHmut-codel",24,"CR-ViT","cindex",0.7233102459995223
"Training cohort","IDHmut-codel",25,"CR-ViT","cindex",0.7747682502896871
"Training cohort","IDHmut-codel",26,"CR-ViT","cindex",0.7787891325334437
"Training cohort","IDHmut-codel",27,"CR-ViT","cindex",0.798022943617281
"Training cohort","IDHmut-codel",28,"CR-ViT","cindex",0.7483565606100447
"Training cohort","IDHmut-codel",29,"CR-ViT","cindex",0.7693798449612403
"Training cohort","IDHmut-codel",30,"CR-ViT","cindex",0.7889005510364734
"Training cohort","IDHmut-codel",31,"CR-ViT","cindex",0.751127022010077
"Training cohort","IDHmut-codel",32,"CR-ViT","cindex",0.7547602970965563
"Training cohort","IDHmut-codel",33,"CR-ViT","cindex",0.8094589575337378
"Training cohort","IDHmut-codel",34,"CR-ViT","cindex",0.8422124725791288
"Training cohort","IDHmut-codel",35,"CR-ViT","cindex",0.7580979735120472
"Training cohort","IDHmut-codel",36,"CR-ViT","cindex",0.7175732217573222
"Training cohort","IDHmut-codel",37,"CR-ViT","cindex",0.7486147916164779
"Training cohort","IDHmut-codel",38,"CR-ViT","cindex",0.7019718309859155
"Training cohort","IDHmut-codel",39,"CR-ViT","cindex",0.709162784131018
"Training cohort","IDHmut-codel",40,"CR-ViT","cindex",0.7826769593091718
"Training cohort","IDHmut-codel",41,"CR-ViT","cindex",0.7264744429882044
"Training cohort","IDHmut-codel",42,"CR-ViT","cindex",0.7547435897435897
"Training cohort","IDHmut-codel",43,"CR-ViT","cindex",0.7788938642139659
"Training cohort","IDHmut-codel",44,"CR-ViT","cindex",0.7781308681207568
"Training cohort","IDHmut-codel",45,"CR-ViT","cindex",0.773600374795034
"Training cohort","IDHmut-codel",46,"CR-ViT","cindex",0.7893969516235918
"Training cohort","IDHmut-codel",47,"CR-ViT","cindex",0.7438488576449912
"Training cohort","IDHmut-codel",48,"CR-ViT","cindex",0.7731618483951741
"Training cohort","IDHmut-codel",49,"CR-ViT","cindex",0.7294064882643145
"Training cohort","IDHmut-codel",50,"CR-ViT","cindex",0.7927453966495916
"Training cohort","IDHmut-codel",51,"CR-ViT","cindex",0.771145038167939
"Training cohort","IDHmut-codel",52,"CR-ViT","cindex",0.8028034839412085
"Training cohort","IDHmut-codel",53,"CR-ViT","cindex",0.7407407407407407
"Training cohort","IDHmut-codel",54,"CR-ViT","cindex",0.8099163385826771
"Training cohort","IDHmut-codel",55,"CR-ViT","cindex",0.7116033445797272
"Training cohort","IDHmut-codel",56,"CR-ViT","cindex",0.7315718360606516
"Training cohort","IDHmut-codel",57,"CR-ViT","cindex",0.7439819755721571
"Training cohort","IDHmut-codel",58,"CR-ViT","cindex",0.6928095100028994
"Training cohort","IDHmut-codel",59,"CR-ViT","cindex",0.7925194071983063
"Training cohort","IDHmut-codel",60,"CR-ViT","cindex",0.7267158568843102
"Training cohort","IDHmut-codel",61,"CR-ViT","cindex",0.7424797424797425
"Training cohort","IDHmut-codel",62,"CR-ViT","cindex",0.7613116420945603
"Training cohort","IDHmut-codel",63,"CR-ViT","cindex",0.7213033818810171
"Training cohort","IDHmut-codel",64,"CR-ViT","cindex",0.7726634858265506
"Training cohort","IDHmut-codel",65,"CR-ViT","cindex",0.7386111795124354
"Training cohort","IDHmut-codel",66,"CR-ViT","cindex",0.8261198057204533
"Training cohort","IDHmut-codel",67,"CR-ViT","cindex",0.73664941295291
"Training cohort","IDHmut-codel",68,"CR-ViT","cindex",0.7226726306961141
"Training cohort","IDHmut-codel",69,"CR-ViT","cindex",0.7380183759622547
"Training cohort","IDHmut-codel",70,"CR-ViT","cindex",0.7491385251550655
"Training cohort","IDHmut-codel",71,"CR-ViT","cindex",0.7360974409448819
"Training cohort","IDHmut-codel",72,"CR-ViT","cindex",0.7755920797204607
"Training cohort","IDHmut-codel",73,"CR-ViT","cindex",0.7452347745234774
"Training cohort","IDHmut-codel",74,"CR-ViT","cindex",0.7841940976163451
"Training cohort","IDHmut-codel",75,"CR-ViT","cindex",0.76618398637138
"Training cohort","IDHmut-codel",76,"CR-ViT","cindex",0.7624732939550082
"Training cohort","IDHmut-codel",77,"CR-ViT","cindex",0.7892938496583144
"Training cohort","IDHmut-codel",78,"CR-ViT","cindex",0.7681542528378168
"Training cohort","IDHmut-codel",79,"CR-ViT","cindex",0.776743015353637
"Training cohort","IDHmut-codel",80,"CR-ViT","cindex",0.711895456765999
"Training cohort","IDHmut-codel",81,"CR-ViT","cindex",0.7979899497487437
"Training cohort","IDHmut-codel",82,"CR-ViT","cindex",0.760855614973262
"Training cohort","IDHmut-codel",83,"CR-ViT","cindex",0.6914278024491993
"Training cohort","IDHmut-codel",84,"CR-ViT","cindex",0.7684416218856864
"Training cohort","IDHmut-codel",85,"CR-ViT","cindex",0.7697152245345016
"Training cohort","IDHmut-codel",86,"CR-ViT","cindex",0.7654246310186306
"Training cohort","IDHmut-codel",87,"CR-ViT","cindex",0.726909365885276
"Training cohort","IDHmut-codel",88,"CR-ViT","cindex",0.7771553490914059
"Training cohort","IDHmut-codel",89,"CR-ViT","cindex",0.7379576107899808
"Training cohort","IDHmut-codel",90,"CR-ViT","cindex",0.7719650279489751
"Training cohort","IDHmut-codel",91,"CR-ViT","cindex",0.7478332162098852
"Training cohort","IDHmut-codel",92,"CR-ViT","cindex",0.7944983818770226
"Training cohort","IDHmut-codel",93,"CR-ViT","cindex",0.7149061182781964
"Training cohort","IDHmut-codel",94,"CR-ViT","cindex",0.7697018104366347
"Training cohort","IDHmut-codel",95,"CR-ViT","cindex",0.8023771790808241
"Training cohort","IDHmut-codel",96,"CR-ViT","cindex",0.781629349878608
"Training cohort","IDHmut-codel",97,"CR-ViT","cindex",0.7718976007347033
"Training cohort","IDHmut-codel",98,"CR-ViT","cindex",0.7302442940704209
"Training cohort","IDHmut-codel",99,"CR-ViT","cindex",0.7978511738957421
"Training cohort","IDHmut-codel",100,"CR-ViT","cindex",0.7771157587548638
"Training cohort","IDHmut-codel",1,"3D-CNN","iauc",0.6952702820833617
"Training cohort","IDHmut-codel",2,"3D-CNN","iauc",0.7367691862564089
"Training cohort","IDHmut-codel",3,"3D-CNN","iauc",0.7195854774165314
"Training cohort","IDHmut-codel",4,"3D-CNN","iauc",0.684093866894247
"Training cohort","IDHmut-codel",5,"3D-CNN","iauc",0.7336004825032743
"Training cohort","IDHmut-codel",6,"3D-CNN","iauc",0.7622827828146105
"Training cohort","IDHmut-codel",7,"3D-CNN","iauc",0.7548392418709539
"Training cohort","IDHmut-codel",8,"3D-CNN","iauc",0.7292217258101492
"Training cohort","IDHmut-codel",9,"3D-CNN","iauc",0.6368380556109009
"Training cohort","IDHmut-codel",10,"3D-CNN","iauc",0.7057944226794076
"Training cohort","IDHmut-codel",11,"3D-CNN","iauc",0.6937685024749297
"Training cohort","IDHmut-codel",12,"3D-CNN","iauc",0.6662245883417212
"Training cohort","IDHmut-codel",13,"3D-CNN","iauc",0.7565574503319439
"Training cohort","IDHmut-codel",14,"3D-CNN","iauc",0.7213830102518509
"Training cohort","IDHmut-codel",15,"3D-CNN","iauc",0.6635164151400997
"Training cohort","IDHmut-codel",16,"3D-CNN","iauc",0.644521479531304
"Training cohort","IDHmut-codel",17,"3D-CNN","iauc",0.7487038593215736
"Training cohort","IDHmut-codel",18,"3D-CNN","iauc",0.6481772817775568
"Training cohort","IDHmut-codel",19,"3D-CNN","iauc",0.73403191063487
"Training cohort","IDHmut-codel",20,"3D-CNN","iauc",0.7006069517538419
"Training cohort","IDHmut-codel",21,"3D-CNN","iauc",0.6596021440066995
"Training cohort","IDHmut-codel",22,"3D-CNN","iauc",0.6128548993887578
"Training cohort","IDHmut-codel",23,"3D-CNN","iauc",0.6335639167380785
"Training cohort","IDHmut-codel",24,"3D-CNN","iauc",0.6926606097734974
"Training cohort","IDHmut-codel",25,"3D-CNN","iauc",0.6239208816137587
"Training cohort","IDHmut-codel",26,"3D-CNN","iauc",0.7589124890323972
"Training cohort","IDHmut-codel",27,"3D-CNN","iauc",0.768198406583522
"Training cohort","IDHmut-codel",28,"3D-CNN","iauc",0.6924858171771757
"Training cohort","IDHmut-codel",29,"3D-CNN","iauc",0.7340956563614139
"Training cohort","IDHmut-codel",30,"3D-CNN","iauc",0.7175232824705524
"Training cohort","IDHmut-codel",31,"3D-CNN","iauc",0.6972839131387172
"Training cohort","IDHmut-codel",32,"3D-CNN","iauc",0.7298899779497321
"Training cohort","IDHmut-codel",33,"3D-CNN","iauc",0.7631808524790009
"Training cohort","IDHmut-codel",34,"3D-CNN","iauc",0.7586126761177688
"Training cohort","IDHmut-codel",35,"3D-CNN","iauc",0.7203003967007244
"Training cohort","IDHmut-codel",36,"3D-CNN","iauc",0.6707638260762541
"Training cohort","IDHmut-codel",37,"3D-CNN","iauc",0.713790920009086
"Training cohort","IDHmut-codel",38,"3D-CNN","iauc",0.6679106694070415
"Training cohort","IDHmut-codel",39,"3D-CNN","iauc",0.7265185885080665
"Training cohort","IDHmut-codel",40,"3D-CNN","iauc",0.6932976108241163
"Training cohort","IDHmut-codel",41,"3D-CNN","iauc",0.7375544251831758
"Training cohort","IDHmut-codel",42,"3D-CNN","iauc",0.7104953596998161
"Training cohort","IDHmut-codel",43,"3D-CNN","iauc",0.7543186734916835
"Training cohort","IDHmut-codel",44,"3D-CNN","iauc",0.6740118986514787
"Training cohort","IDHmut-codel",45,"3D-CNN","iauc",0.7595614526873937
"Training cohort","IDHmut-codel",46,"3D-CNN","iauc",0.7285856845803933
"Training cohort","IDHmut-codel",47,"3D-CNN","iauc",0.7578454383322025
"Training cohort","IDHmut-codel",48,"3D-CNN","iauc",0.7736672919343639
"Training cohort","IDHmut-codel",49,"3D-CNN","iauc",0.6974472943531168
"Training cohort","IDHmut-codel",50,"3D-CNN","iauc",0.7295116765665628
"Training cohort","IDHmut-codel",51,"3D-CNN","iauc",0.70680940599434
"Training cohort","IDHmut-codel",52,"3D-CNN","iauc",0.725065062434694
"Training cohort","IDHmut-codel",53,"3D-CNN","iauc",0.6887814119243869
"Training cohort","IDHmut-codel",54,"3D-CNN","iauc",0.7511305235552239
"Training cohort","IDHmut-codel",55,"3D-CNN","iauc",0.6141221703968928
"Training cohort","IDHmut-codel",56,"3D-CNN","iauc",0.681094626569094
"Training cohort","IDHmut-codel",57,"3D-CNN","iauc",0.6989774974538338
"Training cohort","IDHmut-codel",58,"3D-CNN","iauc",0.6718768507194842
"Training cohort","IDHmut-codel",59,"3D-CNN","iauc",0.7634448693281184
"Training cohort","IDHmut-codel",60,"3D-CNN","iauc",0.7228854980546628
"Training cohort","IDHmut-codel",61,"3D-CNN","iauc",0.6707749400394359
"Training cohort","IDHmut-codel",62,"3D-CNN","iauc",0.6866284477901764
"Training cohort","IDHmut-codel",63,"3D-CNN","iauc",0.6651723242928084
"Training cohort","IDHmut-codel",64,"3D-CNN","iauc",0.7364770071616396
"Training cohort","IDHmut-codel",65,"3D-CNN","iauc",0.7413195540547286
"Training cohort","IDHmut-codel",66,"3D-CNN","iauc",0.759015247250039
"Training cohort","IDHmut-codel",67,"3D-CNN","iauc",0.6993529830389761
"Training cohort","IDHmut-codel",68,"3D-CNN","iauc",0.6544701190341645
"Training cohort","IDHmut-codel",69,"3D-CNN","iauc",0.6378556035711823
"Training cohort","IDHmut-codel",70,"3D-CNN","iauc",0.6576710592478603
"Training cohort","IDHmut-codel",71,"3D-CNN","iauc",0.7004694064416461
"Training cohort","IDHmut-codel",72,"3D-CNN","iauc",0.8215517077045571
"Training cohort","IDHmut-codel",73,"3D-CNN","iauc",0.7192978911574954
"Training cohort","IDHmut-codel",74,"3D-CNN","iauc",0.7255006472983327
"Training cohort","IDHmut-codel",75,"3D-CNN","iauc",0.7627689547375474
"Training cohort","IDHmut-codel",76,"3D-CNN","iauc",0.7164800894901588
"Training cohort","IDHmut-codel",77,"3D-CNN","iauc",0.7211280721466904
"Training cohort","IDHmut-codel",78,"3D-CNN","iauc",0.6560062488256132
"Training cohort","IDHmut-codel",79,"3D-CNN","iauc",0.7176078219037341
"Training cohort","IDHmut-codel",80,"3D-CNN","iauc",0.6793981388730449
"Training cohort","IDHmut-codel",81,"3D-CNN","iauc",0.7340338730731676
"Training cohort","IDHmut-codel",82,"3D-CNN","iauc",0.6700393091005059
"Training cohort","IDHmut-codel",83,"3D-CNN","iauc",0.5783155968539871
"Training cohort","IDHmut-codel",84,"3D-CNN","iauc",0.6963083544064136
"Training cohort","IDHmut-codel",85,"3D-CNN","iauc",0.6829787900758518
"Training cohort","IDHmut-codel",86,"3D-CNN","iauc",0.6288076047320605
"Training cohort","IDHmut-codel",87,"3D-CNN","iauc",0.7034658731103998
"Training cohort","IDHmut-codel",88,"3D-CNN","iauc",0.7198235552168595
"Training cohort","IDHmut-codel",89,"3D-CNN","iauc",0.7646330989343412
"Training cohort","IDHmut-codel",90,"3D-CNN","iauc",0.7001550802138259
"Training cohort","IDHmut-codel",91,"3D-CNN","iauc",0.7191629026997433
"Training cohort","IDHmut-codel",92,"3D-CNN","iauc",0.7663260171079941
"Training cohort","IDHmut-codel",93,"3D-CNN","iauc",0.6674743205194064
"Training cohort","IDHmut-codel",94,"3D-CNN","iauc",0.7246425137687768
"Training cohort","IDHmut-codel",95,"3D-CNN","iauc",0.7089602177963099
"Training cohort","IDHmut-codel",96,"3D-CNN","iauc",0.7604942624843566
"Training cohort","IDHmut-codel",97,"3D-CNN","iauc",0.6735854080941427
"Training cohort","IDHmut-codel",98,"3D-CNN","iauc",0.6429385493623673
"Training cohort","IDHmut-codel",99,"3D-CNN","iauc",0.8050111892672674
"Training cohort","IDHmut-codel",100,"3D-CNN","iauc",0.6929473932791491
"Training cohort","IDHmut-codel",1,"Clinicoradiologic","iauc",0.7260491602278061
"Training cohort","IDHmut-codel",2,"Clinicoradiologic","iauc",0.6450096859863483
"Training cohort","IDHmut-codel",3,"Clinicoradiologic","iauc",0.7010322168830617
"Training cohort","IDHmut-codel",4,"Clinicoradiologic","iauc",0.666174641313184
"Training cohort","IDHmut-codel",5,"Clinicoradiologic","iauc",0.6052002027281228
"Training cohort","IDHmut-codel",6,"Clinicoradiologic","iauc",0.6680295883958771
"Training cohort","IDHmut-codel",7,"Clinicoradiologic","iauc",0.7073566992702817
"Training cohort","IDHmut-codel",8,"Clinicoradiologic","iauc",0.648955505004989
"Training cohort","IDHmut-codel",9,"Clinicoradiologic","iauc",0.683351016914852
"Training cohort","IDHmut-codel",10,"Clinicoradiologic","iauc",0.595495791684401
"Training cohort","IDHmut-codel",11,"Clinicoradiologic","iauc",0.679808426689935
"Training cohort","IDHmut-codel",12,"Clinicoradiologic","iauc",0.7608523702499694
"Training cohort","IDHmut-codel",13,"Clinicoradiologic","iauc",0.750996052057444
"Training cohort","IDHmut-codel",14,"Clinicoradiologic","iauc",0.6684278718644218
"Training cohort","IDHmut-codel",15,"Clinicoradiologic","iauc",0.6802890820629014
"Training cohort","IDHmut-codel",16,"Clinicoradiologic","iauc",0.7072016116197843
"Training cohort","IDHmut-codel",17,"Clinicoradiologic","iauc",0.6542105041986584
"Training cohort","IDHmut-codel",18,"Clinicoradiologic","iauc",0.693456641419922
"Training cohort","IDHmut-codel",19,"Clinicoradiologic","iauc",0.7118689631829019
"Training cohort","IDHmut-codel",20,"Clinicoradiologic","iauc",0.6913409764106955
"Training cohort","IDHmut-codel",21,"Clinicoradiologic","iauc",0.702169028181787
"Training cohort","IDHmut-codel",22,"Clinicoradiologic","iauc",0.645506596760028
"Training cohort","IDHmut-codel",23,"Clinicoradiologic","iauc",0.7387863238437865
"Training cohort","IDHmut-codel",24,"Clinicoradiologic","iauc",0.6282896811687256
"Training cohort","IDHmut-codel",25,"Clinicoradiologic","iauc",0.7594872200402741
"Training cohort","IDHmut-codel",26,"Clinicoradiologic","iauc",0.7290761479189635
"Training cohort","IDHmut-codel",27,"Clinicoradiologic","iauc",0.6664339686325891
"Training cohort","IDHmut-codel",28,"Clinicoradiologic","iauc",0.677018543357791
"Training cohort","IDHmut-codel",29,"Clinicoradiologic","iauc",0.6732131127180677
"Training cohort","IDHmut-codel",30,"Clinicoradiologic","iauc",0.7592009768288721
"Training cohort","IDHmut-codel",31,"Clinicoradiologic","iauc",0.7021333252404847
"Training cohort","IDHmut-codel",32,"Clinicoradiologic","iauc",0.6548371144382096
"Training cohort","IDHmut-codel",33,"Clinicoradiologic","iauc",0.7413342564445098
"Training cohort","IDHmut-codel",34,"Clinicoradiologic","iauc",0.7606806591377534
"Training cohort","IDHmut-codel",35,"Clinicoradiologic","iauc",0.6046019966011895
"Training cohort","IDHmut-codel",36,"Clinicoradiologic","iauc",0.6874980389173896
"Training cohort","IDHmut-codel",37,"Clinicoradiologic","iauc",0.7263196438597609
"Training cohort","IDHmut-codel",38,"Clinicoradiologic","iauc",0.5792877396377002
"Training cohort","IDHmut-codel",39,"Clinicoradiologic","iauc",0.6179830474727162
"Training cohort","IDHmut-codel",40,"Clinicoradiologic","iauc",0.6758517272018729
"Training cohort","IDHmut-codel",41,"Clinicoradiologic","iauc",0.6113094665952186
"Training cohort","IDHmut-codel",42,"Clinicoradiologic","iauc",0.6463015555970909
"Training cohort","IDHmut-codel",43,"Clinicoradiologic","iauc",0.6860332382002227
"Training cohort","IDHmut-codel",44,"Clinicoradiologic","iauc",0.6869474987254542
"Training cohort","IDHmut-codel",45,"Clinicoradiologic","iauc",0.6576022994805147
"Training cohort","IDHmut-codel",46,"Clinicoradiologic","iauc",0.6786115548031345
"Training cohort","IDHmut-codel",47,"Clinicoradiologic","iauc",0.5989187706486951
"Training cohort","IDHmut-codel",48,"Clinicoradiologic","iauc",0.6569697334783321
"Training cohort","IDHmut-codel",49,"Clinicoradiologic","iauc",0.6830355570002193
"Training cohort","IDHmut-codel",50,"Clinicoradiologic","iauc",0.6996595752378805
"Training cohort","IDHmut-codel",51,"Clinicoradiologic","iauc",0.6774275776226325
"Training cohort","IDHmut-codel",52,"Clinicoradiologic","iauc",0.6995828092842263
"Training cohort","IDHmut-codel",53,"Clinicoradiologic","iauc",0.6256550445058584
"Training cohort","IDHmut-codel",54,"Clinicoradiologic","iauc",0.7465511632717227
"Training cohort","IDHmut-codel",55,"Clinicoradiologic","iauc",0.7763828139349852
"Training cohort","IDHmut-codel",56,"Clinicoradiologic","iauc",0.6467068968121054
"Training cohort","IDHmut-codel",57,"Clinicoradiologic","iauc",0.7511970506822808
"Training cohort","IDHmut-codel",58,"Clinicoradiologic","iauc",0.624387875985914
"Training cohort","IDHmut-codel",59,"Clinicoradiologic","iauc",0.7178389050794081
"Training cohort","IDHmut-codel",60,"Clinicoradiologic","iauc",0.643360009449062
"Training cohort","IDHmut-codel",61,"Clinicoradiologic","iauc",0.6294000940987867
"Training cohort","IDHmut-codel",62,"Clinicoradiologic","iauc",0.6407577970589585
"Training cohort","IDHmut-codel",63,"Clinicoradiologic","iauc",0.6568055566663662
"Training cohort","IDHmut-codel",64,"Clinicoradiologic","iauc",0.649077691731094
"Training cohort","IDHmut-codel",65,"Clinicoradiologic","iauc",0.6579588630507882
"Training cohort","IDHmut-codel",66,"Clinicoradiologic","iauc",0.8189765021237541
"Training cohort","IDHmut-codel",67,"Clinicoradiologic","iauc",0.6432474918027252
"Training cohort","IDHmut-codel",68,"Clinicoradiologic","iauc",0.6933883320781339
"Training cohort","IDHmut-codel",69,"Clinicoradiologic","iauc",0.731335138870132
"Training cohort","IDHmut-codel",70,"Clinicoradiologic","iauc",0.7312333535611474
"Training cohort","IDHmut-codel",71,"Clinicoradiologic","iauc",0.6681577114174712
"Training cohort","IDHmut-codel",72,"Clinicoradiologic","iauc",0.7554852969067711
"Training cohort","IDHmut-codel",73,"Clinicoradiologic","iauc",0.6830773789382174
"Training cohort","IDHmut-codel",74,"Clinicoradiologic","iauc",0.6536500075198223
"Training cohort","IDHmut-codel",75,"Clinicoradiologic","iauc",0.6283496166402969
"Training cohort","IDHmut-codel",76,"Clinicoradiologic","iauc",0.6794610181516145
"Training cohort","IDHmut-codel",77,"Clinicoradiologic","iauc",0.7301202067071243
"Training cohort","IDHmut-codel",78,"Clinicoradiologic","iauc",0.6560351594997222
"Training cohort","IDHmut-codel",79,"Clinicoradiologic","iauc",0.7084547575571541
"Training cohort","IDHmut-codel",80,"Clinicoradiologic","iauc",0.6946242325697114
"Training cohort","IDHmut-codel",81,"Clinicoradiologic","iauc",0.6903707270737162
"Training cohort","IDHmut-codel",82,"Clinicoradiologic","iauc",0.6858192981596747
"Training cohort","IDHmut-codel",83,"Clinicoradiologic","iauc",0.675506910184903
"Training cohort","IDHmut-codel",84,"Clinicoradiologic","iauc",0.7268210447620398
"Training cohort","IDHmut-codel",85,"Clinicoradiologic","iauc",0.7053515355083149
"Training cohort","IDHmut-codel",86,"Clinicoradiologic","iauc",0.7796466319257992
"Training cohort","IDHmut-codel",87,"Clinicoradiologic","iauc",0.6253199608957865
"Training cohort","IDHmut-codel",88,"Clinicoradiologic","iauc",0.714050002143962
"Training cohort","IDHmut-codel",89,"Clinicoradiologic","iauc",0.6503394058015634
"Training cohort","IDHmut-codel",90,"Clinicoradiologic","iauc",0.7455671818704931
"Training cohort","IDHmut-codel",91,"Clinicoradiologic","iauc",0.6534077143765489
"Training cohort","IDHmut-codel",92,"Clinicoradiologic","iauc",0.6959418716753483
"Training cohort","IDHmut-codel",93,"Clinicoradiologic","iauc",0.7072875184104945
"Training cohort","IDHmut-codel",94,"Clinicoradiologic","iauc",0.6763858763555054
"Training cohort","IDHmut-codel",95,"Clinicoradiologic","iauc",0.6774428696685045
"Training cohort","IDHmut-codel",96,"Clinicoradiologic","iauc",0.7095337133903317
"Training cohort","IDHmut-codel",97,"Clinicoradiologic","iauc",0.7242302080498505
"Training cohort","IDHmut-codel",98,"Clinicoradiologic","iauc",0.6356059348212507
"Training cohort","IDHmut-codel",99,"Clinicoradiologic","iauc",0.7059581909723804
"Training cohort","IDHmut-codel",100,"Clinicoradiologic","iauc",0.736856683305599
"Training cohort","IDHmut-codel",1,"3D-ViT","iauc",0.743579869915881
"Training cohort","IDHmut-codel",2,"3D-ViT","iauc",0.7818661062238206
"Training cohort","IDHmut-codel",3,"3D-ViT","iauc",0.7294490482195142
"Training cohort","IDHmut-codel",4,"3D-ViT","iauc",0.7276928199573253
"Training cohort","IDHmut-codel",5,"3D-ViT","iauc",0.7656303694354272
"Training cohort","IDHmut-codel",6,"3D-ViT","iauc",0.7884659909248716
"Training cohort","IDHmut-codel",7,"3D-ViT","iauc",0.8090355316815655
"Training cohort","IDHmut-codel",8,"3D-ViT","iauc",0.7791024049175629
"Training cohort","IDHmut-codel",9,"3D-ViT","iauc",0.706735557797807
"Training cohort","IDHmut-codel",10,"3D-ViT","iauc",0.7835560851455889
"Training cohort","IDHmut-codel",11,"3D-ViT","iauc",0.7363921655759044
"Training cohort","IDHmut-codel",12,"3D-ViT","iauc",0.7353586210739954
"Training cohort","IDHmut-codel",13,"3D-ViT","iauc",0.7595140111689296
"Training cohort","IDHmut-codel",14,"3D-ViT","iauc",0.7892956708052891
"Training cohort","IDHmut-codel",15,"3D-ViT","iauc",0.6993049538876037
"Training cohort","IDHmut-codel",16,"3D-ViT","iauc",0.7151585981144813
"Training cohort","IDHmut-codel",17,"3D-ViT","iauc",0.7822311379529545
"Training cohort","IDHmut-codel",18,"3D-ViT","iauc",0.7452638853768891
"Training cohort","IDHmut-codel",19,"3D-ViT","iauc",0.7791294272642961
"Training cohort","IDHmut-codel",20,"3D-ViT","iauc",0.7333344650308066
"Training cohort","IDHmut-codel",21,"3D-ViT","iauc",0.7471548164896774
"Training cohort","IDHmut-codel",22,"3D-ViT","iauc",0.6916240962472294
"Training cohort","IDHmut-codel",23,"3D-ViT","iauc",0.7133160780950066
"Training cohort","IDHmut-codel",24,"3D-ViT","iauc",0.7467104252253141
"Training cohort","IDHmut-codel",25,"3D-ViT","iauc",0.7209279343595691
"Training cohort","IDHmut-codel",26,"3D-ViT","iauc",0.7953960436377723
"Training cohort","IDHmut-codel",27,"3D-ViT","iauc",0.8027777475759339
"Training cohort","IDHmut-codel",28,"3D-ViT","iauc",0.7499138804363021
"Training cohort","IDHmut-codel",29,"3D-ViT","iauc",0.7791018191308953
"Training cohort","IDHmut-codel",30,"3D-ViT","iauc",0.7491500052666857
"Training cohort","IDHmut-codel",31,"3D-ViT","iauc",0.7617227603370114
"Training cohort","IDHmut-codel",32,"3D-ViT","iauc",0.7755011390852043
"Training cohort","IDHmut-codel",33,"3D-ViT","iauc",0.8102187205739874
"Training cohort","IDHmut-codel",34,"3D-ViT","iauc",0.8376723800989746
"Training cohort","IDHmut-codel",35,"3D-ViT","iauc",0.7805757369910018
"Training cohort","IDHmut-codel",36,"3D-ViT","iauc",0.7109580442557718
"Training cohort","IDHmut-codel",37,"3D-ViT","iauc",0.7666379991847518
"Training cohort","IDHmut-codel",38,"3D-ViT","iauc",0.7159080470729876
"Training cohort","IDHmut-codel",39,"3D-ViT","iauc",0.6991167064877815
"Training cohort","IDHmut-codel",40,"3D-ViT","iauc",0.7609820672562709
"Training cohort","IDHmut-codel",41,"3D-ViT","iauc",0.7641239324466723
"Training cohort","IDHmut-codel",42,"3D-ViT","iauc",0.7425657251668606
"Training cohort","IDHmut-codel",43,"3D-ViT","iauc",0.8144573017531033
"Training cohort","IDHmut-codel",44,"3D-ViT","iauc",0.7614133687380089
"Training cohort","IDHmut-codel",45,"3D-ViT","iauc",0.7563794896166629
"Training cohort","IDHmut-codel",46,"3D-ViT","iauc",0.7919228241895215
"Training cohort","IDHmut-codel",47,"3D-ViT","iauc",0.8084251297682964
"Training cohort","IDHmut-codel",48,"3D-ViT","iauc",0.8245318980571812
"Training cohort","IDHmut-codel",49,"3D-ViT","iauc",0.7059857664266231
"Training cohort","IDHmut-codel",50,"3D-ViT","iauc",0.7820171653357967
"Training cohort","IDHmut-codel",51,"3D-ViT","iauc",0.7554549226323447
"Training cohort","IDHmut-codel",52,"3D-ViT","iauc",0.7916732882190741
"Training cohort","IDHmut-codel",53,"3D-ViT","iauc",0.7518498655395225
"Training cohort","IDHmut-codel",54,"3D-ViT","iauc",0.818813677233233
"Training cohort","IDHmut-codel",55,"3D-ViT","iauc",0.6581620080139595
"Training cohort","IDHmut-codel",56,"3D-ViT","iauc",0.7246313837152772
"Training cohort","IDHmut-codel",57,"3D-ViT","iauc",0.749328148182424
"Training cohort","IDHmut-codel",58,"3D-ViT","iauc",0.7203778264511123
"Training cohort","IDHmut-codel",59,"3D-ViT","iauc",0.83487565051322
"Training cohort","IDHmut-codel",60,"3D-ViT","iauc",0.7299230675918181
"Training cohort","IDHmut-codel",61,"3D-ViT","iauc",0.7274945162843611
"Training cohort","IDHmut-codel",62,"3D-ViT","iauc",0.7656251753278344
"Training cohort","IDHmut-codel",63,"3D-ViT","iauc",0.7164645118341751
"Training cohort","IDHmut-codel",64,"3D-ViT","iauc",0.7418232693408116
"Training cohort","IDHmut-codel",65,"3D-ViT","iauc",0.7621401338514023
"Training cohort","IDHmut-codel",66,"3D-ViT","iauc",0.7943671418171557
"Training cohort","IDHmut-codel",67,"3D-ViT","iauc",0.7775862511772158
"Training cohort","IDHmut-codel",68,"3D-ViT","iauc",0.760906472082798
"Training cohort","IDHmut-codel",69,"3D-ViT","iauc",0.6902261756048849
"Training cohort","IDHmut-codel",70,"3D-ViT","iauc",0.6908012463845185
"Training cohort","IDHmut-codel",71,"3D-ViT","iauc",0.7600308700514542
"Training cohort","IDHmut-codel",72,"3D-ViT","iauc",0.7535365467239621
"Training cohort","IDHmut-codel",73,"3D-ViT","iauc",0.7174653520393873
"Training cohort","IDHmut-codel",74,"3D-ViT","iauc",0.7822021558150538
"Training cohort","IDHmut-codel",75,"3D-ViT","iauc",0.795840299871152
"Training cohort","IDHmut-codel",76,"3D-ViT","iauc",0.7554798436108339
"Training cohort","IDHmut-codel",77,"3D-ViT","iauc",0.7384816661961701
"Training cohort","IDHmut-codel",78,"3D-ViT","iauc",0.756971827042716
"Training cohort","IDHmut-codel",79,"3D-ViT","iauc",0.7515076132514779
"Training cohort","IDHmut-codel",80,"3D-ViT","iauc",0.7237013431439402
"Training cohort","IDHmut-codel",81,"3D-ViT","iauc",0.7779224539254002
"Training cohort","IDHmut-codel",82,"3D-ViT","iauc",0.7651585653036445
"Training cohort","IDHmut-codel",83,"3D-ViT","iauc",0.6210023690543217
"Training cohort","IDHmut-codel",84,"3D-ViT","iauc",0.7530661956419183
"Training cohort","IDHmut-codel",85,"3D-ViT","iauc",0.7318316804091896
"Training cohort","IDHmut-codel",86,"3D-ViT","iauc",0.6870881511371072
"Training cohort","IDHmut-codel",87,"3D-ViT","iauc",0.7547660569611598
"Training cohort","IDHmut-codel",88,"3D-ViT","iauc",0.7540433720617012
"Training cohort","IDHmut-codel",89,"3D-ViT","iauc",0.8114746393763184
"Training cohort","IDHmut-codel",90,"3D-ViT","iauc",0.7389966960052952
"Training cohort","IDHmut-codel",91,"3D-ViT","iauc",0.7912637690969094
"Training cohort","IDHmut-codel",92,"3D-ViT","iauc",0.8248080759916877
"Training cohort","IDHmut-codel",93,"3D-ViT","iauc",0.7264005084421318
"Training cohort","IDHmut-codel",94,"3D-ViT","iauc",0.7634282402102207
"Training cohort","IDHmut-codel",95,"3D-ViT","iauc",0.7695953512349154
"Training cohort","IDHmut-codel",96,"3D-ViT","iauc",0.8021013573978778
"Training cohort","IDHmut-codel",97,"3D-ViT","iauc",0.742965285753527
"Training cohort","IDHmut-codel",98,"3D-ViT","iauc",0.716249070365436
"Training cohort","IDHmut-codel",99,"3D-ViT","iauc",0.8404439747917266
"Training cohort","IDHmut-codel",100,"3D-ViT","iauc",0.7776405680689841
"Training cohort","IDHmut-codel",1,"CR-ViT","iauc",0.842102141861057
"Training cohort","IDHmut-codel",2,"CR-ViT","iauc",0.8122507983563795
"Training cohort","IDHmut-codel",3,"CR-ViT","iauc",0.8218470022930475
"Training cohort","IDHmut-codel",4,"CR-ViT","iauc",0.7764505602597087
"Training cohort","IDHmut-codel",5,"CR-ViT","iauc",0.7738539255454872
"Training cohort","IDHmut-codel",6,"CR-ViT","iauc",0.8309052133811522
"Training cohort","IDHmut-codel",7,"CR-ViT","iauc",0.8596423627283747
"Training cohort","IDHmut-codel",8,"CR-ViT","iauc",0.8317767905383938
"Training cohort","IDHmut-codel",9,"CR-ViT","iauc",0.7622358243624512
"Training cohort","IDHmut-codel",10,"CR-ViT","iauc",0.7866435148983546
"Training cohort","IDHmut-codel",11,"CR-ViT","iauc",0.806367770526059
"Training cohort","IDHmut-codel",12,"CR-ViT","iauc",0.8252820061715134
"Training cohort","IDHmut-codel",13,"CR-ViT","iauc",0.8725551720109548
"Training cohort","IDHmut-codel",14,"CR-ViT","iauc",0.8467770074175983
"Training cohort","IDHmut-codel",15,"CR-ViT","iauc",0.7751924256668057
"Training cohort","IDHmut-codel",16,"CR-ViT","iauc",0.806706927526745
"Training cohort","IDHmut-codel",17,"CR-ViT","iauc",0.8138377843363199
"Training cohort","IDHmut-codel",18,"CR-ViT","iauc",0.8108022393214307
"Training cohort","IDHmut-codel",19,"CR-ViT","iauc",0.8295174263140688
"Training cohort","IDHmut-codel",20,"CR-ViT","iauc",0.8050959662774162
"Training cohort","IDHmut-codel",21,"CR-ViT","iauc",0.815501694935022
"Training cohort","IDHmut-codel",22,"CR-ViT","iauc",0.7530724889950591
"Training cohort","IDHmut-codel",23,"CR-ViT","iauc",0.8077990084294439
"Training cohort","IDHmut-codel",24,"CR-ViT","iauc",0.7635113044076896
"Training cohort","IDHmut-codel",25,"CR-ViT","iauc",0.8209700340414922
"Training cohort","IDHmut-codel",26,"CR-ViT","iauc",0.8497530226283292
"Training cohort","IDHmut-codel",27,"CR-ViT","iauc",0.8671224481182269
"Training cohort","IDHmut-codel",28,"CR-ViT","iauc",0.8235342109143368
"Training cohort","IDHmut-codel",29,"CR-ViT","iauc",0.8339582210435093
"Training cohort","IDHmut-codel",30,"CR-ViT","iauc",0.8522644187268751
"Training cohort","IDHmut-codel",31,"CR-ViT","iauc",0.8255081784786118
"Training cohort","IDHmut-codel",32,"CR-ViT","iauc",0.8188744374479469
"Training cohort","IDHmut-codel",33,"CR-ViT","iauc",0.8708044713719507
"Training cohort","IDHmut-codel",34,"CR-ViT","iauc",0.9125679027405299
"Training cohort","IDHmut-codel",35,"CR-ViT","iauc",0.8274299121035538
"Training cohort","IDHmut-codel",36,"CR-ViT","iauc",0.7955842904848698
"Training cohort","IDHmut-codel",37,"CR-ViT","iauc",0.8400207143866896
"Training cohort","IDHmut-codel",38,"CR-ViT","iauc",0.759869063761286
"Training cohort","IDHmut-codel",39,"CR-ViT","iauc",0.7654854531394939
"Training cohort","IDHmut-codel",40,"CR-ViT","iauc",0.8409956256460271
"Training cohort","IDHmut-codel",41,"CR-ViT","iauc",0.7939163024780617
"Training cohort","IDHmut-codel",42,"CR-ViT","iauc",0.8329723452570778
"Training cohort","IDHmut-codel",43,"CR-ViT","iauc",0.8313600790543932
"Training cohort","IDHmut-codel",44,"CR-ViT","iauc",0.8324114144931196
"Training cohort","IDHmut-codel",45,"CR-ViT","iauc",0.8047922150666287
"Training cohort","IDHmut-codel",46,"CR-ViT","iauc",0.8369263616110721
"Training cohort","IDHmut-codel",47,"CR-ViT","iauc",0.7992976089732701
"Training cohort","IDHmut-codel",48,"CR-ViT","iauc",0.8514903731434308
"Training cohort","IDHmut-codel",49,"CR-ViT","iauc",0.7809871912465771
"Training cohort","IDHmut-codel",50,"CR-ViT","iauc",0.8286698295836719
"Training cohort","IDHmut-codel",51,"CR-ViT","iauc",0.8110166683089874
"Training cohort","IDHmut-codel",52,"CR-ViT","iauc",0.8753370618155593
"Training cohort","IDHmut-codel",53,"CR-ViT","iauc",0.8111204777726708
"Training cohort","IDHmut-codel",54,"CR-ViT","iauc",0.8934798208635294
"Training cohort","IDHmut-codel",55,"CR-ViT","iauc",0.7875460628682946
"Training cohort","IDHmut-codel",56,"CR-ViT","iauc",0.7619599895198036
"Training cohort","IDHmut-codel",57,"CR-ViT","iauc",0.7996991000797851
"Training cohort","IDHmut-codel",58,"CR-ViT","iauc",0.7604728718712185
"Training cohort","IDHmut-codel",59,"CR-ViT","iauc",0.874205387036136
"Training cohort","IDHmut-codel",60,"CR-ViT","iauc",0.7946626957433234
"Training cohort","IDHmut-codel",61,"CR-ViT","iauc",0.7880944175243435
"Training cohort","IDHmut-codel",62,"CR-ViT","iauc",0.811715191040231
"Training cohort","IDHmut-codel",63,"CR-ViT","iauc",0.7681541000698255
"Training cohort","IDHmut-codel",64,"CR-ViT","iauc",0.8008119358338746
"Training cohort","IDHmut-codel",65,"CR-ViT","iauc",0.8170406931789036
"Training cohort","IDHmut-codel",66,"CR-ViT","iauc",0.8847028605105927
"Training cohort","IDHmut-codel",67,"CR-ViT","iauc",0.8062631036909618
"Training cohort","IDHmut-codel",68,"CR-ViT","iauc",0.8082627446684664
"Training cohort","IDHmut-codel",69,"CR-ViT","iauc",0.7998542619765322
"Training cohort","IDHmut-codel",70,"CR-ViT","iauc",0.806450462969235
"Training cohort","IDHmut-codel",71,"CR-ViT","iauc",0.8004849357833862
"Training cohort","IDHmut-codel",72,"CR-ViT","iauc",0.8425859798937856
"Training cohort","IDHmut-codel",73,"CR-ViT","iauc",0.7993313992146208
"Training cohort","IDHmut-codel",74,"CR-ViT","iauc",0.8451548354440632
"Training cohort","IDHmut-codel",75,"CR-ViT","iauc",0.8360798643809118
"Training cohort","IDHmut-codel",76,"CR-ViT","iauc",0.845508699390921
"Training cohort","IDHmut-codel",77,"CR-ViT","iauc",0.8464330824793197
"Training cohort","IDHmut-codel",78,"CR-ViT","iauc",0.8263941485686104
"Training cohort","IDHmut-codel",79,"CR-ViT","iauc",0.8268625440355589
"Training cohort","IDHmut-codel",80,"CR-ViT","iauc",0.7957008325548361
"Training cohort","IDHmut-codel",81,"CR-ViT","iauc",0.8405404081678511
"Training cohort","IDHmut-codel",82,"CR-ViT","iauc",0.837983735668941
"Training cohort","IDHmut-codel",83,"CR-ViT","iauc",0.71435588730145
"Training cohort","IDHmut-codel",84,"CR-ViT","iauc",0.832658399954929
"Training cohort","IDHmut-codel",85,"CR-ViT","iauc",0.8042777393653199
"Training cohort","IDHmut-codel",86,"CR-ViT","iauc",0.8101318890367859
"Training cohort","IDHmut-codel",87,"CR-ViT","iauc",0.808812556814675
"Training cohort","IDHmut-codel",88,"CR-ViT","iauc",0.8178508055176875
"Training cohort","IDHmut-codel",89,"CR-ViT","iauc",0.8375981581133461
"Training cohort","IDHmut-codel",90,"CR-ViT","iauc",0.8387738701014945
"Training cohort","IDHmut-codel",91,"CR-ViT","iauc",0.8276136873657524
"Training cohort","IDHmut-codel",92,"CR-ViT","iauc",0.87383902386766
"Training cohort","IDHmut-codel",93,"CR-ViT","iauc",0.79526519492482
"Training cohort","IDHmut-codel",94,"CR-ViT","iauc",0.816432182578326
"Training cohort","IDHmut-codel",95,"CR-ViT","iauc",0.8394416615468996
"Training cohort","IDHmut-codel",96,"CR-ViT","iauc",0.8539933369618713
"Training cohort","IDHmut-codel",97,"CR-ViT","iauc",0.8372914901843889
"Training cohort","IDHmut-codel",98,"CR-ViT","iauc",0.7797639271797918
"Training cohort","IDHmut-codel",99,"CR-ViT","iauc",0.8627361853248993
"Training cohort","IDHmut-codel",100,"CR-ViT","iauc",0.8466225738464771
"Training cohort","IDHmut-codel",1,"3D-CNN","ibs",0.13315469715355366
"Training cohort","IDHmut-codel",2,"3D-CNN","ibs",0.11857043111418965
"Training cohort","IDHmut-codel",3,"3D-CNN","ibs",0.13260800509611942
"Training cohort","IDHmut-codel",4,"3D-CNN","ibs",0.13079057930338017
"Training cohort","IDHmut-codel",5,"3D-CNN","ibs",0.12103520923833576
"Training cohort","IDHmut-codel",6,"3D-CNN","ibs",0.1291455955313909
"Training cohort","IDHmut-codel",7,"3D-CNN","ibs",0.11093322515166837
"Training cohort","IDHmut-codel",8,"3D-CNN","ibs",0.14927115223482815
"Training cohort","IDHmut-codel",9,"3D-CNN","ibs",0.14090746542647373
"Training cohort","IDHmut-codel",10,"3D-CNN","ibs",0.1390147453855895
"Training cohort","IDHmut-codel",11,"3D-CNN","ibs",0.14553509119925775
"Training cohort","IDHmut-codel",12,"3D-CNN","ibs",0.15039067455397695
"Training cohort","IDHmut-codel",13,"3D-CNN","ibs",0.11810507167258519
"Training cohort","IDHmut-codel",14,"3D-CNN","ibs",0.11547579836407396
"Training cohort","IDHmut-codel",15,"3D-CNN","ibs",0.13396991542044565
"Training cohort","IDHmut-codel",16,"3D-CNN","ibs",0.13923155651406655
"Training cohort","IDHmut-codel",17,"3D-CNN","ibs",0.13084745921069366
"Training cohort","IDHmut-codel",18,"3D-CNN","ibs",0.145615331206924
"Training cohort","IDHmut-codel",19,"3D-CNN","ibs",0.12293791315504818
"Training cohort","IDHmut-codel",20,"3D-CNN","ibs",0.13693011735845062
"Training cohort","IDHmut-codel",21,"3D-CNN","ibs",0.13228972787055077
"Training cohort","IDHmut-codel",22,"3D-CNN","ibs",0.153638609062936
"Training cohort","IDHmut-codel",23,"3D-CNN","ibs",0.11378930839550813
"Training cohort","IDHmut-codel",24,"3D-CNN","ibs",0.14721787404459047
"Training cohort","IDHmut-codel",25,"3D-CNN","ibs",0.11334882013468053
"Training cohort","IDHmut-codel",26,"3D-CNN","ibs",0.13152992322446377
"Training cohort","IDHmut-codel",27,"3D-CNN","ibs",0.13410732613400128
"Training cohort","IDHmut-codel",28,"3D-CNN","ibs",0.12454486127603975
"Training cohort","IDHmut-codel",29,"3D-CNN","ibs",0.1482486912553801
"Training cohort","IDHmut-codel",30,"3D-CNN","ibs",0.12252815254465518
"Training cohort","IDHmut-codel",31,"3D-CNN","ibs",0.12356921568792953
"Training cohort","IDHmut-codel",32,"3D-CNN","ibs",0.12436054621681282
"Training cohort","IDHmut-codel",33,"3D-CNN","ibs",0.13871411357387256
"Training cohort","IDHmut-codel",34,"3D-CNN","ibs",0.11053345459499563
"Training cohort","IDHmut-codel",35,"3D-CNN","ibs",0.11214624041240516
"Training cohort","IDHmut-codel",36,"3D-CNN","ibs",0.17069708472116452
"Training cohort","IDHmut-codel",37,"3D-CNN","ibs",0.13790732369895548
"Training cohort","IDHmut-codel",38,"3D-CNN","ibs",0.12688949714855574
"Training cohort","IDHmut-codel",39,"3D-CNN","ibs",0.10752893162885155
"Training cohort","IDHmut-codel",40,"3D-CNN","ibs",0.1469738787566155
"Training cohort","IDHmut-codel",41,"3D-CNN","ibs",0.13339039677428258
"Training cohort","IDHmut-codel",42,"3D-CNN","ibs",0.13353382855488144
"Training cohort","IDHmut-codel",43,"3D-CNN","ibs",0.1438125527399106
"Training cohort","IDHmut-codel",44,"3D-CNN","ibs",0.1282377745030968
"Training cohort","IDHmut-codel",45,"3D-CNN","ibs",0.1425364694139121
"Training cohort","IDHmut-codel",46,"3D-CNN","ibs",0.12763643796299093
"Training cohort","IDHmut-codel",47,"3D-CNN","ibs",0.11338876330446543
"Training cohort","IDHmut-codel",48,"3D-CNN","ibs",0.14534508059271495
"Training cohort","IDHmut-codel",49,"3D-CNN","ibs",0.12624304987685447
"Training cohort","IDHmut-codel",50,"3D-CNN","ibs",0.11870072110995465
"Training cohort","IDHmut-codel",51,"3D-CNN","ibs",0.1292122814361308
"Training cohort","IDHmut-codel",52,"3D-CNN","ibs",0.13745907867876694
"Training cohort","IDHmut-codel",53,"3D-CNN","ibs",0.13615233823264314
"Training cohort","IDHmut-codel",54,"3D-CNN","ibs",0.13647465949997528
"Training cohort","IDHmut-codel",55,"3D-CNN","ibs",0.12569524018854777
"Training cohort","IDHmut-codel",56,"3D-CNN","ibs",0.10068090757074355
"Training cohort","IDHmut-codel",57,"3D-CNN","ibs",0.1508329290885231
"Training cohort","IDHmut-codel",58,"3D-CNN","ibs",0.11994723212546922
"Training cohort","IDHmut-codel",59,"3D-CNN","ibs",0.1195327737788072
"Training cohort","IDHmut-codel",60,"3D-CNN","ibs",0.11259658916910917
"Training cohort","IDHmut-codel",61,"3D-CNN","ibs",0.1705574647486807
"Training cohort","IDHmut-codel",62,"3D-CNN","ibs",0.13987509091453035
"Training cohort","IDHmut-codel",63,"3D-CNN","ibs",0.13830836811456862
"Training cohort","IDHmut-codel",64,"3D-CNN","ibs",0.11563137867270261
"Training cohort","IDHmut-codel",65,"3D-CNN","ibs",0.13227755096368937
"Training cohort","IDHmut-codel",66,"3D-CNN","ibs",0.14454659553564783
"Training cohort","IDHmut-codel",67,"3D-CNN","ibs",0.13019114286289077
"Training cohort","IDHmut-codel",68,"3D-CNN","ibs",0.13633589174985145
"Training cohort","IDHmut-codel",69,"3D-CNN","ibs",0.14239438826445533
"Training cohort","IDHmut-codel",70,"3D-CNN","ibs",0.16435985715529736
"Training cohort","IDHmut-codel",71,"3D-CNN","ibs",0.1440130264992147
"Training cohort","IDHmut-codel",72,"3D-CNN","ibs",0.13083839578923845
"Training cohort","IDHmut-codel",73,"3D-CNN","ibs",0.10602995112737684
"Training cohort","IDHmut-codel",74,"3D-CNN","ibs",0.11914029125352715
"Training cohort","IDHmut-codel",75,"3D-CNN","ibs",0.12271594669557943
"Training cohort","IDHmut-codel",76,"3D-CNN","ibs",0.12177357407054384
"Training cohort","IDHmut-codel",77,"3D-CNN","ibs",0.1116363782305246
"Training cohort","IDHmut-codel",78,"3D-CNN","ibs",0.11704927530541578
"Training cohort","IDHmut-codel",79,"3D-CNN","ibs",0.13905898718609053
"Training cohort","IDHmut-codel",80,"3D-CNN","ibs",0.1360096090670975
"Training cohort","IDHmut-codel",81,"3D-CNN","ibs",0.12433210800049713
"Training cohort","IDHmut-codel",82,"3D-CNN","ibs",0.16266790138508702
"Training cohort","IDHmut-codel",83,"3D-CNN","ibs",0.13199005372803072
"Training cohort","IDHmut-codel",84,"3D-CNN","ibs",0.14047512192166237
"Training cohort","IDHmut-codel",85,"3D-CNN","ibs",0.132812807403112
"Training cohort","IDHmut-codel",86,"3D-CNN","ibs",0.1500051026804575
"Training cohort","IDHmut-codel",87,"3D-CNN","ibs",0.14648989662592976
"Training cohort","IDHmut-codel",88,"3D-CNN","ibs",0.12311618463153676
"Training cohort","IDHmut-codel",89,"3D-CNN","ibs",0.10730885128312684
"Training cohort","IDHmut-codel",90,"3D-CNN","ibs",0.12994525801330997
"Training cohort","IDHmut-codel",91,"3D-CNN","ibs",0.13984007301248444
"Training cohort","IDHmut-codel",92,"3D-CNN","ibs",0.14820193900574222
"Training cohort","IDHmut-codel",93,"3D-CNN","ibs",0.12270060196769136
"Training cohort","IDHmut-codel",94,"3D-CNN","ibs",0.12181989826935996
"Training cohort","IDHmut-codel",95,"3D-CNN","ibs",0.11815969623362155
"Training cohort","IDHmut-codel",96,"3D-CNN","ibs",0.1221569887941381
"Training cohort","IDHmut-codel",97,"3D-CNN","ibs",0.15769760008237582
"Training cohort","IDHmut-codel",98,"3D-CNN","ibs",0.14849856344332169
"Training cohort","IDHmut-codel",99,"3D-CNN","ibs",0.11323858341107103
"Training cohort","IDHmut-codel",100,"3D-CNN","ibs",0.14770730097855242
"Training cohort","IDHmut-codel",1,"Clinicoradiologic","ibs",0.13339209472342703
"Training cohort","IDHmut-codel",2,"Clinicoradiologic","ibs",0.12916388733855327
"Training cohort","IDHmut-codel",3,"Clinicoradiologic","ibs",0.13312495936392119
"Training cohort","IDHmut-codel",4,"Clinicoradiologic","ibs",0.1348164968950947
"Training cohort","IDHmut-codel",5,"Clinicoradiologic","ibs",0.1420224615689544
"Training cohort","IDHmut-codel",6,"Clinicoradiologic","ibs",0.14334726113878313
"Training cohort","IDHmut-codel",7,"Clinicoradiologic","ibs",0.11621989055604001
"Training cohort","IDHmut-codel",8,"Clinicoradiologic","ibs",0.16212983531508335
"Training cohort","IDHmut-codel",9,"Clinicoradiologic","ibs",0.13874821752667085
"Training cohort","IDHmut-codel",10,"Clinicoradiologic","ibs",0.15963078300641564
"Training cohort","IDHmut-codel",11,"Clinicoradiologic","ibs",0.15269580078983622
"Training cohort","IDHmut-codel",12,"Clinicoradiologic","ibs",0.1380429147325678
"Training cohort","IDHmut-codel",13,"Clinicoradiologic","ibs",0.11762095740257526
"Training cohort","IDHmut-codel",14,"Clinicoradiologic","ibs",0.12356976279265629
"Training cohort","IDHmut-codel",15,"Clinicoradiologic","ibs",0.13813394872367551
"Training cohort","IDHmut-codel",16,"Clinicoradiologic","ibs",0.13534933264533291
"Training cohort","IDHmut-codel",17,"Clinicoradiologic","ibs",0.14494299998635965
"Training cohort","IDHmut-codel",18,"Clinicoradiologic","ibs",0.14723729437743208
"Training cohort","IDHmut-codel",19,"Clinicoradiologic","ibs",0.12945055080477583
"Training cohort","IDHmut-codel",20,"Clinicoradiologic","ibs",0.13950610851037487
"Training cohort","IDHmut-codel",21,"Clinicoradiologic","ibs",0.13307593760045633
"Training cohort","IDHmut-codel",22,"Clinicoradiologic","ibs",0.14830584683330011
"Training cohort","IDHmut-codel",23,"Clinicoradiologic","ibs",0.10947464126244165
"Training cohort","IDHmut-codel",24,"Clinicoradiologic","ibs",0.15816601849548206
"Training cohort","IDHmut-codel",25,"Clinicoradiologic","ibs",0.10526976353502211
"Training cohort","IDHmut-codel",26,"Clinicoradiologic","ibs",0.14048999108561103
"Training cohort","IDHmut-codel",27,"Clinicoradiologic","ibs",0.1506488681201856
"Training cohort","IDHmut-codel",28,"Clinicoradiologic","ibs",0.12482158127633322
"Training cohort","IDHmut-codel",29,"Clinicoradiologic","ibs",0.16182619721997255
"Training cohort","IDHmut-codel",30,"Clinicoradiologic","ibs",0.11865282269808287
"Training cohort","IDHmut-codel",31,"Clinicoradiologic","ibs",0.12753921725072767
"Training cohort","IDHmut-codel",32,"Clinicoradiologic","ibs",0.13487836501122177
"Training cohort","IDHmut-codel",33,"Clinicoradiologic","ibs",0.14274911173797478
"Training cohort","IDHmut-codel",34,"Clinicoradiologic","ibs",0.11163949828809422
"Training cohort","IDHmut-codel",35,"Clinicoradiologic","ibs",0.1282435200594287
"Training cohort","IDHmut-codel",36,"Clinicoradiologic","ibs",0.16572085692223204
"Training cohort","IDHmut-codel",37,"Clinicoradiologic","ibs",0.13709476694016176
"Training cohort","IDHmut-codel",38,"Clinicoradiologic","ibs",0.1351173113405599
"Training cohort","IDHmut-codel",39,"Clinicoradiologic","ibs",0.12123857091416608
"Training cohort","IDHmut-codel",40,"Clinicoradiologic","ibs",0.15471277475949782
"Training cohort","IDHmut-codel",41,"Clinicoradiologic","ibs",0.14868171425854426
"Training cohort","IDHmut-codel",42,"Clinicoradiologic","ibs",0.1471234733504863
"Training cohort","IDHmut-codel",43,"Clinicoradiologic","ibs",0.1571872987879209
"Training cohort","IDHmut-codel",44,"Clinicoradiologic","ibs",0.12566761130001888
"Training cohort","IDHmut-codel",45,"Clinicoradiologic","ibs",0.15745046485018335
"Training cohort","IDHmut-codel",46,"Clinicoradiologic","ibs",0.13370155390414004
"Training cohort","IDHmut-codel",47,"Clinicoradiologic","ibs",0.13679065464384857
"Training cohort","IDHmut-codel",48,"Clinicoradiologic","ibs",0.166355087339597
"Training cohort","IDHmut-codel",49,"Clinicoradiologic","ibs",0.12839274873684497
"Training cohort","IDHmut-codel",50,"Clinicoradiologic","ibs",0.12511188592980335
"Training cohort","IDHmut-codel",51,"Clinicoradiologic","ibs",0.13624543487589083
"Training cohort","IDHmut-codel",52,"Clinicoradiologic","ibs",0.1465556018589206
"Training cohort","IDHmut-codel",53,"Clinicoradiologic","ibs",0.1439205447847525
"Training cohort","IDHmut-codel",54,"Clinicoradiologic","ibs",0.1438899483661415
"Training cohort","IDHmut-codel",55,"Clinicoradiologic","ibs",0.10921428977237464
"Training cohort","IDHmut-codel",56,"Clinicoradiologic","ibs",0.10983569822943107
"Training cohort","IDHmut-codel",57,"Clinicoradiologic","ibs",0.14658176596244168
"Training cohort","IDHmut-codel",58,"Clinicoradiologic","ibs",0.12722297830655968
"Training cohort","IDHmut-codel",59,"Clinicoradiologic","ibs",0.12249248739466115
"Training cohort","IDHmut-codel",60,"Clinicoradiologic","ibs",0.11972643447760814
"Training cohort","IDHmut-codel",61,"Clinicoradiologic","ibs",0.17626396992570378
"Training cohort","IDHmut-codel",62,"Clinicoradiologic","ibs",0.15221863892907417
"Training cohort","IDHmut-codel",63,"Clinicoradiologic","ibs",0.1416260312799122
"Training cohort","IDHmut-codel",64,"Clinicoradiologic","ibs",0.1345063904008528
"Training cohort","IDHmut-codel",65,"Clinicoradiologic","ibs",0.1438480642882824
"Training cohort","IDHmut-codel",66,"Clinicoradiologic","ibs",0.13783314839916813
"Training cohort","IDHmut-codel",67,"Clinicoradiologic","ibs",0.14324697378473775
"Training cohort","IDHmut-codel",68,"Clinicoradiologic","ibs",0.1350183273582448
"Training cohort","IDHmut-codel",69,"Clinicoradiologic","ibs",0.13261923332884556
"Training cohort","IDHmut-codel",70,"Clinicoradiologic","ibs",0.15276725518023684
"Training cohort","IDHmut-codel",71,"Clinicoradiologic","ibs",0.1469536591523442
"Training cohort","IDHmut-codel",72,"Clinicoradiologic","ibs",0.13441603736301913
"Training cohort","IDHmut-codel",73,"Clinicoradiologic","ibs",0.11350769521002467
"Training cohort","IDHmut-codel",74,"Clinicoradiologic","ibs",0.127006902108651
"Training cohort","IDHmut-codel",75,"Clinicoradiologic","ibs",0.14230119799696292
"Training cohort","IDHmut-codel",76,"Clinicoradiologic","ibs",0.12609128422547655
"Training cohort","IDHmut-codel",77,"Clinicoradiologic","ibs",0.11283173280399687
"Training cohort","IDHmut-codel",78,"Clinicoradiologic","ibs",0.1269888916696291
"Training cohort","IDHmut-codel",79,"Clinicoradiologic","ibs",0.13909572583176277
"Training cohort","IDHmut-codel",80,"Clinicoradiologic","ibs",0.1390172075080291
"Training cohort","IDHmut-codel",81,"Clinicoradiologic","ibs",0.1335015371499388
"Training cohort","IDHmut-codel",82,"Clinicoradiologic","ibs",0.16160111218216516
"Training cohort","IDHmut-codel",83,"Clinicoradiologic","ibs",0.12336969422287027
"Training cohort","IDHmut-codel",84,"Clinicoradiologic","ibs",0.1367861324043674
"Training cohort","IDHmut-codel",85,"Clinicoradiologic","ibs",0.13250131048789274
"Training cohort","IDHmut-codel",86,"Clinicoradiologic","ibs",0.13142383974218888
"Training cohort","IDHmut-codel",87,"Clinicoradiologic","ibs",0.1561452658142125
"Training cohort","IDHmut-codel",88,"Clinicoradiologic","ibs",0.12415780560394837
"Training cohort","IDHmut-codel",89,"Clinicoradiologic","ibs",0.1259641458304252
"Training cohort","IDHmut-codel",90,"Clinicoradiologic","ibs",0.1272505567219906
"Training cohort","IDHmut-codel",91,"Clinicoradiologic","ibs",0.14929998429228417
"Training cohort","IDHmut-codel",92,"Clinicoradiologic","ibs",0.16471048846742867
"Training cohort","IDHmut-codel",93,"Clinicoradiologic","ibs",0.12147246370416008
"Training cohort","IDHmut-codel",94,"Clinicoradiologic","ibs",0.12874746900399106
"Training cohort","IDHmut-codel",95,"Clinicoradiologic","ibs",0.12038019875312103
"Training cohort","IDHmut-codel",96,"Clinicoradiologic","ibs",0.1317474242130364
"Training cohort","IDHmut-codel",97,"Clinicoradiologic","ibs",0.1497387457555762
"Training cohort","IDHmut-codel",98,"Clinicoradiologic","ibs",0.15305830138223292
"Training cohort","IDHmut-codel",99,"Clinicoradiologic","ibs",0.1309417624716073
"Training cohort","IDHmut-codel",100,"Clinicoradiologic","ibs",0.14530023176278875
"Training cohort","IDHmut-codel",1,"3D-ViT","ibs",0.12491677564497534
"Training cohort","IDHmut-codel",2,"3D-ViT","ibs",0.10293587872492413
"Training cohort","IDHmut-codel",3,"3D-ViT","ibs",0.12894405579300183
"Training cohort","IDHmut-codel",4,"3D-ViT","ibs",0.12268508255221582
"Training cohort","IDHmut-codel",5,"3D-ViT","ibs",0.10897905819323353
"Training cohort","IDHmut-codel",6,"3D-ViT","ibs",0.11449316683449995
"Training cohort","IDHmut-codel",7,"3D-ViT","ibs",0.09765441461414742
"Training cohort","IDHmut-codel",8,"3D-ViT","ibs",0.13615132098762875
"Training cohort","IDHmut-codel",9,"3D-ViT","ibs",0.13034291139434515
"Training cohort","IDHmut-codel",10,"3D-ViT","ibs",0.1242733766787183
"Training cohort","IDHmut-codel",11,"3D-ViT","ibs",0.1328978697550999
"Training cohort","IDHmut-codel",12,"3D-ViT","ibs",0.13613942305036442
"Training cohort","IDHmut-codel",13,"3D-ViT","ibs",0.11072711902015096
"Training cohort","IDHmut-codel",14,"3D-ViT","ibs",0.10084457430468291
"Training cohort","IDHmut-codel",15,"3D-ViT","ibs",0.12050258800275453
"Training cohort","IDHmut-codel",16,"3D-ViT","ibs",0.12669323120533518
"Training cohort","IDHmut-codel",17,"3D-ViT","ibs",0.12111413382151315
"Training cohort","IDHmut-codel",18,"3D-ViT","ibs",0.13104629655828573
"Training cohort","IDHmut-codel",19,"3D-ViT","ibs",0.10774890915594909
"Training cohort","IDHmut-codel",20,"3D-ViT","ibs",0.12694194935231307
"Training cohort","IDHmut-codel",21,"3D-ViT","ibs",0.12016030674954693
"Training cohort","IDHmut-codel",22,"3D-ViT","ibs",0.13627749872270406
"Training cohort","IDHmut-codel",23,"3D-ViT","ibs",0.10383387945915308
"Training cohort","IDHmut-codel",24,"3D-ViT","ibs",0.13310980451441143
"Training cohort","IDHmut-codel",25,"3D-ViT","ibs",0.10370752721377459
"Training cohort","IDHmut-codel",26,"3D-ViT","ibs",0.1146658635216216
"Training cohort","IDHmut-codel",27,"3D-ViT","ibs",0.12096674376095505
"Training cohort","IDHmut-codel",28,"3D-ViT","ibs",0.1132128157869452
"Training cohort","IDHmut-codel",29,"3D-ViT","ibs",0.12988292294773215
"Training cohort","IDHmut-codel",30,"3D-ViT","ibs",0.10820240618706659
"Training cohort","IDHmut-codel",31,"3D-ViT","ibs",0.1092962358098857
"Training cohort","IDHmut-codel",32,"3D-ViT","ibs",0.10997564138601883
"Training cohort","IDHmut-codel",33,"3D-ViT","ibs",0.11380567252813405
"Training cohort","IDHmut-codel",34,"3D-ViT","ibs",0.0901902706112966
"Training cohort","IDHmut-codel",35,"3D-ViT","ibs",0.09781018947094554
"Training cohort","IDHmut-codel",36,"3D-ViT","ibs",0.15732598674271006
"Training cohort","IDHmut-codel",37,"3D-ViT","ibs",0.12517263230640646
"Training cohort","IDHmut-codel",38,"3D-ViT","ibs",0.11587975909116142
"Training cohort","IDHmut-codel",39,"3D-ViT","ibs",0.10498181616705611
"Training cohort","IDHmut-codel",40,"3D-ViT","ibs",0.12933521526630487
"Training cohort","IDHmut-codel",41,"3D-ViT","ibs",0.12009221391194012
"Training cohort","IDHmut-codel",42,"3D-ViT","ibs",0.1215029435198967
"Training cohort","IDHmut-codel",43,"3D-ViT","ibs",0.12786509149230016
"Training cohort","IDHmut-codel",44,"3D-ViT","ibs",0.10863109360459873
"Training cohort","IDHmut-codel",45,"3D-ViT","ibs",0.1344025685082011
"Training cohort","IDHmut-codel",46,"3D-ViT","ibs",0.11030947617355905
"Training cohort","IDHmut-codel",47,"3D-ViT","ibs",0.10026459392584092
"Training cohort","IDHmut-codel",48,"3D-ViT","ibs",0.12317654531460767
"Training cohort","IDHmut-codel",49,"3D-ViT","ibs",0.11698127220767614
"Training cohort","IDHmut-codel",50,"3D-ViT","ibs",0.10740635498356114
"Training cohort","IDHmut-codel",51,"3D-ViT","ibs",0.11443503839405564
"Training cohort","IDHmut-codel",52,"3D-ViT","ibs",0.1253479950514614
"Training cohort","IDHmut-codel",53,"3D-ViT","ibs",0.11895431015850441
"Training cohort","IDHmut-codel",54,"3D-ViT","ibs",0.12012529705717138
"Training cohort","IDHmut-codel",55,"3D-ViT","ibs",0.11391842195689326
"Training cohort","IDHmut-codel",56,"3D-ViT","ibs",0.09383377075622722
"Training cohort","IDHmut-codel",57,"3D-ViT","ibs",0.1402095281838925
"Training cohort","IDHmut-codel",58,"3D-ViT","ibs",0.10960120827037738
"Training cohort","IDHmut-codel",59,"3D-ViT","ibs",0.10225860707630717
"Training cohort","IDHmut-codel",60,"3D-ViT","ibs",0.10397181320221605
"Training cohort","IDHmut-codel",61,"3D-ViT","ibs",0.15274198895892302
"Training cohort","IDHmut-codel",62,"3D-ViT","ibs",0.120614405649946
"Training cohort","IDHmut-codel",63,"3D-ViT","ibs",0.1270452085814638
"Training cohort","IDHmut-codel",64,"3D-ViT","ibs",0.11175473061934517
"Training cohort","IDHmut-codel",65,"3D-ViT","ibs",0.12340683336836232
"Training cohort","IDHmut-codel",66,"3D-ViT","ibs",0.12667938736521728
"Training cohort","IDHmut-codel",67,"3D-ViT","ibs",0.11911572720809428
"Training cohort","IDHmut-codel",68,"3D-ViT","ibs",0.11831354049903468
"Training cohort","IDHmut-codel",69,"3D-ViT","ibs",0.13680057898954182
"Training cohort","IDHmut-codel",70,"3D-ViT","ibs",0.15040392464177707
"Training cohort","IDHmut-codel",71,"3D-ViT","ibs",0.1283539128768657
"Training cohort","IDHmut-codel",72,"3D-ViT","ibs",0.1255936370585377
"Training cohort","IDHmut-codel",73,"3D-ViT","ibs",0.09752594809610368
"Training cohort","IDHmut-codel",74,"3D-ViT","ibs",0.10399711947764154
"Training cohort","IDHmut-codel",75,"3D-ViT","ibs",0.10649952717724352
"Training cohort","IDHmut-codel",76,"3D-ViT","ibs",0.10686556448501484
"Training cohort","IDHmut-codel",77,"3D-ViT","ibs",0.09935194495539433
"Training cohort","IDHmut-codel",78,"3D-ViT","ibs",0.10458185745307197
"Training cohort","IDHmut-codel",79,"3D-ViT","ibs",0.12219923721513921
"Training cohort","IDHmut-codel",80,"3D-ViT","ibs",0.1253966763180514
"Training cohort","IDHmut-codel",81,"3D-ViT","ibs",0.11120659185039626
"Training cohort","IDHmut-codel",82,"3D-ViT","ibs",0.14187606929197338
"Training cohort","IDHmut-codel",83,"3D-ViT","ibs",0.1284001171734827
"Training cohort","IDHmut-codel",84,"3D-ViT","ibs",0.12337844420164464
"Training cohort","IDHmut-codel",85,"3D-ViT","ibs",0.12321978522014966
"Training cohort","IDHmut-codel",86,"3D-ViT","ibs",0.13054004693499788
"Training cohort","IDHmut-codel",87,"3D-ViT","ibs",0.13333429379410175
"Training cohort","IDHmut-codel",88,"3D-ViT","ibs",0.11533257615828613
"Training cohort","IDHmut-codel",89,"3D-ViT","ibs",0.0978679959875692
"Training cohort","IDHmut-codel",90,"3D-ViT","ibs",0.12056802206066489
"Training cohort","IDHmut-codel",91,"3D-ViT","ibs",0.12651426882824468
"Training cohort","IDHmut-codel",92,"3D-ViT","ibs",0.12640140256678117
"Training cohort","IDHmut-codel",93,"3D-ViT","ibs",0.10909904212734735
"Training cohort","IDHmut-codel",94,"3D-ViT","ibs",0.11315559894544912
"Training cohort","IDHmut-codel",95,"3D-ViT","ibs",0.10834555219326539
"Training cohort","IDHmut-codel",96,"3D-ViT","ibs",0.10603787249698032
"Training cohort","IDHmut-codel",97,"3D-ViT","ibs",0.13408957825179973
"Training cohort","IDHmut-codel",98,"3D-ViT","ibs",0.1335138516938306
"Training cohort","IDHmut-codel",99,"3D-ViT","ibs",0.0962868591320952
"Training cohort","IDHmut-codel",100,"3D-ViT","ibs",0.13040916915647072
"Training cohort","IDHmut-codel",1,"CR-ViT","ibs",0.11017667627595684
"Training cohort","IDHmut-codel",2,"CR-ViT","ibs",0.09803438378564883
"Training cohort","IDHmut-codel",3,"CR-ViT","ibs",0.11231346787757339
"Training cohort","IDHmut-codel",4,"CR-ViT","ibs",0.11245227827804713
"Training cohort","IDHmut-codel",5,"CR-ViT","ibs",0.11542277998765434
"Training cohort","IDHmut-codel",6,"CR-ViT","ibs",0.10717132177536576
"Training cohort","IDHmut-codel",7,"CR-ViT","ibs",0.08860184355655366
"Training cohort","IDHmut-codel",8,"CR-ViT","ibs",0.12815135488917595
"Training cohort","IDHmut-codel",9,"CR-ViT","ibs",0.12084972243037921
"Training cohort","IDHmut-codel",10,"CR-ViT","ibs",0.12292572432184266
"Training cohort","IDHmut-codel",11,"CR-ViT","ibs",0.11697952560133369
"Training cohort","IDHmut-codel",12,"CR-ViT","ibs",0.12104173897694799
"Training cohort","IDHmut-codel",13,"CR-ViT","ibs",0.09218064815267542
"Training cohort","IDHmut-codel",14,"CR-ViT","ibs",0.09595628801916349
"Training cohort","IDHmut-codel",15,"CR-ViT","ibs",0.11606385446485051
"Training cohort","IDHmut-codel",16,"CR-ViT","ibs",0.11741481640865639
"Training cohort","IDHmut-codel",17,"CR-ViT","ibs",0.11298270385070026
"Training cohort","IDHmut-codel",18,"CR-ViT","ibs",0.12863828246192097
"Training cohort","IDHmut-codel",19,"CR-ViT","ibs",0.09740384434409675
"Training cohort","IDHmut-codel",20,"CR-ViT","ibs",0.12010849900750532
"Training cohort","IDHmut-codel",21,"CR-ViT","ibs",0.11055412354818571
"Training cohort","IDHmut-codel",22,"CR-ViT","ibs",0.12741720866629763
"Training cohort","IDHmut-codel",23,"CR-ViT","ibs",0.09198094897933459
"Training cohort","IDHmut-codel",24,"CR-ViT","ibs",0.13217215565806748
"Training cohort","IDHmut-codel",25,"CR-ViT","ibs",0.08864241247812465
"Training cohort","IDHmut-codel",26,"CR-ViT","ibs",0.10169984505829101
"Training cohort","IDHmut-codel",27,"CR-ViT","ibs",0.1130252116293268
"Training cohort","IDHmut-codel",28,"CR-ViT","ibs",0.10448285313291965
"Training cohort","IDHmut-codel",29,"CR-ViT","ibs",0.12283362207297835
"Training cohort","IDHmut-codel",30,"CR-ViT","ibs",0.0960437986657137
"Training cohort","IDHmut-codel",31,"CR-ViT","ibs",0.09846917550585937
"Training cohort","IDHmut-codel",32,"CR-ViT","ibs",0.11117780319615861
"Training cohort","IDHmut-codel",33,"CR-ViT","ibs",0.10178333916905584
"Training cohort","IDHmut-codel",34,"CR-ViT","ibs",0.07769249707398548
"Training cohort","IDHmut-codel",35,"CR-ViT","ibs",0.09611970179944344
"Training cohort","IDHmut-codel",36,"CR-ViT","ibs",0.1444946072929075
"Training cohort","IDHmut-codel",37,"CR-ViT","ibs",0.11366171383208422
"Training cohort","IDHmut-codel",38,"CR-ViT","ibs",0.1132883613716662
"Training cohort","IDHmut-codel",39,"CR-ViT","ibs",0.10212676342468274
"Training cohort","IDHmut-codel",40,"CR-ViT","ibs",0.12266748798845617
"Training cohort","IDHmut-codel",41,"CR-ViT","ibs",0.12337310511847249
"Training cohort","IDHmut-codel",42,"CR-ViT","ibs",0.11507671499903036
"Training cohort","IDHmut-codel",43,"CR-ViT","ibs",0.11604432902419083
"Training cohort","IDHmut-codel",44,"CR-ViT","ibs",0.09590662243237065
"Training cohort","IDHmut-codel",45,"CR-ViT","ibs",0.1278400142870434
"Training cohort","IDHmut-codel",46,"CR-ViT","ibs",0.1032549820367554
"Training cohort","IDHmut-codel",47,"CR-ViT","ibs",0.10298883778210369
"Training cohort","IDHmut-codel",48,"CR-ViT","ibs",0.11845187280314962
"Training cohort","IDHmut-codel",49,"CR-ViT","ibs",0.10855848740705062
"Training cohort","IDHmut-codel",50,"CR-ViT","ibs",0.10047673460110923
"Training cohort","IDHmut-codel",51,"CR-ViT","ibs",0.1076893648987523
"Training cohort","IDHmut-codel",52,"CR-ViT","ibs",0.113949087284284
"Training cohort","IDHmut-codel",53,"CR-ViT","ibs",0.11552804046846546
"Training cohort","IDHmut-codel",54,"CR-ViT","ibs",0.10234452773896834
"Training cohort","IDHmut-codel",55,"CR-ViT","ibs",0.09674128550755977
"Training cohort","IDHmut-codel",56,"CR-ViT","ibs",0.09248486196053998
"Training cohort","IDHmut-codel",57,"CR-ViT","ibs",0.13036500160127928
"Training cohort","IDHmut-codel",58,"CR-ViT","ibs",0.1077812450435493
"Training cohort","IDHmut-codel",59,"CR-ViT","ibs",0.09085453157584542
"Training cohort","IDHmut-codel",60,"CR-ViT","ibs",0.09947328848248572
"Training cohort","IDHmut-codel",61,"CR-ViT","ibs",0.1455362915611597
"Training cohort","IDHmut-codel",62,"CR-ViT","ibs",0.11684608255228626
"Training cohort","IDHmut-codel",63,"CR-ViT","ibs",0.11793270088812353
"Training cohort","IDHmut-codel",64,"CR-ViT","ibs",0.107873436502567
"Training cohort","IDHmut-codel",65,"CR-ViT","ibs",0.11829220508900935
"Training cohort","IDHmut-codel",66,"CR-ViT","ibs",0.1063844594086576
"Training cohort","IDHmut-codel",67,"CR-ViT","ibs",0.1136634551746226
"Training cohort","IDHmut-codel",68,"CR-ViT","ibs",0.11170920084262631
"Training cohort","IDHmut-codel",69,"CR-ViT","ibs",0.11908598054701473
"Training cohort","IDHmut-codel",70,"CR-ViT","ibs",0.13390610622902088
"Training cohort","IDHmut-codel",71,"CR-ViT","ibs",0.11976100365644117
"Training cohort","IDHmut-codel",72,"CR-ViT","ibs",0.11332216895745569
"Training cohort","IDHmut-codel",73,"CR-ViT","ibs",0.09251992595658623
"Training cohort","IDHmut-codel",74,"CR-ViT","ibs",0.09530621565273702
"Training cohort","IDHmut-codel",75,"CR-ViT","ibs",0.10307319222835974
"Training cohort","IDHmut-codel",76,"CR-ViT","ibs",0.09821718329837573
"Training cohort","IDHmut-codel",77,"CR-ViT","ibs",0.08635105061217042
"Training cohort","IDHmut-codel",78,"CR-ViT","ibs",0.10327039288987257
"Training cohort","IDHmut-codel",79,"CR-ViT","ibs",0.10876679113823101
"Training cohort","IDHmut-codel",80,"CR-ViT","ibs",0.11604633593747565
"Training cohort","IDHmut-codel",81,"CR-ViT","ibs",0.10443699451463623
"Training cohort","IDHmut-codel",82,"CR-ViT","ibs",0.12929870327448684
"Training cohort","IDHmut-codel",83,"CR-ViT","ibs",0.12272465419244614
"Training cohort","IDHmut-codel",84,"CR-ViT","ibs",0.11251350978222704
"Training cohort","IDHmut-codel",85,"CR-ViT","ibs",0.11036618370714384
"Training cohort","IDHmut-codel",86,"CR-ViT","ibs",0.11215683576769538
"Training cohort","IDHmut-codel",87,"CR-ViT","ibs",0.12727597396802567
"Training cohort","IDHmut-codel",88,"CR-ViT","ibs",0.10484696782045105
"Training cohort","IDHmut-codel",89,"CR-ViT","ibs",0.09562009725621538
"Training cohort","IDHmut-codel",90,"CR-ViT","ibs",0.10464634670212
"Training cohort","IDHmut-codel",91,"CR-ViT","ibs",0.11866583770260644
"Training cohort","IDHmut-codel",92,"CR-ViT","ibs",0.11845685827956205
"Training cohort","IDHmut-codel",93,"CR-ViT","ibs",0.10206315673020712
"Training cohort","IDHmut-codel",94,"CR-ViT","ibs",0.10345308730053854
"Training cohort","IDHmut-codel",95,"CR-ViT","ibs",0.09859481864056467
"Training cohort","IDHmut-codel",96,"CR-ViT","ibs",0.09395793915116177
"Training cohort","IDHmut-codel",97,"CR-ViT","ibs",0.11753721664418486
"Training cohort","IDHmut-codel",98,"CR-ViT","ibs",0.126216336403199
"Training cohort","IDHmut-codel",99,"CR-ViT","ibs",0.09593558097782433
"Training cohort","IDHmut-codel",100,"CR-ViT","ibs",0.11655944762497243
"Training cohort","GBM",1,"3D-CNN","cindex",0.6210475088125428
"Training cohort","GBM",2,"3D-CNN","cindex",0.6408565654471966
"Training cohort","GBM",3,"3D-CNN","cindex",0.6231768519002562
"Training cohort","GBM",4,"3D-CNN","cindex",0.6455521930565116
"Training cohort","GBM",5,"3D-CNN","cindex",0.6331238255685868
"Training cohort","GBM",6,"3D-CNN","cindex",0.6312757308200202
"Training cohort","GBM",7,"3D-CNN","cindex",0.6467772854803285
"Training cohort","GBM",8,"3D-CNN","cindex",0.6250032061969375
"Training cohort","GBM",9,"3D-CNN","cindex",0.6344683544303797
"Training cohort","GBM",10,"3D-CNN","cindex",0.6301714864266279
"Training cohort","GBM",11,"3D-CNN","cindex",0.6697564074309346
"Training cohort","GBM",12,"3D-CNN","cindex",0.6457794755051383
"Training cohort","GBM",13,"3D-CNN","cindex",0.6499159727574835
"Training cohort","GBM",14,"3D-CNN","cindex",0.6293148535564854
"Training cohort","GBM",15,"3D-CNN","cindex",0.6478222951828861
"Training cohort","GBM",16,"3D-CNN","cindex",0.6538303756930935
"Training cohort","GBM",17,"3D-CNN","cindex",0.6282371334190685
"Training cohort","GBM",18,"3D-CNN","cindex",0.6399826251373381
"Training cohort","GBM",19,"3D-CNN","cindex",0.6382186419424707
"Training cohort","GBM",20,"3D-CNN","cindex",0.6354165294698716
"Training cohort","GBM",21,"3D-CNN","cindex",0.64120459135414265
"Training cohort","GBM",22,"3D-CNN","cindex",0.6241104246500352
"Training cohort","GBM",23,"3D-CNN","cindex",0.6376499262394971
"Training cohort","GBM",24,"3D-CNN","cindex",0.6320405403697666
"Training cohort","GBM",25,"3D-CNN","cindex",0.63901620721994
"Training cohort","GBM",26,"3D-CNN","cindex",0.6098713573116303
"Training cohort","GBM",27,"3D-CNN","cindex",0.6363742356720904
"Training cohort","GBM",28,"3D-CNN","cindex",0.6381148816936488
"Training cohort","GBM",29,"3D-CNN","cindex",0.6478703315148973
"Training cohort","GBM",30,"3D-CNN","cindex",0.6266945682831407
"Training cohort","GBM",31,"3D-CNN","cindex",0.6521499094842529
"Training cohort","GBM",32,"3D-CNN","cindex",0.6459813858361487
"Training cohort","GBM",33,"3D-CNN","cindex",0.6286724384862521
"Training cohort","GBM",34,"3D-CNN","cindex",0.6498681247989707
"Training cohort","GBM",35,"3D-CNN","cindex",0.6371420284737898
"Training cohort","GBM",36,"3D-CNN","cindex",0.6622041973461432
"Training cohort","GBM",37,"3D-CNN","cindex",0.6697852898522825
"Training cohort","GBM",38,"3D-CNN","cindex",0.6278150074388678
"Training cohort","GBM",39,"3D-CNN","cindex",0.6318045152442241
"Training cohort","GBM",40,"3D-CNN","cindex",0.6496398676270196
"Training cohort","GBM",41,"3D-CNN","cindex",0.626067137945687
"Training cohort","GBM",42,"3D-CNN","cindex",0.6125219550202712
"Training cohort","GBM",43,"3D-CNN","cindex",0.6385278336257347
"Training cohort","GBM",44,"3D-CNN","cindex",0.6388998812821527
"Training cohort","GBM",45,"3D-CNN","cindex",0.6706157183380611
"Training cohort","GBM",46,"3D-CNN","cindex",0.6420357697102297
"Training cohort","GBM",47,"3D-CNN","cindex",0.6481233067676688
"Training cohort","GBM",48,"3D-CNN","cindex",0.6543393275996873
"Training cohort","GBM",49,"3D-CNN","cindex",0.6414483292904406
"Training cohort","GBM",50,"3D-CNN","cindex",0.6314367719061287
"Training cohort","GBM",51,"3D-CNN","cindex",0.6257360371892474
"Training cohort","GBM",52,"3D-CNN","cindex",0.6342381663412331
"Training cohort","GBM",53,"3D-CNN","cindex",0.6443958947261457
"Training cohort","GBM",54,"3D-CNN","cindex",0.6386375663082899
"Training cohort","GBM",55,"3D-CNN","cindex",0.6573321905103046
"Training cohort","GBM",56,"3D-CNN","cindex",0.6193356966707768
"Training cohort","GBM",57,"3D-CNN","cindex",0.6462761090633414
"Training cohort","GBM",58,"3D-CNN","cindex",0.6336879432624114
"Training cohort","GBM",59,"3D-CNN","cindex",0.6386309331611237
"Training cohort","GBM",60,"3D-CNN","cindex",0.6587699376093142
"Training cohort","GBM",61,"3D-CNN","cindex",0.6478098837361888
"Training cohort","GBM",62,"3D-CNN","cindex",0.646706897670495
"Training cohort","GBM",63,"3D-CNN","cindex",0.6292968946600231
"Training cohort","GBM",64,"3D-CNN","cindex",0.6422031417952005
"Training cohort","GBM",65,"3D-CNN","cindex",0.622906009605998
"Training cohort","GBM",66,"3D-CNN","cindex",0.6429811555082436
"Training cohort","GBM",67,"3D-CNN","cindex",0.6205910144064616
"Training cohort","GBM",68,"3D-CNN","cindex",0.6489639313766019
"Training cohort","GBM",69,"3D-CNN","cindex",0.638937111142086
"Training cohort","GBM",70,"3D-CNN","cindex",0.6174387353871817
"Training cohort","GBM",71,"3D-CNN","cindex",0.6438235332269655
"Training cohort","GBM",72,"3D-CNN","cindex",0.6139177810797425
"Training cohort","GBM",73,"3D-CNN","cindex",0.6634658819581575
"Training cohort","GBM",74,"3D-CNN","cindex",0.6056231406714832
"Training cohort","GBM",75,"3D-CNN","cindex",0.6265911380316331
"Training cohort","GBM",76,"3D-CNN","cindex",0.6291897253837319
"Training cohort","GBM",77,"3D-CNN","cindex",0.6457463415872371
"Training cohort","GBM",78,"3D-CNN","cindex",0.6437434963579605
"Training cohort","GBM",79,"3D-CNN","cindex",0.6444027076730445
"Training cohort","GBM",80,"3D-CNN","cindex",0.6319645754102284
"Training cohort","GBM",81,"3D-CNN","cindex",0.6235332850464212
"Training cohort","GBM",82,"3D-CNN","cindex",0.6129201818707456
"Training cohort","GBM",83,"3D-CNN","cindex",0.6236499691421518
"Training cohort","GBM",84,"3D-CNN","cindex",0.6451217906517446
"Training cohort","GBM",85,"3D-CNN","cindex",0.6456928935316215
"Training cohort","GBM",86,"3D-CNN","cindex",0.6578933780818381
"Training cohort","GBM",87,"3D-CNN","cindex",0.5903461092936519
"Training cohort","GBM",88,"3D-CNN","cindex",0.6298038910707573
"Training cohort","GBM",89,"3D-CNN","cindex",0.6374038931317338
"Training cohort","GBM",90,"3D-CNN","cindex",0.6425612052730697
"Training cohort","GBM",91,"3D-CNN","cindex",0.6409077289840157
"Training cohort","GBM",92,"3D-CNN","cindex",0.6293658823981454
"Training cohort","GBM",93,"3D-CNN","cindex",0.6361000502570844
"Training cohort","GBM",94,"3D-CNN","cindex",0.6442887820840577
"Training cohort","GBM",95,"3D-CNN","cindex",0.6441130561539752
"Training cohort","GBM",96,"3D-CNN","cindex",0.650524122664236
"Training cohort","GBM",97,"3D-CNN","cindex",0.6368993060102135
"Training cohort","GBM",98,"3D-CNN","cindex",0.64130985640959
"Training cohort","GBM",99,"3D-CNN","cindex",0.6582735689138088
"Training cohort","GBM",100,"3D-CNN","cindex",0.6203938808251538
"Training cohort","GBM",1,"Clinicoradiologic","cindex",0.6366601778292208
"Training cohort","GBM",2,"Clinicoradiologic","cindex",0.6211135869001969
"Training cohort","GBM",3,"Clinicoradiologic","cindex",0.6296199487688849
"Training cohort","GBM",4,"Clinicoradiologic","cindex",0.6308495577520035
"Training cohort","GBM",5,"Clinicoradiologic","cindex",0.6254519536059094
"Training cohort","GBM",6,"Clinicoradiologic","cindex",0.6302400248569431
"Training cohort","GBM",7,"Clinicoradiologic","cindex",0.5807487717249171
"Training cohort","GBM",8,"Clinicoradiologic","cindex",0.6405340241619001
"Training cohort","GBM",9,"Clinicoradiologic","cindex",0.6470126582278481
"Training cohort","GBM",10,"Clinicoradiologic","cindex",0.6048914763019679
"Training cohort","GBM",11,"Clinicoradiologic","cindex",0.5981241168310927
"Training cohort","GBM",12,"Clinicoradiologic","cindex",0.6088153207032707
"Training cohort","GBM",13,"Clinicoradiologic","cindex",0.6362062647679458
"Training cohort","GBM",14,"Clinicoradiologic","cindex",0.6348849372384937
"Training cohort","GBM",15,"Clinicoradiologic","cindex",0.5927384189196121
"Training cohort","GBM",16,"Clinicoradiologic","cindex",0.6422380139478873
"Training cohort","GBM",17,"Clinicoradiologic","cindex",0.62289759689336055
"Training cohort","GBM",18,"Clinicoradiologic","cindex",0.6084076449395712
"Training cohort","GBM",19,"Clinicoradiologic","cindex",0.6338805081632912
"Training cohort","GBM",20,"Clinicoradiologic","cindex",0.6508264734935791
"Training cohort","GBM",21,"Clinicoradiologic","cindex",0.6186376767134494
"Training cohort","GBM",22,"Clinicoradiologic","cindex",0.6380047444018665
"Training cohort","GBM",23,"Clinicoradiologic","cindex",0.6052979282919633
"Training cohort","GBM",24,"Clinicoradiologic","cindex",0.6147401144936877
"Training cohort","GBM",25,"Clinicoradiologic","cindex",0.6377283474447542
"Training cohort","GBM",26,"Clinicoradiologic","cindex",0.6219086374376477
"Training cohort","GBM",27,"Clinicoradiologic","cindex",0.6053800912011608
"Training cohort","GBM",28,"Clinicoradiologic","cindex",0.6322255085097551
"Training cohort","GBM",29,"Clinicoradiologic","cindex",0.6149286613512379
"Training cohort","GBM",30,"Clinicoradiologic","cindex",0.5982947086577329
"Training cohort","GBM",31,"Clinicoradiologic","cindex",0.6484265666927729
"Training cohort","GBM",32,"Clinicoradiologic","cindex",0.6407971211473988
"Training cohort","GBM",33,"Clinicoradiologic","cindex",0.6064926518973459
"Training cohort","GBM",34,"Clinicoradiologic","cindex",0.6104149244129945
"Training cohort","GBM",35,"Clinicoradiologic","cindex",0.6374005371937302
"Training cohort","GBM",36,"Clinicoradiologic","cindex",0.601954299064194
"Training cohort","GBM",37,"Clinicoradiologic","cindex",0.5932185988013193
"Training cohort","GBM",38,"Clinicoradiologic","cindex",0.6261682837196882
"Training cohort","GBM",39,"Clinicoradiologic","cindex",0.615380050638253
"Training cohort","GBM",40,"Clinicoradiologic","cindex",0.6028226591395756
"Training cohort","GBM",41,"Clinicoradiologic","cindex",0.621161200602619
"Training cohort","GBM",42,"Clinicoradiologic","cindex",0.6077083580946344
"Training cohort","GBM",43,"Clinicoradiologic","cindex",0.6213551204394985
"Training cohort","GBM",44,"Clinicoradiologic","cindex",0.6616937079540958
"Training cohort","GBM",45,"Clinicoradiologic","cindex",0.6235030612637821
"Training cohort","GBM",46,"Clinicoradiologic","cindex",0.6417495611468695
"Training cohort","GBM",47,"Clinicoradiologic","cindex",0.6348930797759016
"Training cohort","GBM",48,"Clinicoradiologic","cindex",0.6148358092259578
"Training cohort","GBM",49,"Clinicoradiologic","cindex",0.6077102833411652
"Training cohort","GBM",50,"Clinicoradiologic","cindex",0.6153066922947051
"Training cohort","GBM",51,"Clinicoradiologic","cindex",0.6521929529070942
"Training cohort","GBM",52,"Clinicoradiologic","cindex",0.6260321349719872
"Training cohort","GBM",53,"Clinicoradiologic","cindex",0.5922543440707245
"Training cohort","GBM",54,"Clinicoradiologic","cindex",0.6080550858942423
"Training cohort","GBM",55,"Clinicoradiologic","cindex",0.6121608310199695
"Training cohort","GBM",56,"Clinicoradiologic","cindex",0.6376387176325524
"Training cohort","GBM",57,"Clinicoradiologic","cindex",0.6267416934619507
"Training cohort","GBM",58,"Clinicoradiologic","cindex",0.6501182033096926
"Training cohort","GBM",59,"Clinicoradiologic","cindex",0.6138262835001614
"Training cohort","GBM",60,"Clinicoradiologic","cindex",0.653438013940011
"Training cohort","GBM",61,"Clinicoradiologic","cindex",0.6683266409469071
"Training cohort","GBM",62,"Clinicoradiologic","cindex",0.6447861916812666
"Training cohort","GBM",63,"Clinicoradiologic","cindex",0.6274346972670994
"Training cohort","GBM",64,"Clinicoradiologic","cindex",0.6189116386287994
"Training cohort","GBM",65,"Clinicoradiologic","cindex",0.6523552917594075
"Training cohort","GBM",66,"Clinicoradiologic","cindex",0.6290410472823125
"Training cohort","GBM",67,"Clinicoradiologic","cindex",0.6375732943293164
"Training cohort","GBM",68,"Clinicoradiologic","cindex",0.6191026767259198
"Training cohort","GBM",69,"Clinicoradiologic","cindex",0.6088612086115792
"Training cohort","GBM",70,"Clinicoradiologic","cindex",0.6273549309573299
"Training cohort","GBM",71,"Clinicoradiologic","cindex",0.628465060772334
"Training cohort","GBM",72,"Clinicoradiologic","cindex",0.60294961028127525
"Training cohort","GBM",73,"Clinicoradiologic","cindex",0.6368464526787212
"Training cohort","GBM",74,"Clinicoradiologic","cindex",0.628678814279643
"Training cohort","GBM",75,"Clinicoradiologic","cindex",0.6157655123693402
"Training cohort","GBM",76,"Clinicoradiologic","cindex",0.6352850579513418
"Training cohort","GBM",77,"Clinicoradiologic","cindex",0.630636747851912
"Training cohort","GBM",78,"Clinicoradiologic","cindex",0.6444133714880333
"Training cohort","GBM",79,"Clinicoradiologic","cindex",0.6725554642563681
"Training cohort","GBM",80,"Clinicoradiologic","cindex",0.617004866891838
"Training cohort","GBM",81,"Clinicoradiologic","cindex",0.6231843023638639
"Training cohort","GBM",82,"Clinicoradiologic","cindex",0.6156994927593367
"Training cohort","GBM",83,"Clinicoradiologic","cindex",0.6296093910717959
"Training cohort","GBM",84,"Clinicoradiologic","cindex",0.6244634628044766
"Training cohort","GBM",85,"Clinicoradiologic","cindex",0.6414796994802655
"Training cohort","GBM",86,"Clinicoradiologic","cindex",0.6431650961662579
"Training cohort","GBM",87,"Clinicoradiologic","cindex",0.5859481408877405
"Training cohort","GBM",88,"Clinicoradiologic","cindex",0.6575676271208409
"Training cohort","GBM",89,"Clinicoradiologic","cindex",0.65017099951143
"Training cohort","GBM",90,"Clinicoradiologic","cindex",0.6078446652380025
"Training cohort","GBM",91,"Clinicoradiologic","cindex",0.6609434232638121
"Training cohort","GBM",92,"Clinicoradiologic","cindex",0.6044481729574651
"Training cohort","GBM",93,"Clinicoradiologic","cindex",0.626209713792348
"Training cohort","GBM",94,"Clinicoradiologic","cindex",0.6425056242969629
"Training cohort","GBM",95,"Clinicoradiologic","cindex",0.62890388162902
"Training cohort","GBM",96,"Clinicoradiologic","cindex",0.6316426850706426
"Training cohort","GBM",97,"Clinicoradiologic","cindex",0.6177491161450832
"Training cohort","GBM",98,"Clinicoradiologic","cindex",0.6202520953804171
"Training cohort","GBM",99,"Clinicoradiologic","cindex",0.6225322727865432
"Training cohort","GBM",100,"Clinicoradiologic","cindex",0.6306325084321825
"Training cohort","GBM",1,"3D-ViT","cindex",0.6769611195875204
"Training cohort","GBM",2,"3D-ViT","cindex",0.6766957715825475
"Training cohort","GBM",3,"3D-ViT","cindex",0.6728200637775106
"Training cohort","GBM",4,"3D-ViT","cindex",0.6921798085540244
"Training cohort","GBM",5,"3D-ViT","cindex",0.6916672066351325
"Training cohort","GBM",6,"3D-ViT","cindex",0.6886473680122214
"Training cohort","GBM",7,"3D-ViT","cindex",0.6878213510391143
"Training cohort","GBM",8,"3D-ViT","cindex",0.6793931310436813
"Training cohort","GBM",9,"3D-ViT","cindex",0.6763860759493671
"Training cohort","GBM",10,"3D-ViT","cindex",0.6823134847813707
"Training cohort","GBM",11,"3D-ViT","cindex",0.7086547311925535
"Training cohort","GBM",12,"3D-ViT","cindex",0.6849043742202673
"Training cohort","GBM",13,"3D-ViT","cindex",0.6817199681580975
"Training cohort","GBM",14,"3D-ViT","cindex",0.6920371338912134
"Training cohort","GBM",15,"3D-ViT","cindex",0.7033422254142513
"Training cohort","GBM",16,"3D-ViT","cindex",0.706948800402292
"Training cohort","GBM",17,"3D-ViT","cindex",0.6804788561918451
"Training cohort","GBM",18,"3D-ViT","cindex",0.6828384904310499
"Training cohort","GBM",19,"3D-ViT","cindex",0.6871350584539778
"Training cohort","GBM",20,"3D-ViT","cindex",0.6811195258478762
"Training cohort","GBM",21,"3D-ViT","cindex",0.6831876166372677
"Training cohort","GBM",22,"3D-ViT","cindex",0.6646854878652798
"Training cohort","GBM",23,"3D-ViT","cindex",0.6868064909242512
"Training cohort","GBM",24,"3D-ViT","cindex",0.6758729195890358
"Training cohort","GBM",25,"3D-ViT","cindex",0.6831072423950229
"Training cohort","GBM",26,"3D-ViT","cindex",0.6493436597532161
"Training cohort","GBM",27,"3D-ViT","cindex",0.697183645973676
"Training cohort","GBM",28,"3D-ViT","cindex",0.6702599626400996
"Training cohort","GBM",29,"3D-ViT","cindex",0.695709190096517
"Training cohort","GBM",30,"3D-ViT","cindex",0.6836892522453436
"Training cohort","GBM",31,"3D-ViT","cindex",0.6920217751357736
"Training cohort","GBM",32,"3D-ViT","cindex",0.6920637386250372
"Training cohort","GBM",33,"3D-ViT","cindex",0.6903990813258841
"Training cohort","GBM",34,"3D-ViT","cindex",0.680469604374397
"Training cohort","GBM",35,"3D-ViT","cindex",0.6780620673131487
"Training cohort","GBM",36,"3D-ViT","cindex",0.692358677534092
"Training cohort","GBM",37,"3D-ViT","cindex",0.7006314249412852
"Training cohort","GBM",38,"3D-ViT","cindex",0.6676669930443407
"Training cohort","GBM",39,"3D-ViT","cindex",0.6957023420192003
"Training cohort","GBM",40,"3D-ViT","cindex",0.704152877814548
"Training cohort","GBM",41,"3D-ViT","cindex",0.6630612533961705
"Training cohort","GBM",42,"3D-ViT","cindex",0.6595618240164811
"Training cohort","GBM",43,"3D-ViT","cindex",0.7063863028083341
"Training cohort","GBM",44,"3D-ViT","cindex",0.6850547421184541
"Training cohort","GBM",45,"3D-ViT","cindex",0.7144553260855614
"Training cohort","GBM",46,"3D-ViT","cindex",0.6624837815147429
"Training cohort","GBM",47,"3D-ViT","cindex",0.7063113180251979
"Training cohort","GBM",48,"3D-ViT","cindex",0.6944487881157154
"Training cohort","GBM",49,"3D-ViT","cindex",0.6919252213007532
"Training cohort","GBM",50,"3D-ViT","cindex",0.6706905284484215
"Training cohort","GBM",51,"3D-ViT","cindex",0.6926564710638011
"Training cohort","GBM",52,"3D-ViT","cindex",0.6924014446699083
"Training cohort","GBM",53,"3D-ViT","cindex",0.6938509805914033
"Training cohort","GBM",54,"3D-ViT","cindex",0.6850824094270705
"Training cohort","GBM",55,"3D-ViT","cindex",0.7126290473205491
"Training cohort","GBM",56,"3D-ViT","cindex",0.6714318742293465
"Training cohort","GBM",57,"3D-ViT","cindex",0.6886584058766633
"Training cohort","GBM",58,"3D-ViT","cindex",0.6723535592329919
"Training cohort","GBM",59,"3D-ViT","cindex",0.6977978689053923
"Training cohort","GBM",60,"3D-ViT","cindex",0.7115213929569009
"Training cohort","GBM",61,"3D-ViT","cindex",0.7005222685877752
"Training cohort","GBM",62,"3D-ViT","cindex",0.6950230354941276
"Training cohort","GBM",63,"3D-ViT","cindex",0.6659368866072777
"Training cohort","GBM",64,"3D-ViT","cindex",0.6921662328243781
"Training cohort","GBM",65,"3D-ViT","cindex",0.6473570489541437
"Training cohort","GBM",66,"3D-ViT","cindex",0.6715963958483824
"Training cohort","GBM",67,"3D-ViT","cindex",0.6651824430148725
"Training cohort","GBM",68,"3D-ViT","cindex",0.6848839913187268
"Training cohort","GBM",69,"3D-ViT","cindex",0.6927024595461054
"Training cohort","GBM",70,"3D-ViT","cindex",0.6780016681450491
"Training cohort","GBM",71,"3D-ViT","cindex",0.7051601354243686
"Training cohort","GBM",72,"3D-ViT","cindex",0.6615507937749276
"Training cohort","GBM",73,"3D-ViT","cindex",0.7089996257146913
"Training cohort","GBM",74,"3D-ViT","cindex",0.6652544623884403
"Training cohort","GBM",75,"3D-ViT","cindex",0.6841533772027368
"Training cohort","GBM",76,"3D-ViT","cindex",0.6749634541088023
"Training cohort","GBM",77,"3D-ViT","cindex",0.6832125496566867
"Training cohort","GBM",78,"3D-ViT","cindex",0.7035965140478668
"Training cohort","GBM",79,"3D-ViT","cindex",0.6945063974644912
"Training cohort","GBM",80,"3D-ViT","cindex",0.6824353075716072
"Training cohort","GBM",81,"3D-ViT","cindex",0.6801870020412195
"Training cohort","GBM",82,"3D-ViT","cindex",0.6725866645641148
"Training cohort","GBM",83,"3D-ViT","cindex",0.6677959781937872
"Training cohort","GBM",84,"3D-ViT","cindex",0.710493745885451
"Training cohort","GBM",85,"3D-ViT","cindex",0.6989399475119642
"Training cohort","GBM",86,"3D-ViT","cindex",0.6884535949399768
"Training cohort","GBM",87,"3D-ViT","cindex",0.6395766239386957
"Training cohort","GBM",88,"3D-ViT","cindex",0.6850591696802375
"Training cohort","GBM",89,"3D-ViT","cindex",0.6869808943403019
"Training cohort","GBM",90,"3D-ViT","cindex",0.7027079680498733
"Training cohort","GBM",91,"3D-ViT","cindex",0.6854148482993109
"Training cohort","GBM",92,"3D-ViT","cindex",0.6967865056290585
"Training cohort","GBM",93,"3D-ViT","cindex",0.6778778623986804
"Training cohort","GBM",94,"3D-ViT","cindex",0.6940190714797014
"Training cohort","GBM",95,"3D-ViT","cindex",0.6946748539067842
"Training cohort","GBM",96,"3D-ViT","cindex",0.6985936584413048
"Training cohort","GBM",97,"3D-ViT","cindex",0.6814455938195627
"Training cohort","GBM",98,"3D-ViT","cindex",0.6748879215125723
"Training cohort","GBM",99,"3D-ViT","cindex",0.6834463424175251
"Training cohort","GBM",100,"3D-ViT","cindex",0.6686499665239196
"Training cohort","GBM",1,"CR-ViT","cindex",0.7165649497553532
"Training cohort","GBM",2,"CR-ViT","cindex",0.7027153072857291
"Training cohort","GBM",3,"CR-ViT","cindex",0.7098907418056354
"Training cohort","GBM",4,"CR-ViT","cindex",0.721688984712896
"Training cohort","GBM",5,"CR-ViT","cindex",0.7119160241041923
"Training cohort","GBM",6,"CR-ViT","cindex",0.7271950493254965
"Training cohort","GBM",7,"CR-ViT","cindex",0.6909380593888459
"Training cohort","GBM",8,"CR-ViT","cindex",0.7213430117731552
"Training cohort","GBM",9,"CR-ViT","cindex",0.7179050632911392
"Training cohort","GBM",10,"CR-ViT","cindex",0.6982281845219263
"Training cohort","GBM",11,"CR-ViT","cindex",0.7247559536927803
"Training cohort","GBM",12,"CR-ViT","cindex",0.7043124847268846
"Training cohort","GBM",13,"CR-ViT","cindex",0.7169355959616381
"Training cohort","GBM",14,"CR-ViT","cindex",0.7311453974895398
"Training cohort","GBM",15,"CR-ViT","cindex",0.7049197147694044
"Training cohort","GBM",16,"CR-ViT","cindex",0.7412362539203621
"Training cohort","GBM",17,"CR-ViT","cindex",0.705934639534004
"Training cohort","GBM",18,"CR-ViT","cindex",0.7069077854715486
"Training cohort","GBM",19,"CR-ViT","cindex",0.7203455307722512
"Training cohort","GBM",20,"CR-ViT","cindex",0.727336187026671
"Training cohort","GBM",21,"CR-ViT","cindex",0.7123884755988446
"Training cohort","GBM",22,"CR-ViT","cindex",0.7113865644795495
"Training cohort","GBM",23,"CR-ViT","cindex",0.7070617664036944
"Training cohort","GBM",24,"CR-ViT","cindex",0.7007746647963504
"Training cohort","GBM",25,"CR-ViT","cindex",0.7259170222040234
"Training cohort","GBM",26,"CR-ViT","cindex",0.6899251772118666
"Training cohort","GBM",27,"CR-ViT","cindex",0.7290910975230593
"Training cohort","GBM",28,"CR-ViT","cindex",0.7059334786218348
"Training cohort","GBM",29,"CR-ViT","cindex",0.7243364456567352
"Training cohort","GBM",30,"CR-ViT","cindex",0.7072539870283479
"Training cohort","GBM",31,"CR-ViT","cindex",0.7298265435823693
"Training cohort","GBM",32,"CR-ViT","cindex",0.7263666135942941
"Training cohort","GBM",33,"CR-ViT","cindex",0.7064307188108847
"Training cohort","GBM",34,"CR-ViT","cindex",0.7107944676744934
"Training cohort","GBM",35,"CR-ViT","cindex",0.7164222393160238
"Training cohort","GBM",36,"CR-ViT","cindex",0.7172238190862438
"Training cohort","GBM",37,"CR-ViT","cindex",0.7158716102619387
"Training cohort","GBM",38,"CR-ViT","cindex",0.7064635495479458
"Training cohort","GBM",39,"CR-ViT","cindex",0.7258413334739952
"Training cohort","GBM",40,"CR-ViT","cindex",0.7148854714165207
"Training cohort","GBM",41,"CR-ViT","cindex",0.698484438778795
"Training cohort","GBM",42,"CR-ViT","cindex",0.6918769726503176
"Training cohort","GBM",43,"CR-ViT","cindex",0.735270012421724
"Training cohort","GBM",44,"CR-ViT","cindex",0.7414457195620631
"Training cohort","GBM",45,"CR-ViT","cindex",0.7314623470972546
"Training cohort","GBM",46,"CR-ViT","cindex",0.7075966112906098
"Training cohort","GBM",47,"CR-ViT","cindex",0.7280833267576738
"Training cohort","GBM",48,"CR-ViT","cindex",0.7141125879593433
"Training cohort","GBM",49,"CR-ViT","cindex",0.7183987604617788
"Training cohort","GBM",50,"CR-ViT","cindex",0.6997623345757737
"Training cohort","GBM",51,"CR-ViT","cindex",0.7378023310651486
"Training cohort","GBM",52,"CR-ViT","cindex",0.7184042268080708
"Training cohort","GBM",53,"CR-ViT","cindex",0.7167970734681435
"Training cohort","GBM",54,"CR-ViT","cindex",0.7074304004956182
"Training cohort","GBM",55,"CR-ViT","cindex",0.7348821143931737
"Training cohort","GBM",56,"CR-ViT","cindex",0.7120388923140156
"Training cohort","GBM",57,"CR-ViT","cindex",0.717721485896531
"Training cohort","GBM",58,"CR-ViT","cindex",0.719437877593906
"Training cohort","GBM",59,"CR-ViT","cindex",0.732005166289958
"Training cohort","GBM",60,"CR-ViT","cindex",0.7394536246638995
"Training cohort","GBM",61,"CR-ViT","cindex",0.7383014460803612
"Training cohort","GBM",62,"CR-ViT","cindex",0.7268185062617611
"Training cohort","GBM",63,"CR-ViT","cindex",0.702432180784136
"Training cohort","GBM",64,"CR-ViT","cindex",0.7240050766023026
"Training cohort","GBM",65,"CR-ViT","cindex",0.7024288336131829
"Training cohort","GBM",66,"CR-ViT","cindex",0.7086454016652093
"Training cohort","GBM",67,"CR-ViT","cindex",0.7069521208434187
"Training cohort","GBM",68,"CR-ViT","cindex",0.7042036998759817
"Training cohort","GBM",69,"CR-ViT","cindex",0.7072113739751891
"Training cohort","GBM",70,"CR-ViT","cindex",0.7169581507420597
"Training cohort","GBM",71,"CR-ViT","cindex",0.7322968958763021
"Training cohort","GBM",72,"CR-ViT","cindex",0.6882771564870571
"Training cohort","GBM",73,"CR-ViT","cindex",0.738735948167938
"Training cohort","GBM",74,"CR-ViT","cindex",0.710622078198045
"Training cohort","GBM",75,"CR-ViT","cindex",0.7100498436661913
"Training cohort","GBM",76,"CR-ViT","cindex",0.705655476662838
"Training cohort","GBM",77,"CR-ViT","cindex",0.7201647396276225
"Training cohort","GBM",78,"CR-ViT","cindex",0.7388527575442247
"Training cohort","GBM",79,"CR-ViT","cindex",0.7491228756635495
"Training cohort","GBM",80,"CR-ViT","cindex",0.7125807824259993
"Training cohort","GBM",81,"CR-ViT","cindex",0.7220912622637783
"Training cohort","GBM",82,"CR-ViT","cindex",0.7059843885516045
"Training cohort","GBM",83,"CR-ViT","cindex",0.699598847973668
"Training cohort","GBM",84,"CR-ViT","cindex",0.7395457537853851
"Training cohort","GBM",85,"CR-ViT","cindex",0.725634230432769
"Training cohort","GBM",86,"CR-ViT","cindex",0.7389441073964115
"Training cohort","GBM",87,"CR-ViT","cindex",0.6608536259371938
"Training cohort","GBM",88,"CR-ViT","cindex",0.7266529273761844
"Training cohort","GBM",89,"CR-ViT","cindex",0.7290493455732984
"Training cohort","GBM",90,"CR-ViT","cindex",0.7227742061172804
"Training cohort","GBM",91,"CR-ViT","cindex",0.7376600706069331
"Training cohort","GBM",92,"CR-ViT","cindex",0.7175160418561164
"Training cohort","GBM",93,"CR-ViT","cindex",0.7091274596976843
"Training cohort","GBM",94,"CR-ViT","cindex",0.7397867880151345
"Training cohort","GBM",95,"CR-ViT","cindex",0.7319237864265535
"Training cohort","GBM",96,"CR-ViT","cindex",0.727638518132691
"Training cohort","GBM",97,"CR-ViT","cindex",0.709846798481079
"Training cohort","GBM",98,"CR-ViT","cindex",0.7093561172113573
"Training cohort","GBM",99,"CR-ViT","cindex",0.721476072499674
"Training cohort","GBM",100,"CR-ViT","cindex",0.7069706042116699
"Training cohort","GBM",1,"3D-CNN","iauc",0.7869652792679005
"Training cohort","GBM",2,"3D-CNN","iauc",0.767969383566843
"Training cohort","GBM",3,"3D-CNN","iauc",0.7769270648592909
"Training cohort","GBM",4,"3D-CNN","iauc",0.7977862722676726
"Training cohort","GBM",5,"3D-CNN","iauc",0.766997768474265
"Training cohort","GBM",6,"3D-CNN","iauc",0.7632500945247046
"Training cohort","GBM",7,"3D-CNN","iauc",0.7933424199328367
"Training cohort","GBM",8,"3D-CNN","iauc",0.7702485094458537
"Training cohort","GBM",9,"3D-CNN","iauc",0.7662188701579875
"Training cohort","GBM",10,"3D-CNN","iauc",0.7601877508830669
"Training cohort","GBM",11,"3D-CNN","iauc",0.7936477779852923
"Training cohort","GBM",12,"3D-CNN","iauc",0.7796528791924932
"Training cohort","GBM",13,"3D-CNN","iauc",0.8036324692224279
"Training cohort","GBM",14,"3D-CNN","iauc",0.7628103066250003
"Training cohort","GBM",15,"3D-CNN","iauc",0.7559920961755897
"Training cohort","GBM",16,"3D-CNN","iauc",0.7696399390880668
"Training cohort","GBM",17,"3D-CNN","iauc",0.7622405823004108
"Training cohort","GBM",18,"3D-CNN","iauc",0.7844224341432746
"Training cohort","GBM",19,"3D-CNN","iauc",0.790821697796615
"Training cohort","GBM",20,"3D-CNN","iauc",0.7534806141574947
"Training cohort","GBM",21,"3D-CNN","iauc",0.7985754633430413
"Training cohort","GBM",22,"3D-CNN","iauc",0.7536028160020616
"Training cohort","GBM",23,"3D-CNN","iauc",0.7807691732536208
"Training cohort","GBM",24,"3D-CNN","iauc",0.7688483296608619
"Training cohort","GBM",25,"3D-CNN","iauc",0.7580873516683357
"Training cohort","GBM",26,"3D-CNN","iauc",0.7676839950240001
"Training cohort","GBM",27,"3D-CNN","iauc",0.7538816041749768
"Training cohort","GBM",28,"3D-CNN","iauc",0.769280049458184
"Training cohort","GBM",29,"3D-CNN","iauc",0.772394480573806
"Training cohort","GBM",30,"3D-CNN","iauc",0.7544619408882985
"Training cohort","GBM",31,"3D-CNN","iauc",0.7709924488316735
"Training cohort","GBM",32,"3D-CNN","iauc",0.7806955384674692
"Training cohort","GBM",33,"3D-CNN","iauc",0.7605405393159209
"Training cohort","GBM",34,"3D-CNN","iauc",0.7816523504673125
"Training cohort","GBM",35,"3D-CNN","iauc",0.778535010945941
"Training cohort","GBM",36,"3D-CNN","iauc",0.7584705566513104
"Training cohort","GBM",37,"3D-CNN","iauc",0.7924418610754046
"Training cohort","GBM",38,"3D-CNN","iauc",0.7842119218588878
"Training cohort","GBM",39,"3D-CNN","iauc",0.7554890887144512
"Training cohort","GBM",40,"3D-CNN","iauc",0.7816597444586286
"Training cohort","GBM",41,"3D-CNN","iauc",0.7598358310454479
"Training cohort","GBM",42,"3D-CNN","iauc",0.7672940549987721
"Training cohort","GBM",43,"3D-CNN","iauc",0.7680259286578975
"Training cohort","GBM",44,"3D-CNN","iauc",0.7538359327607831
"Training cohort","GBM",45,"3D-CNN","iauc",0.7922410372056279
"Training cohort","GBM",46,"3D-CNN","iauc",0.7806461257433388
"Training cohort","GBM",47,"3D-CNN","iauc",0.7787792379667373
"Training cohort","GBM",48,"3D-CNN","iauc",0.7798217400962932
"Training cohort","GBM",49,"3D-CNN","iauc",0.7918353612706058
"Training cohort","GBM",50,"3D-CNN","iauc",0.7804129134987325
"Training cohort","GBM",51,"3D-CNN","iauc",0.7547149510833511
"Training cohort","GBM",52,"3D-CNN","iauc",0.7681914758603926
"Training cohort","GBM",53,"3D-CNN","iauc",0.7852512704662851
"Training cohort","GBM",54,"3D-CNN","iauc",0.7779089418962098
"Training cohort","GBM",55,"3D-CNN","iauc",0.7927252152124916
"Training cohort","GBM",56,"3D-CNN","iauc",0.7390972902022686
"Training cohort","GBM",57,"3D-CNN","iauc",0.7910470615431173
"Training cohort","GBM",58,"3D-CNN","iauc",0.748943259702311
"Training cohort","GBM",59,"3D-CNN","iauc",0.7776301983749315
"Training cohort","GBM",60,"3D-CNN","iauc",0.7994291685867023
"Training cohort","GBM",61,"3D-CNN","iauc",0.7827363544373047
"Training cohort","GBM",62,"3D-CNN","iauc",0.7791934959403387
"Training cohort","GBM",63,"3D-CNN","iauc",0.7642866837155443
"Training cohort","GBM",64,"3D-CNN","iauc",0.7744550880771623
"Training cohort","GBM",65,"3D-CNN","iauc",0.7527317512518105
"Training cohort","GBM",66,"3D-CNN","iauc",0.7806824336125501
"Training cohort","GBM",67,"3D-CNN","iauc",0.7620038810893931
"Training cohort","GBM",68,"3D-CNN","iauc",0.7908701745571689
"Training cohort","GBM",69,"3D-CNN","iauc",0.7973349131883027
"Training cohort","GBM",70,"3D-CNN","iauc",0.7256106810565508
"Training cohort","GBM",71,"3D-CNN","iauc",0.76411490389068
"Training cohort","GBM",72,"3D-CNN","iauc",0.7316073484174945
"Training cohort","GBM",73,"3D-CNN","iauc",0.7696311518004159
"Training cohort","GBM",74,"3D-CNN","iauc",0.7547760637051234
"Training cohort","GBM",75,"3D-CNN","iauc",0.7808937787514255
"Training cohort","GBM",76,"3D-CNN","iauc",0.7620815080995614
"Training cohort","GBM",77,"3D-CNN","iauc",0.7837274547732789
"Training cohort","GBM",78,"3D-CNN","iauc",0.7893108941034485
"Training cohort","GBM",79,"3D-CNN","iauc",0.795537463661784
"Training cohort","GBM",80,"3D-CNN","iauc",0.7863290629520212
"Training cohort","GBM",81,"3D-CNN","iauc",0.768706828655359
"Training cohort","GBM",82,"3D-CNN","iauc",0.7395713348011766
"Training cohort","GBM",83,"3D-CNN","iauc",0.7646518905972923
"Training cohort","GBM",84,"3D-CNN","iauc",0.7789295896606663
"Training cohort","GBM",85,"3D-CNN","iauc",0.7745792501122906
"Training cohort","GBM",86,"3D-CNN","iauc",0.7958127136093734
"Training cohort","GBM",87,"3D-CNN","iauc",0.7735406186680717
"Training cohort","GBM",88,"3D-CNN","iauc",0.7903147548212706
"Training cohort","GBM",89,"3D-CNN","iauc",0.766063322902616
"Training cohort","GBM",90,"3D-CNN","iauc",0.7893941194339045
"Training cohort","GBM",91,"3D-CNN","iauc",0.7645744298821533
"Training cohort","GBM",92,"3D-CNN","iauc",0.7562862155049205
"Training cohort","GBM",93,"3D-CNN","iauc",0.7988295388218439
"Training cohort","GBM",94,"3D-CNN","iauc",0.7682065048205527
"Training cohort","GBM",95,"3D-CNN","iauc",0.7814133774793413
"Training cohort","GBM",96,"3D-CNN","iauc",0.8239583423631015
"Training cohort","GBM",97,"3D-CNN","iauc",0.8139955061995637
"Training cohort","GBM",98,"3D-CNN","iauc",0.7795425408038258
"Training cohort","GBM",99,"3D-CNN","iauc",0.7870896216484994
"Training cohort","GBM",100,"3D-CNN","iauc",0.7606190489844129
"Training cohort","GBM",1,"Clinicoradiologic","iauc",0.6822985068173958
"Training cohort","GBM",2,"Clinicoradiologic","iauc",0.7019977201120635
"Training cohort","GBM",3,"Clinicoradiologic","iauc",0.6975393567597233
"Training cohort","GBM",4,"Clinicoradiologic","iauc",0.7071417959433365
"Training cohort","GBM",5,"Clinicoradiologic","iauc",0.7017224012761517
"Training cohort","GBM",6,"Clinicoradiologic","iauc",0.6907303184303755
"Training cohort","GBM",7,"Clinicoradiologic","iauc",0.6669074748065369
"Training cohort","GBM",8,"Clinicoradiologic","iauc",0.7333266916325548
"Training cohort","GBM",9,"Clinicoradiologic","iauc",0.7084150524733993
"Training cohort","GBM",10,"Clinicoradiologic","iauc",0.6965644055375456
"Training cohort","GBM",11,"Clinicoradiologic","iauc",0.6780245501298785
"Training cohort","GBM",12,"Clinicoradiologic","iauc",0.6712486503398298
"Training cohort","GBM",13,"Clinicoradiologic","iauc",0.748605617550688
"Training cohort","GBM",14,"Clinicoradiologic","iauc",0.6643852286583114
"Training cohort","GBM",15,"Clinicoradiologic","iauc",0.6963080149209566
"Training cohort","GBM",16,"Clinicoradiologic","iauc",0.7036338746688664
"Training cohort","GBM",17,"Clinicoradiologic","iauc",0.718159903876938
"Training cohort","GBM",18,"Clinicoradiologic","iauc",0.723125715578931
"Training cohort","GBM",19,"Clinicoradiologic","iauc",0.7078452064878644
"Training cohort","GBM",20,"Clinicoradiologic","iauc",0.7238020813932985
"Training cohort","GBM",21,"Clinicoradiologic","iauc",0.6943898448428482
"Training cohort","GBM",22,"Clinicoradiologic","iauc",0.7060591828649815
"Training cohort","GBM",23,"Clinicoradiologic","iauc",0.7006264558990726
"Training cohort","GBM",24,"Clinicoradiologic","iauc",0.7166536884622303
"Training cohort","GBM",25,"Clinicoradiologic","iauc",0.6992801938195655
"Training cohort","GBM",26,"Clinicoradiologic","iauc",0.7033823322092404
"Training cohort","GBM",27,"Clinicoradiologic","iauc",0.6550730010486413
"Training cohort","GBM",28,"Clinicoradiologic","iauc",0.705211164749079
"Training cohort","GBM",29,"Clinicoradiologic","iauc",0.6797573695955639
"Training cohort","GBM",30,"Clinicoradiologic","iauc",0.6598948289361071
"Training cohort","GBM",31,"Clinicoradiologic","iauc",0.7146061277433114
"Training cohort","GBM",32,"Clinicoradiologic","iauc",0.6893949878111071
"Training cohort","GBM",33,"Clinicoradiologic","iauc",0.6775718886040843
"Training cohort","GBM",34,"Clinicoradiologic","iauc",0.6700803971073684
"Training cohort","GBM",35,"Clinicoradiologic","iauc",0.7223144209881721
"Training cohort","GBM",36,"Clinicoradiologic","iauc",0.6834851276594601
"Training cohort","GBM",37,"Clinicoradiologic","iauc",0.6580791838773629
"Training cohort","GBM",38,"Clinicoradiologic","iauc",0.7376081023400858
"Training cohort","GBM",39,"Clinicoradiologic","iauc",0.6992193330221205
"Training cohort","GBM",40,"Clinicoradiologic","iauc",0.6488180654313247
"Training cohort","GBM",41,"Clinicoradiologic","iauc",0.6777308464461579
"Training cohort","GBM",42,"Clinicoradiologic","iauc",0.6865064761120794
"Training cohort","GBM",43,"Clinicoradiologic","iauc",0.720393047570342
"Training cohort","GBM",44,"Clinicoradiologic","iauc",0.7096236440859727
"Training cohort","GBM",45,"Clinicoradiologic","iauc",0.6934625285438847
"Training cohort","GBM",46,"Clinicoradiologic","iauc",0.7007832766553357
"Training cohort","GBM",47,"Clinicoradiologic","iauc",0.7247773791446356
"Training cohort","GBM",48,"Clinicoradiologic","iauc",0.7197420547240512
"Training cohort","GBM",49,"Clinicoradiologic","iauc",0.6633534311758671
"Training cohort","GBM",50,"Clinicoradiologic","iauc",0.65741244787649
"Training cohort","GBM",51,"Clinicoradiologic","iauc",0.7182760790930288
"Training cohort","GBM",52,"Clinicoradiologic","iauc",0.7164325980310224
"Training cohort","GBM",53,"Clinicoradiologic","iauc",0.6727788870774217
"Training cohort","GBM",54,"Clinicoradiologic","iauc",0.7060901654638801
"Training cohort","GBM",55,"Clinicoradiologic","iauc",0.6630886160002956
"Training cohort","GBM",56,"Clinicoradiologic","iauc",0.7327793709889375
"Training cohort","GBM",57,"Clinicoradiologic","iauc",0.6712674738833468
"Training cohort","GBM",58,"Clinicoradiologic","iauc",0.6997281190093624
"Training cohort","GBM",59,"Clinicoradiologic","iauc",0.6401842308304996
"Training cohort","GBM",60,"Clinicoradiologic","iauc",0.7162385888021902
"Training cohort","GBM",61,"Clinicoradiologic","iauc",0.7475105481182971
"Training cohort","GBM",62,"Clinicoradiologic","iauc",0.7340941494145515
"Training cohort","GBM",63,"Clinicoradiologic","iauc",0.6759940108816681
"Training cohort","GBM",64,"Clinicoradiologic","iauc",0.6841275862301589
"Training cohort","GBM",65,"Clinicoradiologic","iauc",0.7579095030475874
"Training cohort","GBM",66,"Clinicoradiologic","iauc",0.6901434350701677
"Training cohort","GBM",67,"Clinicoradiologic","iauc",0.6766625713975709
"Training cohort","GBM",68,"Clinicoradiologic","iauc",0.7179253966882118
"Training cohort","GBM",69,"Clinicoradiologic","iauc",0.697588542897899
"Training cohort","GBM",70,"Clinicoradiologic","iauc",0.6955124237355572
"Training cohort","GBM",71,"Clinicoradiologic","iauc",0.7170153267354559
"Training cohort","GBM",72,"Clinicoradiologic","iauc",0.682179914355109
"Training cohort","GBM",73,"Clinicoradiologic","iauc",0.752120367089021
"Training cohort","GBM",74,"Clinicoradiologic","iauc",0.6674418628837998
"Training cohort","GBM",75,"Clinicoradiologic","iauc",0.6585630633822551
"Training cohort","GBM",76,"Clinicoradiologic","iauc",0.7330826118301839
"Training cohort","GBM",77,"Clinicoradiologic","iauc",0.6744541530462758
"Training cohort","GBM",78,"Clinicoradiologic","iauc",0.7375780438784317
"Training cohort","GBM",79,"Clinicoradiologic","iauc",0.7514201048495047
"Training cohort","GBM",80,"Clinicoradiologic","iauc",0.6562336730550549
"Training cohort","GBM",81,"Clinicoradiologic","iauc",0.6722474373151791
"Training cohort","GBM",82,"Clinicoradiologic","iauc",0.7035933327552417
"Training cohort","GBM",83,"Clinicoradiologic","iauc",0.7043492331525957
"Training cohort","GBM",84,"Clinicoradiologic","iauc",0.6572363036920701
"Training cohort","GBM",85,"Clinicoradiologic","iauc",0.7076977032571623
"Training cohort","GBM",86,"Clinicoradiologic","iauc",0.7151817993873508
"Training cohort","GBM",87,"Clinicoradiologic","iauc",0.6790642180619488
"Training cohort","GBM",88,"Clinicoradiologic","iauc",0.7247450152869785
"Training cohort","GBM",89,"Clinicoradiologic","iauc",0.7120247083979343
"Training cohort","GBM",90,"Clinicoradiologic","iauc",0.6343103403976126
"Training cohort","GBM",91,"Clinicoradiologic","iauc",0.7211351749491851
"Training cohort","GBM",92,"Clinicoradiologic","iauc",0.6708452378750379
"Training cohort","GBM",93,"Clinicoradiologic","iauc",0.6853747134614594
"Training cohort","GBM",94,"Clinicoradiologic","iauc",0.7278474293559666
"Training cohort","GBM",95,"Clinicoradiologic","iauc",0.6608093737197803
"Training cohort","GBM",96,"Clinicoradiologic","iauc",0.7055699053573146
"Training cohort","GBM",97,"Clinicoradiologic","iauc",0.7006562586846877
"Training cohort","GBM",98,"Clinicoradiologic","iauc",0.6734658359999323
"Training cohort","GBM",99,"Clinicoradiologic","iauc",0.6973018537766389
"Training cohort","GBM",100,"Clinicoradiologic","iauc",0.7036006130484451
"Training cohort","GBM",1,"3D-ViT","iauc",0.8462217214494884
"Training cohort","GBM",2,"3D-ViT","iauc",0.8342026976870474
"Training cohort","GBM",3,"3D-ViT","iauc",0.849512339548275
"Training cohort","GBM",4,"3D-ViT","iauc",0.847811475923115
"Training cohort","GBM",5,"3D-ViT","iauc",0.8389820945748182
"Training cohort","GBM",6,"3D-ViT","iauc",0.8202658782579272
"Training cohort","GBM",7,"3D-ViT","iauc",0.8426426366115679
"Training cohort","GBM",8,"3D-ViT","iauc",0.8448291050881048
"Training cohort","GBM",9,"3D-ViT","iauc",0.8353671714415776
"Training cohort","GBM",10,"3D-ViT","iauc",0.8332454678689911
"Training cohort","GBM",11,"3D-ViT","iauc",0.8558611552041309
"Training cohort","GBM",12,"3D-ViT","iauc",0.8404961001916064
"Training cohort","GBM",13,"3D-ViT","iauc",0.8408076473654229
"Training cohort","GBM",14,"3D-ViT","iauc",0.8565705370304785
"Training cohort","GBM",15,"3D-ViT","iauc",0.8532396697020681
"Training cohort","GBM",16,"3D-ViT","iauc",0.843806964197031
"Training cohort","GBM",17,"3D-ViT","iauc",0.83582814481221
"Training cohort","GBM",18,"3D-ViT","iauc",0.8314984190912992
"Training cohort","GBM",19,"3D-ViT","iauc",0.847478563480129
"Training cohort","GBM",20,"3D-ViT","iauc",0.8349299428926843
"Training cohort","GBM",21,"3D-ViT","iauc",0.8526758335111764
"Training cohort","GBM",22,"3D-ViT","iauc",0.8089748190980726
"Training cohort","GBM",23,"3D-ViT","iauc",0.8390651513061648
"Training cohort","GBM",24,"3D-ViT","iauc",0.8354284728722187
"Training cohort","GBM",25,"3D-ViT","iauc",0.831278439786814
"Training cohort","GBM",26,"3D-ViT","iauc",0.8131759642792076
"Training cohort","GBM",27,"3D-ViT","iauc",0.8360789250463114
"Training cohort","GBM",28,"3D-ViT","iauc",0.8180911234903167
"Training cohort","GBM",29,"3D-ViT","iauc",0.8371303083704806
"Training cohort","GBM",30,"3D-ViT","iauc",0.8348058164667161
"Training cohort","GBM",31,"3D-ViT","iauc",0.8366399718250653
"Training cohort","GBM",32,"3D-ViT","iauc",0.8502330226590299
"Training cohort","GBM",33,"3D-ViT","iauc",0.8365348175271697
"Training cohort","GBM",34,"3D-ViT","iauc",0.83542057001604
"Training cohort","GBM",35,"3D-ViT","iauc",0.8338798803296981
"Training cohort","GBM",36,"3D-ViT","iauc",0.8248682500741953
"Training cohort","GBM",37,"3D-ViT","iauc",0.8433031289505267
"Training cohort","GBM",38,"3D-ViT","iauc",0.857481742848215
"Training cohort","GBM",39,"3D-ViT","iauc",0.8277368196070011
"Training cohort","GBM",40,"3D-ViT","iauc",0.8635988974691469
"Training cohort","GBM",41,"3D-ViT","iauc",0.8397853044149476
"Training cohort","GBM",42,"3D-ViT","iauc",0.8436153368574121
"Training cohort","GBM",43,"3D-ViT","iauc",0.8426698976409875
"Training cohort","GBM",44,"3D-ViT","iauc",0.8315468745139655
"Training cohort","GBM",45,"3D-ViT","iauc",0.8601457081636618
"Training cohort","GBM",46,"3D-ViT","iauc",0.8414023256481838
"Training cohort","GBM",47,"3D-ViT","iauc",0.8558617190257659
"Training cohort","GBM",48,"3D-ViT","iauc",0.8453829733987152
"Training cohort","GBM",49,"3D-ViT","iauc",0.850929851474859
"Training cohort","GBM",50,"3D-ViT","iauc",0.8523106117815241
"Training cohort","GBM",51,"3D-ViT","iauc",0.835525468968256
"Training cohort","GBM",52,"3D-ViT","iauc",0.8375894013150627
"Training cohort","GBM",53,"3D-ViT","iauc",0.8422644460747492
"Training cohort","GBM",54,"3D-ViT","iauc",0.8476086251071159
"Training cohort","GBM",55,"3D-ViT","iauc",0.8583160528615537
"Training cohort","GBM",56,"3D-ViT","iauc",0.8099179051145389
"Training cohort","GBM",57,"3D-ViT","iauc",0.8557215652735827
"Training cohort","GBM",58,"3D-ViT","iauc",0.8141892989466548
"Training cohort","GBM",59,"3D-ViT","iauc",0.8560404623183616
"Training cohort","GBM",60,"3D-ViT","iauc",0.8639580242906171
"Training cohort","GBM",61,"3D-ViT","iauc",0.845416950169965
"Training cohort","GBM",62,"3D-ViT","iauc",0.8601569002211096
"Training cohort","GBM",63,"3D-ViT","iauc",0.8269358411904373
"Training cohort","GBM",64,"3D-ViT","iauc",0.8525198835325463
"Training cohort","GBM",65,"3D-ViT","iauc",0.8069877627176308
"Training cohort","GBM",66,"3D-ViT","iauc",0.8514395825303545
"Training cohort","GBM",67,"3D-ViT","iauc",0.8400250641562858
"Training cohort","GBM",68,"3D-ViT","iauc",0.8451670980100084
"Training cohort","GBM",69,"3D-ViT","iauc",0.8632793480263634
"Training cohort","GBM",70,"3D-ViT","iauc",0.8146310280701894
"Training cohort","GBM",71,"3D-ViT","iauc",0.847193007270323
"Training cohort","GBM",72,"3D-ViT","iauc",0.8063783283540291
"Training cohort","GBM",73,"3D-ViT","iauc",0.8451393834036807
"Training cohort","GBM",74,"3D-ViT","iauc",0.8354025333160373
"Training cohort","GBM",75,"3D-ViT","iauc",0.8472435439171492
"Training cohort","GBM",76,"3D-ViT","iauc",0.8260585220380712
"Training cohort","GBM",77,"3D-ViT","iauc",0.8371521044875304
"Training cohort","GBM",78,"3D-ViT","iauc",0.8451900921711533
"Training cohort","GBM",79,"3D-ViT","iauc",0.8479233591003993
"Training cohort","GBM",80,"3D-ViT","iauc",0.8522052461078036
"Training cohort","GBM",81,"3D-ViT","iauc",0.8475066491671917
"Training cohort","GBM",82,"3D-ViT","iauc",0.8176445745348121
"Training cohort","GBM",83,"3D-ViT","iauc",0.8329891746135376
"Training cohort","GBM",84,"3D-ViT","iauc",0.8700593721074851
"Training cohort","GBM",85,"3D-ViT","iauc",0.8481927009069911
"Training cohort","GBM",86,"3D-ViT","iauc",0.8604212892413023
"Training cohort","GBM",87,"3D-ViT","iauc",0.8356347051307516
"Training cohort","GBM",88,"3D-ViT","iauc",0.8584315548426681
"Training cohort","GBM",89,"3D-ViT","iauc",0.8227149282882695
"Training cohort","GBM",90,"3D-ViT","iauc",0.867367421035384
"Training cohort","GBM",91,"3D-ViT","iauc",0.8340558952580018
"Training cohort","GBM",92,"3D-ViT","iauc",0.8482755697888822
"Training cohort","GBM",93,"3D-ViT","iauc",0.8403545757471157
"Training cohort","GBM",94,"3D-ViT","iauc",0.8400123011766778
"Training cohort","GBM",95,"3D-ViT","iauc",0.8562585235075025
"Training cohort","GBM",96,"3D-ViT","iauc",0.8606582676704502
"Training cohort","GBM",97,"3D-ViT","iauc",0.8545750113396857
"Training cohort","GBM",98,"3D-ViT","iauc",0.8513437882655581
"Training cohort","GBM",99,"3D-ViT","iauc",0.8287762051492412
"Training cohort","GBM",100,"3D-ViT","iauc",0.8208541228992774
"Training cohort","GBM",1,"CR-ViT","iauc",0.8735843191607163
"Training cohort","GBM",2,"CR-ViT","iauc",0.8624174142943043
"Training cohort","GBM",3,"CR-ViT","iauc",0.8734631466350681
"Training cohort","GBM",4,"CR-ViT","iauc",0.870322253236538
"Training cohort","GBM",5,"CR-ViT","iauc",0.8679725017522243
"Training cohort","GBM",6,"CR-ViT","iauc",0.8649811787235767
"Training cohort","GBM",7,"CR-ViT","iauc",0.8495783472101982
"Training cohort","GBM",8,"CR-ViT","iauc",0.8867127253290301
"Training cohort","GBM",9,"CR-ViT","iauc",0.8723726070617981
"Training cohort","GBM",10,"CR-ViT","iauc",0.8613169409620447
"Training cohort","GBM",11,"CR-ViT","iauc",0.8833218983962612
"Training cohort","GBM",12,"CR-ViT","iauc",0.8672591515867617
"Training cohort","GBM",13,"CR-ViT","iauc",0.8885001023147854
"Training cohort","GBM",14,"CR-ViT","iauc",0.8771889630702423
"Training cohort","GBM",15,"CR-ViT","iauc",0.8726358528374673
"Training cohort","GBM",16,"CR-ViT","iauc",0.8817043139153112
"Training cohort","GBM",17,"CR-ViT","iauc",0.8675265786384532
"Training cohort","GBM",18,"CR-ViT","iauc",0.8771231735599748
"Training cohort","GBM",19,"CR-ViT","iauc",0.8800012842025374
"Training cohort","GBM",20,"CR-ViT","iauc",0.877321300731511
"Training cohort","GBM",21,"CR-ViT","iauc",0.8757144742628977
"Training cohort","GBM",22,"CR-ViT","iauc",0.8685663660559723
"Training cohort","GBM",23,"CR-ViT","iauc",0.881629869348
"Training cohort","GBM",24,"CR-ViT","iauc",0.8834615866719902
"Training cohort","GBM",25,"CR-ViT","iauc",0.8652355172680541
"Training cohort","GBM",26,"CR-ViT","iauc",0.8540671879954342
"Training cohort","GBM",27,"CR-ViT","iauc",0.8764821393524801
"Training cohort","GBM",28,"CR-ViT","iauc",0.8524444306429136
"Training cohort","GBM",29,"CR-ViT","iauc",0.8779501194046913
"Training cohort","GBM",30,"CR-ViT","iauc",0.866952405532108
"Training cohort","GBM",31,"CR-ViT","iauc",0.8724095494500056
"Training cohort","GBM",32,"CR-ViT","iauc",0.8784013667560431
"Training cohort","GBM",33,"CR-ViT","iauc",0.8565834868746021
"Training cohort","GBM",34,"CR-ViT","iauc",0.8684581810225415
"Training cohort","GBM",35,"CR-ViT","iauc",0.8813989721994303
"Training cohort","GBM",36,"CR-ViT","iauc",0.8589505618919892
"Training cohort","GBM",37,"CR-ViT","iauc",0.8729901090193495
"Training cohort","GBM",38,"CR-ViT","iauc",0.898669191787149
"Training cohort","GBM",39,"CR-ViT","iauc",0.8620718074356072
"Training cohort","GBM",40,"CR-ViT","iauc",0.876226823975707
"Training cohort","GBM",41,"CR-ViT","iauc",0.8714454927596665
"Training cohort","GBM",42,"CR-ViT","iauc",0.8667927425068933
"Training cohort","GBM",43,"CR-ViT","iauc",0.8848522101289674
"Training cohort","GBM",44,"CR-ViT","iauc",0.8878032731992421
"Training cohort","GBM",45,"CR-ViT","iauc",0.8738334168655578
"Training cohort","GBM",46,"CR-ViT","iauc",0.8789983880700142
"Training cohort","GBM",47,"CR-ViT","iauc",0.8869498930845184
"Training cohort","GBM",48,"CR-ViT","iauc",0.8782403952555418
"Training cohort","GBM",49,"CR-ViT","iauc",0.8729542988245648
"Training cohort","GBM",50,"CR-ViT","iauc",0.8668970036476497
"Training cohort","GBM",51,"CR-ViT","iauc",0.8807484764406424
"Training cohort","GBM",52,"CR-ViT","iauc",0.8765137139136079
"Training cohort","GBM",53,"CR-ViT","iauc",0.8735646352496527
"Training cohort","GBM",54,"CR-ViT","iauc",0.8749631899617453
"Training cohort","GBM",55,"CR-ViT","iauc",0.8777312065169018
"Training cohort","GBM",56,"CR-ViT","iauc",0.8592932654665714
"Training cohort","GBM",57,"CR-ViT","iauc",0.8728896906640888
"Training cohort","GBM",58,"CR-ViT","iauc",0.8528938790632187
"Training cohort","GBM",59,"CR-ViT","iauc",0.8899331734332667
"Training cohort","GBM",60,"CR-ViT","iauc",0.8907789524416972
"Training cohort","GBM",61,"CR-ViT","iauc",0.886224215501697
"Training cohort","GBM",62,"CR-ViT","iauc",0.900473349132266
"Training cohort","GBM",63,"CR-ViT","iauc",0.8575708570330877
"Training cohort","GBM",64,"CR-ViT","iauc",0.8831670317547615
"Training cohort","GBM",65,"CR-ViT","iauc",0.8709729581018486
"Training cohort","GBM",66,"CR-ViT","iauc",0.874686319679674
"Training cohort","GBM",67,"CR-ViT","iauc",0.8648631599491886
"Training cohort","GBM",68,"CR-ViT","iauc",0.8840169618007117
"Training cohort","GBM",69,"CR-ViT","iauc",0.884660596665525
"Training cohort","GBM",70,"CR-ViT","iauc",0.8572352840908812
"Training cohort","GBM",71,"CR-ViT","iauc",0.8890193137221861
"Training cohort","GBM",72,"CR-ViT","iauc",0.8507893716433462
"Training cohort","GBM",73,"CR-ViT","iauc",0.8904940168901158
"Training cohort","GBM",74,"CR-ViT","iauc",0.871868730067923
"Training cohort","GBM",75,"CR-ViT","iauc",0.8671606302693396
"Training cohort","GBM",76,"CR-ViT","iauc",0.8681620835569632
"Training cohort","GBM",77,"CR-ViT","iauc",0.8703843356000149
"Training cohort","GBM",78,"CR-ViT","iauc",0.8842812197120552
"Training cohort","GBM",79,"CR-ViT","iauc",0.9011971875319282
"Training cohort","GBM",80,"CR-ViT","iauc",0.8688874876575734
"Training cohort","GBM",81,"CR-ViT","iauc",0.8746570683389839
"Training cohort","GBM",82,"CR-ViT","iauc",0.8601684310247263
"Training cohort","GBM",83,"CR-ViT","iauc",0.8652699763983004
"Training cohort","GBM",84,"CR-ViT","iauc",0.8855261921668784
"Training cohort","GBM",85,"CR-ViT","iauc",0.8788217873776004
"Training cohort","GBM",86,"CR-ViT","iauc",0.9081168447630523
"Training cohort","GBM",87,"CR-ViT","iauc",0.8646913006677487
"Training cohort","GBM",88,"CR-ViT","iauc",0.8857191831393076
"Training cohort","GBM",89,"CR-ViT","iauc",0.8597081549549024
"Training cohort","GBM",90,"CR-ViT","iauc",0.8764373143876198
"Training cohort","GBM",91,"CR-ViT","iauc",0.8784641918654634
"Training cohort","GBM",92,"CR-ViT","iauc",0.8777727168213583
"Training cohort","GBM",93,"CR-ViT","iauc",0.8698825660275481
"Training cohort","GBM",94,"CR-ViT","iauc",0.8880931902948219
"Training cohort","GBM",95,"CR-ViT","iauc",0.8843603760138237
"Training cohort","GBM",96,"CR-ViT","iauc",0.8904482630113548
"Training cohort","GBM",97,"CR-ViT","iauc",0.8806099285114705
"Training cohort","GBM",98,"CR-ViT","iauc",0.8758167537886192
"Training cohort","GBM",99,"CR-ViT","iauc",0.8730127755902937
"Training cohort","GBM",100,"CR-ViT","iauc",0.865242064171625
"Training cohort","GBM",1,"3D-CNN","ibs",0.15396509134030675
"Training cohort","GBM",2,"3D-CNN","ibs",0.15711772243335329
"Training cohort","GBM",3,"3D-CNN","ibs",0.16886314072003264
"Training cohort","GBM",4,"3D-CNN","ibs",0.16319935436810765
"Training cohort","GBM",5,"3D-CNN","ibs",0.16264148133147285
"Training cohort","GBM",6,"3D-CNN","ibs",0.1583908871693961
"Training cohort","GBM",7,"3D-CNN","ibs",0.1450814698258219
"Training cohort","GBM",8,"3D-CNN","ibs",0.15531858924158587
"Training cohort","GBM",9,"3D-CNN","ibs",0.159995416827815
"Training cohort","GBM",10,"3D-CNN","ibs",0.15611893274652885
"Training cohort","GBM",11,"3D-CNN","ibs",0.1479399851661854
"Training cohort","GBM",12,"3D-CNN","ibs",0.15484928431786765
"Training cohort","GBM",13,"3D-CNN","ibs",0.13578650012654203
"Training cohort","GBM",14,"3D-CNN","ibs",0.16438264734251865
"Training cohort","GBM",15,"3D-CNN","ibs",0.15349050855382265
"Training cohort","GBM",16,"3D-CNN","ibs",0.15956443143486107
"Training cohort","GBM",17,"3D-CNN","ibs",0.15266338233228297
"Training cohort","GBM",18,"3D-CNN","ibs",0.15190483342553696
"Training cohort","GBM",19,"3D-CNN","ibs",0.14816271449489918
"Training cohort","GBM",20,"3D-CNN","ibs",0.17440403321199
"Training cohort","GBM",21,"3D-CNN","ibs",0.15391821469189032
"Training cohort","GBM",22,"3D-CNN","ibs",0.16307547526943972
"Training cohort","GBM",23,"3D-CNN","ibs",0.14511826631467184
"Training cohort","GBM",24,"3D-CNN","ibs",0.1454199627773504
"Training cohort","GBM",25,"3D-CNN","ibs",0.17214095556079226
"Training cohort","GBM",26,"3D-CNN","ibs",0.17351250748164818
"Training cohort","GBM",27,"3D-CNN","ibs",0.16386314224306037
"Training cohort","GBM",28,"3D-CNN","ibs",0.16305561053697792
"Training cohort","GBM",29,"3D-CNN","ibs",0.1667720090272047
"Training cohort","GBM",30,"3D-CNN","ibs",0.16024183604914224
"Training cohort","GBM",31,"3D-CNN","ibs",0.16196593572743773
"Training cohort","GBM",32,"3D-CNN","ibs",0.16368937548698756
"Training cohort","GBM",33,"3D-CNN","ibs",0.1593548814340426
"Training cohort","GBM",34,"3D-CNN","ibs",0.15766017930968684
"Training cohort","GBM",35,"3D-CNN","ibs",0.15494737428282443
"Training cohort","GBM",36,"3D-CNN","ibs",0.1509897427917167
"Training cohort","GBM",37,"3D-CNN","ibs",0.1499983618052542
"Training cohort","GBM",38,"3D-CNN","ibs",0.1563975520244188
"Training cohort","GBM",39,"3D-CNN","ibs",0.16392156222700346
"Training cohort","GBM",40,"3D-CNN","ibs",0.15429219306415573
"Training cohort","GBM",41,"3D-CNN","ibs",0.1551495265656936
"Training cohort","GBM",42,"3D-CNN","ibs",0.16046047209572747
"Training cohort","GBM",43,"3D-CNN","ibs",0.15242266777893504
"Training cohort","GBM",44,"3D-CNN","ibs",0.16904348788699192
"Training cohort","GBM",45,"3D-CNN","ibs",0.15778600212591687
"Training cohort","GBM",46,"3D-CNN","ibs",0.14627552475502062
"Training cohort","GBM",47,"3D-CNN","ibs",0.17024705343774038
"Training cohort","GBM",48,"3D-CNN","ibs",0.16370484132729551
"Training cohort","GBM",49,"3D-CNN","ibs",0.15657279079552655
"Training cohort","GBM",50,"3D-CNN","ibs",0.16090179940609942
"Training cohort","GBM",51,"3D-CNN","ibs",0.1832150524811446
"Training cohort","GBM",52,"3D-CNN","ibs",0.1591985622597059
"Training cohort","GBM",53,"3D-CNN","ibs",0.1496933108729159
"Training cohort","GBM",54,"3D-CNN","ibs",0.16462388923140497
"Training cohort","GBM",55,"3D-CNN","ibs",0.15360201651016564
"Training cohort","GBM",56,"3D-CNN","ibs",0.163878790147269
"Training cohort","GBM",57,"3D-CNN","ibs",0.15482852164398764
"Training cohort","GBM",58,"3D-CNN","ibs",0.1557186831801389
"Training cohort","GBM",59,"3D-CNN","ibs",0.15749991770489638
"Training cohort","GBM",60,"3D-CNN","ibs",0.1528422577381175
"Training cohort","GBM",61,"3D-CNN","ibs",0.1567564608073181
"Training cohort","GBM",62,"3D-CNN","ibs",0.16416761528598656
"Training cohort","GBM",63,"3D-CNN","ibs",0.1452656214697358
"Training cohort","GBM",64,"3D-CNN","ibs",0.1633431540055688
"Training cohort","GBM",65,"3D-CNN","ibs",0.17008983764419353
"Training cohort","GBM",66,"3D-CNN","ibs",0.14708971086897588
"Training cohort","GBM",67,"3D-CNN","ibs",0.170766569796531
"Training cohort","GBM",68,"3D-CNN","ibs",0.15359644784252197
"Training cohort","GBM",69,"3D-CNN","ibs",0.1528631837832277
"Training cohort","GBM",70,"3D-CNN","ibs",0.1676878305886332
"Training cohort","GBM",71,"3D-CNN","ibs",0.15875934406805134
"Training cohort","GBM",72,"3D-CNN","ibs",0.16648860763485224
"Training cohort","GBM",73,"3D-CNN","ibs",0.16389343499114614
"Training cohort","GBM",74,"3D-CNN","ibs",0.16366277663888393
"Training cohort","GBM",75,"3D-CNN","ibs",0.1489864801849275
"Training cohort","GBM",76,"3D-CNN","ibs",0.16149373649401844
"Training cohort","GBM",77,"3D-CNN","ibs",0.14520107556142894
"Training cohort","GBM",78,"3D-CNN","ibs",0.15132588777815092
"Training cohort","GBM",79,"3D-CNN","ibs",0.16267096624640207
"Training cohort","GBM",80,"3D-CNN","ibs",0.15439783436383606
"Training cohort","GBM",81,"3D-CNN","ibs",0.16377769931752445
"Training cohort","GBM",82,"3D-CNN","ibs",0.16356701763084913
"Training cohort","GBM",83,"3D-CNN","ibs",0.1650805779578332
"Training cohort","GBM",84,"3D-CNN","ibs",0.1729404700957416
"Training cohort","GBM",85,"3D-CNN","ibs",0.1555376188710064
"Training cohort","GBM",86,"3D-CNN","ibs",0.14926217280670465
"Training cohort","GBM",87,"3D-CNN","ibs",0.14152427653230557
"Training cohort","GBM",88,"3D-CNN","ibs",0.16200541034618512
"Training cohort","GBM",89,"3D-CNN","ibs",0.1584629473448546
"Training cohort","GBM",90,"3D-CNN","ibs",0.1622660388519178
"Training cohort","GBM",91,"3D-CNN","ibs",0.16897583283581538
"Training cohort","GBM",92,"3D-CNN","ibs",0.159313387447911
"Training cohort","GBM",93,"3D-CNN","ibs",0.14760882234383177
"Training cohort","GBM",94,"3D-CNN","ibs",0.15483973910961016
"Training cohort","GBM",95,"3D-CNN","ibs",0.15898087719804826
"Training cohort","GBM",96,"3D-CNN","ibs",0.1496326757631505
"Training cohort","GBM",97,"3D-CNN","ibs",0.15157112834731856
"Training cohort","GBM",98,"3D-CNN","ibs",0.16761485100503137
"Training cohort","GBM",99,"3D-CNN","ibs",0.14906929391054477
"Training cohort","GBM",100,"3D-CNN","ibs",0.16151569277063593
"Training cohort","GBM",1,"Clinicoradiologic","ibs",0.1695858770561652
"Training cohort","GBM",2,"Clinicoradiologic","ibs",0.1646417852536196
"Training cohort","GBM",3,"Clinicoradiologic","ibs",0.18181433934618585
"Training cohort","GBM",4,"Clinicoradiologic","ibs",0.17839881926075837
"Training cohort","GBM",5,"Clinicoradiologic","ibs",0.17451443884048043
"Training cohort","GBM",6,"Clinicoradiologic","ibs",0.17094318497942992
"Training cohort","GBM",7,"Clinicoradiologic","ibs",0.1636111925760598
"Training cohort","GBM",8,"Clinicoradiologic","ibs",0.16142582113082937
"Training cohort","GBM",9,"Clinicoradiologic","ibs",0.16279186490556488
"Training cohort","GBM",10,"Clinicoradiologic","ibs",0.16339695954055547
"Training cohort","GBM",11,"Clinicoradiologic","ibs",0.16901884227048986
"Training cohort","GBM",12,"Clinicoradiologic","ibs",0.1699045350142023
"Training cohort","GBM",13,"Clinicoradiologic","ibs",0.1444651329151464
"Training cohort","GBM",14,"Clinicoradiologic","ibs",0.18184155538922525
"Training cohort","GBM",15,"Clinicoradiologic","ibs",0.16382257771011882
"Training cohort","GBM",16,"Clinicoradiologic","ibs",0.16955850052859406
"Training cohort","GBM",17,"Clinicoradiologic","ibs",0.15879297568494966
"Training cohort","GBM",18,"Clinicoradiologic","ibs",0.1601523904735477
"Training cohort","GBM",19,"Clinicoradiologic","ibs",0.16333190882004292
"Training cohort","GBM",20,"Clinicoradiologic","ibs",0.1765057185578364
"Training cohort","GBM",21,"Clinicoradiologic","ibs",0.17321791352691265
"Training cohort","GBM",22,"Clinicoradiologic","ibs",0.17175455178515273
"Training cohort","GBM",23,"Clinicoradiologic","ibs",0.1543075479761517
"Training cohort","GBM",24,"Clinicoradiologic","ibs",0.15364379581365364
"Training cohort","GBM",25,"Clinicoradiologic","ibs",0.18413915516624257
"Training cohort","GBM",26,"Clinicoradiologic","ibs",0.179085457996732
"Training cohort","GBM",27,"Clinicoradiologic","ibs",0.17987067509119284
"Training cohort","GBM",28,"Clinicoradiologic","ibs",0.16935446236809398
"Training cohort","GBM",29,"Clinicoradiologic","ibs",0.1841657346903784
"Training cohort","GBM",30,"Clinicoradiologic","ibs",0.17748025246819607
"Training cohort","GBM",31,"Clinicoradiologic","ibs",0.1721465594437809
"Training cohort","GBM",32,"Clinicoradiologic","ibs",0.17881994422791597
"Training cohort","GBM",33,"Clinicoradiologic","ibs",0.17477214510546482
"Training cohort","GBM",34,"Clinicoradiologic","ibs",0.1762897142421626
"Training cohort","GBM",35,"Clinicoradiologic","ibs",0.16229462980536916
"Training cohort","GBM",36,"Clinicoradiologic","ibs",0.16601965806930566
"Training cohort","GBM",37,"Clinicoradiologic","ibs",0.17305706886555736
"Training cohort","GBM",38,"Clinicoradiologic","ibs",0.16135679031059685
"Training cohort","GBM",39,"Clinicoradiologic","ibs",0.1742607175925854
"Training cohort","GBM",40,"Clinicoradiologic","ibs",0.17742744931660775
"Training cohort","GBM",41,"Clinicoradiologic","ibs",0.1667975704767203
"Training cohort","GBM",42,"Clinicoradiologic","ibs",0.1769279667881978
"Training cohort","GBM",43,"Clinicoradiologic","ibs",0.15725291951069792
"Training cohort","GBM",44,"Clinicoradiologic","ibs",0.1763453720248204
"Training cohort","GBM",45,"Clinicoradiologic","ibs",0.17413393281596284
"Training cohort","GBM",46,"Clinicoradiologic","ibs",0.1586454147606777
"Training cohort","GBM",47,"Clinicoradiologic","ibs",0.1755575510369099
"Training cohort","GBM",48,"Clinicoradiologic","ibs",0.17001760181248618
"Training cohort","GBM",49,"Clinicoradiologic","ibs",0.17748958253472985
"Training cohort","GBM",50,"Clinicoradiologic","ibs",0.179236474175855
"Training cohort","GBM",51,"Clinicoradiologic","ibs",0.18738310734538183
"Training cohort","GBM",52,"Clinicoradiologic","ibs",0.16887036210034462
"Training cohort","GBM",53,"Clinicoradiologic","ibs",0.16451898120416106
"Training cohort","GBM",54,"Clinicoradiologic","ibs",0.17434563301855965
"Training cohort","GBM",55,"Clinicoradiologic","ibs",0.17771841361078464
"Training cohort","GBM",56,"Clinicoradiologic","ibs",0.16467819421698596
"Training cohort","GBM",57,"Clinicoradiologic","ibs",0.1764339568636224
"Training cohort","GBM",58,"Clinicoradiologic","ibs",0.1618469491529387
"Training cohort","GBM",59,"Clinicoradiologic","ibs",0.1792704807019367
"Training cohort","GBM",60,"Clinicoradiologic","ibs",0.16468120072136513
"Training cohort","GBM",61,"Clinicoradiologic","ibs",0.16148326515266873
"Training cohort","GBM",62,"Clinicoradiologic","ibs",0.17010703621332465
"Training cohort","GBM",63,"Clinicoradiologic","ibs",0.15739880484073565
"Training cohort","GBM",64,"Clinicoradiologic","ibs",0.18030820761861635
"Training cohort","GBM",65,"Clinicoradiologic","ibs",0.16486500905398552
"Training cohort","GBM",66,"Clinicoradiologic","ibs",0.1587764079338469
"Training cohort","GBM",67,"Clinicoradiologic","ibs",0.18260037870373236
"Training cohort","GBM",68,"Clinicoradiologic","ibs",0.16846566724989778
"Training cohort","GBM",69,"Clinicoradiologic","ibs",0.17182208932015672
"Training cohort","GBM",70,"Clinicoradiologic","ibs",0.17011949779263852
"Training cohort","GBM",71,"Clinicoradiologic","ibs",0.16682142851849605
"Training cohort","GBM",72,"Clinicoradiologic","ibs",0.17337994513749014
"Training cohort","GBM",73,"Clinicoradiologic","ibs",0.16586270317723256
"Training cohort","GBM",74,"Clinicoradiologic","ibs",0.17777463947427438
"Training cohort","GBM",75,"Clinicoradiologic","ibs",0.16638749175966508
"Training cohort","GBM",76,"Clinicoradiologic","ibs",0.16550121824599556
"Training cohort","GBM",77,"Clinicoradiologic","ibs",0.1604225729767242
"Training cohort","GBM",78,"Clinicoradiologic","ibs",0.15792644975938036
"Training cohort","GBM",79,"Clinicoradiologic","ibs",0.16700946843824793
"Training cohort","GBM",80,"Clinicoradiologic","ibs",0.17612391153746282
"Training cohort","GBM",81,"Clinicoradiologic","ibs",0.17844805110264392
"Training cohort","GBM",82,"Clinicoradiologic","ibs",0.1661824317615924
"Training cohort","GBM",83,"Clinicoradiologic","ibs",0.17414279154146098
"Training cohort","GBM",84,"Clinicoradiologic","ibs",0.1929712670807748
"Training cohort","GBM",85,"Clinicoradiologic","ibs",0.16890460645763372
"Training cohort","GBM",86,"Clinicoradiologic","ibs",0.16109919302397674
"Training cohort","GBM",87,"Clinicoradiologic","ibs",0.1549395597010432
"Training cohort","GBM",88,"Clinicoradiologic","ibs",0.17185719338346955
"Training cohort","GBM",89,"Clinicoradiologic","ibs",0.16693566357378162
"Training cohort","GBM",90,"Clinicoradiologic","ibs",0.18860859406294683
"Training cohort","GBM",91,"Clinicoradiologic","ibs",0.17613519056475413
"Training cohort","GBM",92,"Clinicoradiologic","ibs",0.17164253046409558
"Training cohort","GBM",93,"Clinicoradiologic","ibs",0.16721705134688353
"Training cohort","GBM",94,"Clinicoradiologic","ibs",0.16014021404622095
"Training cohort","GBM",95,"Clinicoradiologic","ibs",0.17575994254772556
"Training cohort","GBM",96,"Clinicoradiologic","ibs",0.17053069063043763
"Training cohort","GBM",97,"Clinicoradiologic","ibs",0.17202063460974937
"Training cohort","GBM",98,"Clinicoradiologic","ibs",0.18446416820442765
"Training cohort","GBM",99,"Clinicoradiologic","ibs",0.1642908765980772
"Training cohort","GBM",100,"Clinicoradiologic","ibs",0.16852233750090662
"Training cohort","GBM",1,"3D-ViT","ibs",0.13388020710810136
"Training cohort","GBM",2,"3D-ViT","ibs",0.1375389212808889
"Training cohort","GBM",3,"3D-ViT","ibs",0.14196871927187069
"Training cohort","GBM",4,"3D-ViT","ibs",0.14315235854059885
"Training cohort","GBM",5,"3D-ViT","ibs",0.1371853203447618
"Training cohort","GBM",6,"3D-ViT","ibs",0.14135560006604989
"Training cohort","GBM",7,"3D-ViT","ibs",0.12781718003327194
"Training cohort","GBM",8,"3D-ViT","ibs",0.13388797035121425
"Training cohort","GBM",9,"3D-ViT","ibs",0.13835092408177296
"Training cohort","GBM",10,"3D-ViT","ibs",0.13444207759913276
"Training cohort","GBM",11,"3D-ViT","ibs",0.1283690076411682
"Training cohort","GBM",12,"3D-ViT","ibs",0.13604599521231028
"Training cohort","GBM",13,"3D-ViT","ibs",0.12540050836878971
"Training cohort","GBM",14,"3D-ViT","ibs",0.13352437572112041
"Training cohort","GBM",15,"3D-ViT","ibs",0.12766947661289396
"Training cohort","GBM",16,"3D-ViT","ibs",0.1354820369198486
"Training cohort","GBM",17,"3D-ViT","ibs",0.13398209356133645
"Training cohort","GBM",18,"3D-ViT","ibs",0.13672453900115664
"Training cohort","GBM",19,"3D-ViT","ibs",0.12987646840173075
"Training cohort","GBM",20,"3D-ViT","ibs",0.1453799066223776
"Training cohort","GBM",21,"3D-ViT","ibs",0.1328375422186192
"Training cohort","GBM",22,"3D-ViT","ibs",0.1488591976681569
"Training cohort","GBM",23,"3D-ViT","ibs",0.12933301129310898
"Training cohort","GBM",24,"3D-ViT","ibs",0.12713135357446678
"Training cohort","GBM",25,"3D-ViT","ibs",0.14872996458725704
"Training cohort","GBM",26,"3D-ViT","ibs",0.1525404040814282
"Training cohort","GBM",27,"3D-ViT","ibs",0.1421707614653954
"Training cohort","GBM",28,"3D-ViT","ibs",0.14575660698395698
"Training cohort","GBM",29,"3D-ViT","ibs",0.14303363506088626
"Training cohort","GBM",30,"3D-ViT","ibs",0.13908209125454182
"Training cohort","GBM",31,"3D-ViT","ibs",0.1421064756110189
"Training cohort","GBM",32,"3D-ViT","ibs",0.1379303276845716
"Training cohort","GBM",33,"3D-ViT","ibs",0.1380649118916651
"Training cohort","GBM",34,"3D-ViT","ibs",0.13912323028720242
"Training cohort","GBM",35,"3D-ViT","ibs",0.13563403851521866
"Training cohort","GBM",36,"3D-ViT","ibs",0.1365580583686928
"Training cohort","GBM",37,"3D-ViT","ibs",0.13244734624752047
"Training cohort","GBM",38,"3D-ViT","ibs",0.12852195473302833
"Training cohort","GBM",39,"3D-ViT","ibs",0.1453838982962538
"Training cohort","GBM",40,"3D-ViT","ibs",0.12834776777804446
"Training cohort","GBM",41,"3D-ViT","ibs",0.1343447936317557
"Training cohort","GBM",42,"3D-ViT","ibs",0.13720697837003243
"Training cohort","GBM",43,"3D-ViT","ibs",0.12912479377126845
"Training cohort","GBM",44,"3D-ViT","ibs",0.14333979855839743
"Training cohort","GBM",45,"3D-ViT","ibs",0.1316665823914405
"Training cohort","GBM",46,"3D-ViT","ibs",0.12818938216815884
"Training cohort","GBM",47,"3D-ViT","ibs",0.14191708439084472
"Training cohort","GBM",48,"3D-ViT","ibs",0.13875994870317843
"Training cohort","GBM",49,"3D-ViT","ibs",0.13491840384337328
"Training cohort","GBM",50,"3D-ViT","ibs",0.1356412188871353
"Training cohort","GBM",51,"3D-ViT","ibs",0.15358667206162052
"Training cohort","GBM",52,"3D-ViT","ibs",0.1380729271665393
"Training cohort","GBM",53,"3D-ViT","ibs",0.1308043270779971
"Training cohort","GBM",54,"3D-ViT","ibs",0.1383032942192415
"Training cohort","GBM",55,"3D-ViT","ibs",0.1292360662504836
"Training cohort","GBM",56,"3D-ViT","ibs",0.14822941937501918
"Training cohort","GBM",57,"3D-ViT","ibs",0.1326848112060431
"Training cohort","GBM",58,"3D-ViT","ibs",0.1412681087311079
"Training cohort","GBM",59,"3D-ViT","ibs",0.13294883879734082
"Training cohort","GBM",60,"3D-ViT","ibs",0.12960452334832276
"Training cohort","GBM",61,"3D-ViT","ibs",0.13817149828557448
"Training cohort","GBM",62,"3D-ViT","ibs",0.133695322003043
"Training cohort","GBM",63,"3D-ViT","ibs",0.12967406072990467
"Training cohort","GBM",64,"3D-ViT","ibs",0.1376877931593233
"Training cohort","GBM",65,"3D-ViT","ibs",0.152913287765047
"Training cohort","GBM",66,"3D-ViT","ibs",0.12418138396707312
"Training cohort","GBM",67,"3D-ViT","ibs",0.14249005787150407
"Training cohort","GBM",68,"3D-ViT","ibs",0.13624351961295617
"Training cohort","GBM",69,"3D-ViT","ibs",0.12833924635665792
"Training cohort","GBM",70,"3D-ViT","ibs",0.14530762223751761
"Training cohort","GBM",71,"3D-ViT","ibs",0.13458007666387714
"Training cohort","GBM",72,"3D-ViT","ibs",0.15049763617152095
"Training cohort","GBM",73,"3D-ViT","ibs",0.13838821546445343
"Training cohort","GBM",74,"3D-ViT","ibs",0.14041716588151262
"Training cohort","GBM",75,"3D-ViT","ibs",0.12924559602398109
"Training cohort","GBM",76,"3D-ViT","ibs",0.14118625439950228
"Training cohort","GBM",77,"3D-ViT","ibs",0.13156070443836626
"Training cohort","GBM",78,"3D-ViT","ibs",0.133724232640516
"Training cohort","GBM",79,"3D-ViT","ibs",0.14115625152726677
"Training cohort","GBM",80,"3D-ViT","ibs",0.13460412444785996
"Training cohort","GBM",81,"3D-ViT","ibs",0.13608679647174507
"Training cohort","GBM",82,"3D-ViT","ibs",0.14180583486234533
"Training cohort","GBM",83,"3D-ViT","ibs",0.14327250172379466
"Training cohort","GBM",84,"3D-ViT","ibs",0.13536370044829124
"Training cohort","GBM",85,"3D-ViT","ibs",0.133146308934315
"Training cohort","GBM",86,"3D-ViT","ibs",0.1271218001099284
"Training cohort","GBM",87,"3D-ViT","ibs",0.12498624884234151
"Training cohort","GBM",88,"3D-ViT","ibs",0.13303772879835737
"Training cohort","GBM",89,"3D-ViT","ibs",0.14235718884276458
"Training cohort","GBM",90,"3D-ViT","ibs",0.13266646408758564
"Training cohort","GBM",91,"3D-ViT","ibs",0.14590032931492047
"Training cohort","GBM",92,"3D-ViT","ibs",0.13192907155272174
"Training cohort","GBM",93,"3D-ViT","ibs",0.13155888203811367
"Training cohort","GBM",94,"3D-ViT","ibs",0.13442454668618625
"Training cohort","GBM",95,"3D-ViT","ibs",0.13151777012066007
"Training cohort","GBM",96,"3D-ViT","ibs",0.13054659788852244
"Training cohort","GBM",97,"3D-ViT","ibs",0.13176309509595235
"Training cohort","GBM",98,"3D-ViT","ibs",0.13753942409758305
"Training cohort","GBM",99,"3D-ViT","ibs",0.13748108266065615
"Training cohort","GBM",100,"3D-ViT","ibs",0.14371853888465888
"Training cohort","GBM",1,"CR-ViT","ibs",0.12117497156182637
"Training cohort","GBM",2,"CR-ViT","ibs",0.12396629449679337
"Training cohort","GBM",3,"CR-ViT","ibs",0.1289655557123957
"Training cohort","GBM",4,"CR-ViT","ibs",0.1267636308966041
"Training cohort","GBM",5,"CR-ViT","ibs",0.12512578753210177
"Training cohort","GBM",6,"CR-ViT","ibs",0.12347061681549303
"Training cohort","GBM",7,"CR-ViT","ibs",0.12226541334305287
"Training cohort","GBM",8,"CR-ViT","ibs",0.11577729145183922
"Training cohort","GBM",9,"CR-ViT","ibs",0.12149703791427494
"Training cohort","GBM",10,"CR-ViT","ibs",0.12248737385794616
"Training cohort","GBM",11,"CR-ViT","ibs",0.1175628842824505
"Training cohort","GBM",12,"CR-ViT","ibs",0.12395470893151914
"Training cohort","GBM",13,"CR-ViT","ibs",0.10369552099907198
"Training cohort","GBM",14,"CR-ViT","ibs",0.12352267104996459
"Training cohort","GBM",15,"CR-ViT","ibs",0.11852516966760847
"Training cohort","GBM",16,"CR-ViT","ibs",0.11938958181437219
"Training cohort","GBM",17,"CR-ViT","ibs",0.12034614077578606
"Training cohort","GBM",18,"CR-ViT","ibs",0.11828349298309399
"Training cohort","GBM",19,"CR-ViT","ibs",0.11889845837621264
"Training cohort","GBM",20,"CR-ViT","ibs",0.12528091782538625
"Training cohort","GBM",21,"CR-ViT","ibs",0.12117400934955072
"Training cohort","GBM",22,"CR-ViT","ibs",0.12839357997886766
"Training cohort","GBM",23,"CR-ViT","ibs",0.11231139355093034
"Training cohort","GBM",24,"CR-ViT","ibs",0.11001155446555384
"Training cohort","GBM",25,"CR-ViT","ibs",0.13245017329549372
"Training cohort","GBM",26,"CR-ViT","ibs",0.13420904150062068
"Training cohort","GBM",27,"CR-ViT","ibs",0.12616034303881962
"Training cohort","GBM",28,"CR-ViT","ibs",0.13264904736825003
"Training cohort","GBM",29,"CR-ViT","ibs",0.12716734613917205
"Training cohort","GBM",30,"CR-ViT","ibs",0.1266909115203348
"Training cohort","GBM",31,"CR-ViT","ibs",0.12533123738541377
"Training cohort","GBM",32,"CR-ViT","ibs",0.1247496889424042
"Training cohort","GBM",33,"CR-ViT","ibs",0.12848495057059445
"Training cohort","GBM",34,"CR-ViT","ibs",0.12524390246261646
"Training cohort","GBM",35,"CR-ViT","ibs",0.11664680213630753
"Training cohort","GBM",36,"CR-ViT","ibs",0.12414420966516716
"Training cohort","GBM",37,"CR-ViT","ibs",0.12300280206896887
"Training cohort","GBM",38,"CR-ViT","ibs",0.11106821698256296
"Training cohort","GBM",39,"CR-ViT","ibs",0.12868396737174231
"Training cohort","GBM",40,"CR-ViT","ibs",0.12046962608548271
"Training cohort","GBM",41,"CR-ViT","ibs",0.12026309193875578
"Training cohort","GBM",42,"CR-ViT","ibs",0.1262367977946578
"Training cohort","GBM",43,"CR-ViT","ibs",0.11355010532658362
"Training cohort","GBM",44,"CR-ViT","ibs",0.12076741541666162
"Training cohort","GBM",45,"CR-ViT","ibs",0.12016515444448574
"Training cohort","GBM",46,"CR-ViT","ibs",0.11506698113545613
"Training cohort","GBM",47,"CR-ViT","ibs",0.12293337069288222
"Training cohort","GBM",48,"CR-ViT","ibs",0.12203285063868838
"Training cohort","GBM",49,"CR-ViT","ibs",0.12399952184671997
"Training cohort","GBM",50,"CR-ViT","ibs",0.12845898822475027
"Training cohort","GBM",51,"CR-ViT","ibs",0.13087933608700572
"Training cohort","GBM",52,"CR-ViT","ibs",0.1224861507192986
"Training cohort","GBM",53,"CR-ViT","ibs",0.11621874743448908
"Training cohort","GBM",54,"CR-ViT","ibs",0.1237726038242037
"Training cohort","GBM",55,"CR-ViT","ibs",0.12105413138464585
"Training cohort","GBM",56,"CR-ViT","ibs",0.12833684533040932
"Training cohort","GBM",57,"CR-ViT","ibs",0.12437418765674625
"Training cohort","GBM",58,"CR-ViT","ibs",0.12775925547459363
"Training cohort","GBM",59,"CR-ViT","ibs",0.11874515552985895
"Training cohort","GBM",60,"CR-ViT","ibs",0.11511456056881895
"Training cohort","GBM",61,"CR-ViT","ibs",0.11883352766816364
"Training cohort","GBM",62,"CR-ViT","ibs",0.11330898074671962
"Training cohort","GBM",63,"CR-ViT","ibs",0.12056817310533301
"Training cohort","GBM",64,"CR-ViT","ibs",0.12185301739442607
"Training cohort","GBM",65,"CR-ViT","ibs",0.128395458475314
"Training cohort","GBM",66,"CR-ViT","ibs",0.11606989974195553
"Training cohort","GBM",67,"CR-ViT","ibs",0.13099719278356503
"Training cohort","GBM",68,"CR-ViT","ibs",0.11763023064014269
"Training cohort","GBM",69,"CR-ViT","ibs",0.1157574091546353
"Training cohort","GBM",70,"CR-ViT","ibs",0.12980455669337468
"Training cohort","GBM",71,"CR-ViT","ibs",0.11636916541569785
"Training cohort","GBM",72,"CR-ViT","ibs",0.1328968339742661
"Training cohort","GBM",73,"CR-ViT","ibs",0.11747284965660929
"Training cohort","GBM",74,"CR-ViT","ibs",0.12565427424079065
"Training cohort","GBM",75,"CR-ViT","ibs",0.12039927962627521
"Training cohort","GBM",76,"CR-ViT","ibs",0.12306863841939099
"Training cohort","GBM",77,"CR-ViT","ibs",0.11832569891704432
"Training cohort","GBM",78,"CR-ViT","ibs",0.11441788704641728
"Training cohort","GBM",79,"CR-ViT","ibs",0.11478652704672337
"Training cohort","GBM",80,"CR-ViT","ibs",0.1253353283462486
"Training cohort","GBM",81,"CR-ViT","ibs",0.12007021695600181
"Training cohort","GBM",82,"CR-ViT","ibs",0.12572673307574786
"Training cohort","GBM",83,"CR-ViT","ibs",0.1276200880056316
"Training cohort","GBM",84,"CR-ViT","ibs",0.12519278247025717
"Training cohort","GBM",85,"CR-ViT","ibs",0.11912302464285598
"Training cohort","GBM",86,"CR-ViT","ibs",0.10564685703746848
"Training cohort","GBM",87,"CR-ViT","ibs",0.11539078601356728
"Training cohort","GBM",88,"CR-ViT","ibs",0.11781368650790362
"Training cohort","GBM",89,"CR-ViT","ibs",0.1257331833095821
"Training cohort","GBM",90,"CR-ViT","ibs",0.12451859395613465
"Training cohort","GBM",91,"CR-ViT","ibs",0.12620465177926518
"Training cohort","GBM",92,"CR-ViT","ibs",0.12070433688256917
"Training cohort","GBM",93,"CR-ViT","ibs",0.12153156932756151
"Training cohort","GBM",94,"CR-ViT","ibs",0.11367556629140059
"Training cohort","GBM",95,"CR-ViT","ibs",0.11853778707840792
"Training cohort","GBM",96,"CR-ViT","ibs",0.11508248184831554
"Training cohort","GBM",97,"CR-ViT","ibs",0.11770046195683845
"Training cohort","GBM",98,"CR-ViT","ibs",0.1252257326972915
"Training cohort","GBM",99,"CR-ViT","ibs",0.11872769022289571
"Training cohort","GBM",100,"CR-ViT","ibs",0.12737774683131192
"Temporal validation cohort","IDHmut-intact",1,"3D-CNN","cindex",0.6095384615384616
"Temporal validation cohort","IDHmut-intact",2,"3D-CNN","cindex",0.6215686274509804
"Temporal validation cohort","IDHmut-intact",3,"3D-CNN","cindex",0.5879902811523776
"Temporal validation cohort","IDHmut-intact",4,"3D-CNN","cindex",0.6020942408376964
"Temporal validation cohort","IDHmut-intact",5,"3D-CNN","cindex",0.5766509433962264
"Temporal validation cohort","IDHmut-intact",6,"3D-CNN","cindex",0.5809847198641765
"Temporal validation cohort","IDHmut-intact",7,"3D-CNN","cindex",0.6400127429117554
"Temporal validation cohort","IDHmut-intact",8,"3D-CNN","cindex",0.6537102473498233
"Temporal validation cohort","IDHmut-intact",9,"3D-CNN","cindex",0.5609840609840611
"Temporal validation cohort","IDHmut-intact",10,"3D-CNN","cindex",0.692156862745098
"Temporal validation cohort","IDHmut-intact",11,"3D-CNN","cindex",0.5968602825745684
"Temporal validation cohort","IDHmut-intact",12,"3D-CNN","cindex",0.6058500914076783
"Temporal validation cohort","IDHmut-intact",13,"3D-CNN","cindex",0.6274623406720742
"Temporal validation cohort","IDHmut-intact",14,"3D-CNN","cindex",0.5717463848720801
"Temporal validation cohort","IDHmut-intact",15,"3D-CNN","cindex",0.6361727654469106
"Temporal validation cohort","IDHmut-intact",16,"3D-CNN","cindex",0.5251191785845251
"Temporal validation cohort","IDHmut-intact",17,"3D-CNN","cindex",0.6834830684174154
"Temporal validation cohort","IDHmut-intact",18,"3D-CNN","cindex",0.5711002585463947
"Temporal validation cohort","IDHmut-intact",19,"3D-CNN","cindex",0.5763846622032867
"Temporal validation cohort","IDHmut-intact",20,"3D-CNN","cindex",0.6393391521197007
"Temporal validation cohort","IDHmut-intact",21,"3D-CNN","cindex",0.7019262161279791
"Temporal validation cohort","IDHmut-intact",22,"3D-CNN","cindex",0.6372515998652745
"Temporal validation cohort","IDHmut-intact",23,"3D-CNN","cindex",0.6256627783669141
"Temporal validation cohort","IDHmut-intact",24,"3D-CNN","cindex",0.5963773069036227
"Temporal validation cohort","IDHmut-intact",25,"3D-CNN","cindex",0.5645994832041343
"Temporal validation cohort","IDHmut-intact",26,"3D-CNN","cindex",0.6046290424857323
"Temporal validation cohort","IDHmut-intact",27,"3D-CNN","cindex",0.5908678560628968
"Temporal validation cohort","IDHmut-intact",28,"3D-CNN","cindex",0.6251929607903675
"Temporal validation cohort","IDHmut-intact",29,"3D-CNN","cindex",0.5827360548457463
"Temporal validation cohort","IDHmut-intact",30,"3D-CNN","cindex",0.5807860262008734
"Temporal validation cohort","IDHmut-intact",31,"3D-CNN","cindex",0.5634868421052632
"Temporal validation cohort","IDHmut-intact",32,"3D-CNN","cindex",0.6292249914646637
"Temporal validation cohort","IDHmut-intact",33,"3D-CNN","cindex",0.6051282051282052
"Temporal validation cohort","IDHmut-intact",34,"3D-CNN","cindex",0.6052036199095023
"Temporal validation cohort","IDHmut-intact",35,"3D-CNN","cindex",0.5898617511520737
"Temporal validation cohort","IDHmut-intact",36,"3D-CNN","cindex",0.5545320560058953
"Temporal validation cohort","IDHmut-intact",37,"3D-CNN","cindex",0.5892806770098731
"Temporal validation cohort","IDHmut-intact",38,"3D-CNN","cindex",0.532807570977918
"Temporal validation cohort","IDHmut-intact",39,"3D-CNN","cindex",0.5940119760479041
"Temporal validation cohort","IDHmut-intact",40,"3D-CNN","cindex",0.6655902404018659
"Temporal validation cohort","IDHmut-intact",41,"3D-CNN","cindex",0.62432
"Temporal validation cohort","IDHmut-intact",42,"3D-CNN","cindex",0.538135593220339
"Temporal validation cohort","IDHmut-intact",43,"3D-CNN","cindex",0.618313404657017
"Temporal validation cohort","IDHmut-intact",44,"3D-CNN","cindex",0.5768232920149899
"Temporal validation cohort","IDHmut-intact",45,"3D-CNN","cindex",0.6
"Temporal validation cohort","IDHmut-intact",46,"3D-CNN","cindex",0.5737822349570201
"Temporal validation cohort","IDHmut-intact",47,"3D-CNN","cindex",0.5798090040927695
"Temporal validation cohort","IDHmut-intact",48,"3D-CNN","cindex",0.5714285714285714
"Temporal validation cohort","IDHmut-intact",49,"3D-CNN","cindex",0.6363956353396691
"Temporal validation cohort","IDHmut-intact",50,"3D-CNN","cindex",0.6652646337188923
"Temporal validation cohort","IDHmut-intact",51,"3D-CNN","cindex",0.5542211232779937
"Temporal validation cohort","IDHmut-intact",52,"3D-CNN","cindex",0.507954874168354
"Temporal validation cohort","IDHmut-intact",53,"3D-CNN","cindex",0.5568337441796768
"Temporal validation cohort","IDHmut-intact",54,"3D-CNN","cindex",0.6087701267557383
"Temporal validation cohort","IDHmut-intact",55,"3D-CNN","cindex",0.753808151502676
"Temporal validation cohort","IDHmut-intact",56,"3D-CNN","cindex",0.5157170923379175
"Temporal validation cohort","IDHmut-intact",57,"3D-CNN","cindex",0.656653859587845
"Temporal validation cohort","IDHmut-intact",58,"3D-CNN","cindex",0.6428117048346056
"Temporal validation cohort","IDHmut-intact",59,"3D-CNN","cindex",0.6450396076952094
"Temporal validation cohort","IDHmut-intact",60,"3D-CNN","cindex",0.6629737609329446
"Temporal validation cohort","IDHmut-intact",61,"3D-CNN","cindex",0.5279661016949153
"Temporal validation cohort","IDHmut-intact",62,"3D-CNN","cindex",0.6027851458885942
"Temporal validation cohort","IDHmut-intact",63,"3D-CNN","cindex",0.5545171339563864
"Temporal validation cohort","IDHmut-intact",64,"3D-CNN","cindex",0.6351391798862616
"Temporal validation cohort","IDHmut-intact",65,"3D-CNN","cindex",0.6543527144233858
"Temporal validation cohort","IDHmut-intact",66,"3D-CNN","cindex",0.6011659807956105
"Temporal validation cohort","IDHmut-intact",67,"3D-CNN","cindex",0.5168918918918919
"Temporal validation cohort","IDHmut-intact",68,"3D-CNN","cindex",0.5588822355289421
"Temporal validation cohort","IDHmut-intact",69,"3D-CNN","cindex",0.5528528528528529
"Temporal validation cohort","IDHmut-intact",70,"3D-CNN","cindex",0.6201503759398497
"Temporal validation cohort","IDHmut-intact",71,"3D-CNN","cindex",0.5991682661548304
"Temporal validation cohort","IDHmut-intact",72,"3D-CNN","cindex",0.7058056099151989
"Temporal validation cohort","IDHmut-intact",73,"3D-CNN","cindex",0.6133982035928144
"Temporal validation cohort","IDHmut-intact",74,"3D-CNN","cindex",0.6539212950041864
"Temporal validation cohort","IDHmut-intact",75,"3D-CNN","cindex",0.6332326283987916
"Temporal validation cohort","IDHmut-intact",76,"3D-CNN","cindex",0.535437944908697
"Temporal validation cohort","IDHmut-intact",77,"3D-CNN","cindex",0.6204002582311168
"Temporal validation cohort","IDHmut-intact",78,"3D-CNN","cindex",0.48123980424143553
"Temporal validation cohort","IDHmut-intact",79,"3D-CNN","cindex",0.5872504829362524
"Temporal validation cohort","IDHmut-intact",80,"3D-CNN","cindex",0.6054644808743169
"Temporal validation cohort","IDHmut-intact",81,"3D-CNN","cindex",0.5998620213866851
"Temporal validation cohort","IDHmut-intact",82,"3D-CNN","cindex",0.6638776687824581
"Temporal validation cohort","IDHmut-intact",83,"3D-CNN","cindex",0.60512
"Temporal validation cohort","IDHmut-intact",84,"3D-CNN","cindex",0.6614567052203814
"Temporal validation cohort","IDHmut-intact",85,"3D-CNN","cindex",0.6586715867158671
"Temporal validation cohort","IDHmut-intact",86,"3D-CNN","cindex",0.5705827360548458
"Temporal validation cohort","IDHmut-intact",87,"3D-CNN","cindex",0.5973847212663455
"Temporal validation cohort","IDHmut-intact",88,"3D-CNN","cindex",0.7005433045701502
"Temporal validation cohort","IDHmut-intact",89,"3D-CNN","cindex",0.7074396782841823
"Temporal validation cohort","IDHmut-intact",90,"3D-CNN","cindex",0.6933430338304838
"Temporal validation cohort","IDHmut-intact",91,"3D-CNN","cindex",0.6953177257525084
"Temporal validation cohort","IDHmut-intact",92,"3D-CNN","cindex",0.5622555410691004
"Temporal validation cohort","IDHmut-intact",93,"3D-CNN","cindex",0.5755732335049134
"Temporal validation cohort","IDHmut-intact",94,"3D-CNN","cindex",0.5073189522342065
"Temporal validation cohort","IDHmut-intact",95,"3D-CNN","cindex",0.6415770609318996
"Temporal validation cohort","IDHmut-intact",96,"3D-CNN","cindex",0.5292096219931272
"Temporal validation cohort","IDHmut-intact",97,"3D-CNN","cindex",0.6197349042709868
"Temporal validation cohort","IDHmut-intact",98,"3D-CNN","cindex",0.6461211477151966
"Temporal validation cohort","IDHmut-intact",99,"3D-CNN","cindex",0.6823444283646889
"Temporal validation cohort","IDHmut-intact",100,"3D-CNN","cindex",0.5725108225108225
"Temporal validation cohort","IDHmut-intact",1,"Clinicoradiologic","cindex",0.62
"Temporal validation cohort","IDHmut-intact",2,"Clinicoradiologic","cindex",0.6380392156862745
"Temporal validation cohort","IDHmut-intact",3,"Clinicoradiologic","cindex",0.5810482471364109
"Temporal validation cohort","IDHmut-intact",4,"Clinicoradiologic","cindex",0.7708654142285186
"Temporal validation cohort","IDHmut-intact",5,"Clinicoradiologic","cindex",0.612814465408805
"Temporal validation cohort","IDHmut-intact",6,"Clinicoradiologic","cindex",0.5446519524617996
"Temporal validation cohort","IDHmut-intact",7,"Clinicoradiologic","cindex",0.6336412870340873
"Temporal validation cohort","IDHmut-intact",8,"Clinicoradiologic","cindex",0.5486668808223578
"Temporal validation cohort","IDHmut-intact",9,"Clinicoradiologic","cindex",0.6188496188496189
"Temporal validation cohort","IDHmut-intact",10,"Clinicoradiologic","cindex",0.7239215686274509
"Temporal validation cohort","IDHmut-intact",11,"Clinicoradiologic","cindex",0.6166405023547881
"Temporal validation cohort","IDHmut-intact",12,"Clinicoradiologic","cindex",0.6683729433272395
"Temporal validation cohort","IDHmut-intact",13,"Clinicoradiologic","cindex",0.5472190034762456
"Temporal validation cohort","IDHmut-intact",14,"Clinicoradiologic","cindex",0.546533185020393
"Temporal validation cohort","IDHmut-intact",15,"Clinicoradiologic","cindex",0.6316736652669466
"Temporal validation cohort","IDHmut-intact",16,"Clinicoradiologic","cindex",0.506050605060506
"Temporal validation cohort","IDHmut-intact",17,"Clinicoradiologic","cindex",0.6109191430545957
"Temporal validation cohort","IDHmut-intact",18,"Clinicoradiologic","cindex",0.5834530307382936
"Temporal validation cohort","IDHmut-intact",19,"Clinicoradiologic","cindex",0.6055995130858186
"Temporal validation cohort","IDHmut-intact",20,"Clinicoradiologic","cindex",0.6144014962593516
"Temporal validation cohort","IDHmut-intact",21,"Clinicoradiologic","cindex",0.6046359777995429
"Temporal validation cohort","IDHmut-intact",22,"Clinicoradiologic","cindex",0.6513977770293028
"Temporal validation cohort","IDHmut-intact",23,"Clinicoradiologic","cindex",0.6002120890774125
"Temporal validation cohort","IDHmut-intact",24,"Clinicoradiologic","cindex",0.5328092959671907
"Temporal validation cohort","IDHmut-intact",25,"Clinicoradiologic","cindex",0.6056201550387597
"Temporal validation cohort","IDHmut-intact",26,"Clinicoradiologic","cindex",0.6109701965757768
"Temporal validation cohort","IDHmut-intact",27,"Clinicoradiologic","cindex",0.7332930148170547
"Temporal validation cohort","IDHmut-intact",28,"Clinicoradiologic","cindex",0.5899969126273541
"Temporal validation cohort","IDHmut-intact",29,"Clinicoradiologic","cindex",0.6142100342785914
"Temporal validation cohort","IDHmut-intact",30,"Clinicoradiologic","cindex",0.5053025577043044
"Temporal validation cohort","IDHmut-intact",31,"Clinicoradiologic","cindex",0.5842105263157895
"Temporal validation cohort","IDHmut-intact",32,"Clinicoradiologic","cindex",0.6394673950153635
"Temporal validation cohort","IDHmut-intact",33,"Clinicoradiologic","cindex",0.6273504273504273
"Temporal validation cohort","IDHmut-intact",34,"Clinicoradiologic","cindex",0.5919117647058824
"Temporal validation cohort","IDHmut-intact",35,"Clinicoradiologic","cindex",0.5975422427035331
"Temporal validation cohort","IDHmut-intact",36,"Clinicoradiologic","cindex",0.6156963890935888
"Temporal validation cohort","IDHmut-intact",37,"Clinicoradiologic","cindex",0.6098730606488012
"Temporal validation cohort","IDHmut-intact",38,"Clinicoradiologic","cindex",0.6293375394321766
"Temporal validation cohort","IDHmut-intact",39,"Clinicoradiologic","cindex",0.612874251497006
"Temporal validation cohort","IDHmut-intact",40,"Clinicoradiologic","cindex",0.5482597775385719
"Temporal validation cohort","IDHmut-intact",41,"Clinicoradiologic","cindex",0.53984
"Temporal validation cohort","IDHmut-intact",42,"Clinicoradiologic","cindex",0.5773305084745763
"Temporal validation cohort","IDHmut-intact",43,"Clinicoradiologic","cindex",0.6714915040906231
"Temporal validation cohort","IDHmut-intact",44,"Clinicoradiologic","cindex",0.6099740559238973
"Temporal validation cohort","IDHmut-intact",45,"Clinicoradiologic","cindex",0.5679727427597956
"Temporal validation cohort","IDHmut-intact",46,"Clinicoradiologic","cindex",0.6024355300859598
"Temporal validation cohort","IDHmut-intact",47,"Clinicoradiologic","cindex",0.6265347885402456
"Temporal validation cohort","IDHmut-intact",48,"Clinicoradiologic","cindex",0.6096832038254633
"Temporal validation cohort","IDHmut-intact",49,"Clinicoradiologic","cindex",0.6554030271031327
"Temporal validation cohort","IDHmut-intact",50,"Clinicoradiologic","cindex",0.6130389064143007
"Temporal validation cohort","IDHmut-intact",51,"Clinicoradiologic","cindex",0.4977039915224303
"Temporal validation cohort","IDHmut-intact",52,"Clinicoradiologic","cindex",0.5585768006942435
"Temporal validation cohort","IDHmut-intact",53,"Clinicoradiologic","cindex",0.5699808271706381
"Temporal validation cohort","IDHmut-intact",54,"Clinicoradiologic","cindex",0.6276121959575197
"Temporal validation cohort","IDHmut-intact",55,"Clinicoradiologic","cindex",0.6401811445039111
"Temporal validation cohort","IDHmut-intact",56,"Clinicoradiologic","cindex",0.5533726260641781
"Temporal validation cohort","IDHmut-intact",57,"Clinicoradiologic","cindex",0.5826056584002794
"Temporal validation cohort","IDHmut-intact",58,"Clinicoradiologic","cindex",0.5442111959287532
"Temporal validation cohort","IDHmut-intact",59,"Clinicoradiologic","cindex",0.6499434175782723
"Temporal validation cohort","IDHmut-intact",60,"Clinicoradiologic","cindex",0.6233236151603498
"Temporal validation cohort","IDHmut-intact",61,"Clinicoradiologic","cindex",0.5638418079096046
"Temporal validation cohort","IDHmut-intact",62,"Clinicoradiologic","cindex",0.6641246684350133
"Temporal validation cohort","IDHmut-intact",63,"Clinicoradiologic","cindex",0.6223606784354447
"Temporal validation cohort","IDHmut-intact",64,"Clinicoradiologic","cindex",0.5627057767135588
"Temporal validation cohort","IDHmut-intact",65,"Clinicoradiologic","cindex",0.625120462576293
"Temporal validation cohort","IDHmut-intact",66,"Clinicoradiologic","cindex",0.6018518518518519
"Temporal validation cohort","IDHmut-intact",67,"Clinicoradiologic","cindex",0.591554054054054
"Temporal validation cohort","IDHmut-intact",68,"Clinicoradiologic","cindex",0.570287995437696
"Temporal validation cohort","IDHmut-intact",69,"Clinicoradiologic","cindex",0.6123123123123123
"Temporal validation cohort","IDHmut-intact",70,"Clinicoradiologic","cindex",0.631578947368421
"Temporal validation cohort","IDHmut-intact",71,"Clinicoradiologic","cindex",0.6030070377479206
"Temporal validation cohort","IDHmut-intact",72,"Clinicoradiologic","cindex",0.5691454664057404
"Temporal validation cohort","IDHmut-intact",73,"Clinicoradiologic","cindex",0.5890718562874251
"Temporal validation cohort","IDHmut-intact",74,"Clinicoradiologic","cindex",0.5869383198437064
"Temporal validation cohort","IDHmut-intact",75,"Clinicoradiologic","cindex",0.640785498489426
"Temporal validation cohort","IDHmut-intact",76,"Clinicoradiologic","cindex",0.6047663262147942
"Temporal validation cohort","IDHmut-intact",77,"Clinicoradiologic","cindex",0.6223369916074887
"Temporal validation cohort","IDHmut-intact",78,"Clinicoradiologic","cindex",0.5631321370309951
"Temporal validation cohort","IDHmut-intact",79,"Clinicoradiologic","cindex",0.6320025756600129
"Temporal validation cohort","IDHmut-intact",80,"Clinicoradiologic","cindex",0.6553734061930783
"Temporal validation cohort","IDHmut-intact",81,"Clinicoradiologic","cindex",0.6371162469817179
"Temporal validation cohort","IDHmut-intact",82,"Clinicoradiologic","cindex",0.6534910559723024
"Temporal validation cohort","IDHmut-intact",83,"Clinicoradiologic","cindex",0.58304
"Temporal validation cohort","IDHmut-intact",84,"Clinicoradiologic","cindex",0.6680212566427008
"Temporal validation cohort","IDHmut-intact",85,"Clinicoradiologic","cindex",0.6417589175891759
"Temporal validation cohort","IDHmut-intact",86,"Clinicoradiologic","cindex",0.6759114989093176
"Temporal validation cohort","IDHmut-intact",87,"Clinicoradiologic","cindex",0.6421197522367516
"Temporal validation cohort","IDHmut-intact",88,"Clinicoradiologic","cindex",0.6033876637903484
"Temporal validation cohort","IDHmut-intact",89,"Clinicoradiologic","cindex",0.660857908847185
"Temporal validation cohort","IDHmut-intact",90,"Clinicoradiologic","cindex",0.6289559839941797
"Temporal validation cohort","IDHmut-intact",91,"Clinicoradiologic","cindex",0.6274247491638796
"Temporal validation cohort","IDHmut-intact",92,"Clinicoradiologic","cindex",0.6075619295958279
"Temporal validation cohort","IDHmut-intact",93,"Clinicoradiologic","cindex",0.5708937763219466
"Temporal validation cohort","IDHmut-intact",94,"Clinicoradiologic","cindex",0.6552388289676425
"Temporal validation cohort","IDHmut-intact",95,"Clinicoradiologic","cindex",0.5731182795698925
"Temporal validation cohort","IDHmut-intact",96,"Clinicoradiologic","cindex",0.646811760213822
"Temporal validation cohort","IDHmut-intact",97,"Clinicoradiologic","cindex",0.5976435935198822
"Temporal validation cohort","IDHmut-intact",98,"Clinicoradiologic","cindex",0.6879206517888771
"Temporal validation cohort","IDHmut-intact",99,"Clinicoradiologic","cindex",0.6566570188133141
"Temporal validation cohort","IDHmut-intact",100,"Clinicoradiologic","cindex",0.5292207792207793
"Temporal validation cohort","IDHmut-intact",1,"3D-ViT","cindex",0.6272307692307693
"Temporal validation cohort","IDHmut-intact",2,"3D-ViT","cindex",0.6823529411764706
"Temporal validation cohort","IDHmut-intact",3,"3D-ViT","cindex",0.6626171468240194
"Temporal validation cohort","IDHmut-intact",4,"3D-ViT","cindex",0.5957807206652295
"Temporal validation cohort","IDHmut-intact",5,"3D-ViT","cindex",0.645440251572327
"Temporal validation cohort","IDHmut-intact",6,"3D-ViT","cindex",0.6859083191850595
"Temporal validation cohort","IDHmut-intact",7,"3D-ViT","cindex",0.7102580439630456
"Temporal validation cohort","IDHmut-intact",8,"3D-ViT","cindex",0.718920655316415
"Temporal validation cohort","IDHmut-intact",9,"3D-ViT","cindex",0.6715176715176715
"Temporal validation cohort","IDHmut-intact",10,"3D-ViT","cindex",0.766078431372549
"Temporal validation cohort","IDHmut-intact",11,"3D-ViT","cindex",0.7007849293563579
"Temporal validation cohort","IDHmut-intact",12,"3D-ViT","cindex",0.6208409506398538
"Temporal validation cohort","IDHmut-intact",13,"3D-ViT","cindex",0.647305909617613
"Temporal validation cohort","IDHmut-intact",14,"3D-ViT","cindex",0.6425658138672599
"Temporal validation cohort","IDHmut-intact",15,"3D-ViT","cindex",0.7126574685062987
"Temporal validation cohort","IDHmut-intact",16,"3D-ViT","cindex",0.6215621562156215
"Temporal validation cohort","IDHmut-intact",17,"3D-ViT","cindex",0.7577747062888736
"Temporal validation cohort","IDHmut-intact",18,"3D-ViT","cindex",0.5907785119218616
"Temporal validation cohort","IDHmut-intact",19,"3D-ViT","cindex",0.6710286062081559
"Temporal validation cohort","IDHmut-intact",20,"3D-ViT","cindex",0.7004364089775561
"Temporal validation cohort","IDHmut-intact",21,"3D-ViT","cindex",0.7396343454129938
"Temporal validation cohort","IDHmut-intact",22,"3D-ViT","cindex",0.6928258672953856
"Temporal validation cohort","IDHmut-intact",23,"3D-ViT","cindex",0.7189819724284199
"Temporal validation cohort","IDHmut-intact",24,"3D-ViT","cindex",0.6500341763499659
"Temporal validation cohort","IDHmut-intact",25,"3D-ViT","cindex",0.6482558139534884
"Temporal validation cohort","IDHmut-intact",26,"3D-ViT","cindex",0.6712111604311984
"Temporal validation cohort","IDHmut-intact",27,"3D-ViT","cindex",0.6499848805563955
"Temporal validation cohort","IDHmut-intact",28,"3D-ViT","cindex",0.7233714109292991
"Temporal validation cohort","IDHmut-intact",29,"3D-ViT","cindex",0.629947023995014
"Temporal validation cohort","IDHmut-intact",30,"3D-ViT","cindex",0.7005614472863382
"Temporal validation cohort","IDHmut-intact",31,"3D-ViT","cindex",0.6416118421052631
"Temporal validation cohort","IDHmut-intact",32,"3D-ViT","cindex",0.7244793444861728
"Temporal validation cohort","IDHmut-intact",33,"3D-ViT","cindex",0.665954415954416
"Temporal validation cohort","IDHmut-intact",34,"3D-ViT","cindex",0.6791572398190046
"Temporal validation cohort","IDHmut-intact",35,"3D-ViT","cindex",0.620583717357911
"Temporal validation cohort","IDHmut-intact",36,"3D-ViT","cindex",0.5932203389830508
"Temporal validation cohort","IDHmut-intact",37,"3D-ViT","cindex",0.6750352609308886
"Temporal validation cohort","IDHmut-intact",38,"3D-ViT","cindex",0.6435331230283912
"Temporal validation cohort","IDHmut-intact",39,"3D-ViT","cindex",0.6464071856287426
"Temporal validation cohort","IDHmut-intact",40,"3D-ViT","cindex",0.7111589522784356
"Temporal validation cohort","IDHmut-intact",41,"3D-ViT","cindex",0.68816
"Temporal validation cohort","IDHmut-intact",42,"3D-ViT","cindex",0.6062853107344632
"Temporal validation cohort","IDHmut-intact",43,"3D-ViT","cindex",0.7039018250471996
"Temporal validation cohort","IDHmut-intact",44,"3D-ViT","cindex",0.6817526664744883
"Temporal validation cohort","IDHmut-intact",45,"3D-ViT","cindex",0.6643952299829642
"Temporal validation cohort","IDHmut-intact",46,"3D-ViT","cindex",0.6439828080229226
"Temporal validation cohort","IDHmut-intact",47,"3D-ViT","cindex",0.6874147339699863
"Temporal validation cohort","IDHmut-intact",48,"3D-ViT","cindex",0.6268679019725045
"Temporal validation cohort","IDHmut-intact",49,"3D-ViT","cindex",0.6909538894755368
"Temporal validation cohort","IDHmut-intact",50,"3D-ViT","cindex",0.7052225727304592
"Temporal validation cohort","IDHmut-intact",51,"3D-ViT","cindex",0.6442953020134228
"Temporal validation cohort","IDHmut-intact",52,"3D-ViT","cindex",0.5744865490309516
"Temporal validation cohort","IDHmut-intact",53,"3D-ViT","cindex",0.6380443714050945
"Temporal validation cohort","IDHmut-intact",54,"3D-ViT","cindex",0.6935594381637546
"Temporal validation cohort","IDHmut-intact",55,"3D-ViT","cindex",0.832441333882256
"Temporal validation cohort","IDHmut-intact",56,"3D-ViT","cindex",0.6013425016371972
"Temporal validation cohort","IDHmut-intact",57,"3D-ViT","cindex",0.7490394690883688
"Temporal validation cohort","IDHmut-intact",58,"3D-ViT","cindex",0.7426844783715013
"Temporal validation cohort","IDHmut-intact",59,"3D-ViT","cindex",0.7170878913617502
"Temporal validation cohort","IDHmut-intact",60,"3D-ViT","cindex",0.7100583090379009
"Temporal validation cohort","IDHmut-intact",61,"3D-ViT","cindex",0.5738700564971752
"Temporal validation cohort","IDHmut-intact",62,"3D-ViT","cindex",0.6918103448275862
"Temporal validation cohort","IDHmut-intact",63,"3D-ViT","cindex",0.6583592938733126
"Temporal validation cohort","IDHmut-intact",64,"3D-ViT","cindex",0.7343609697695301
"Temporal validation cohort","IDHmut-intact",65,"3D-ViT","cindex",0.7524895599100546
"Temporal validation cohort","IDHmut-intact",66,"3D-ViT","cindex",0.690843621399177
"Temporal validation cohort","IDHmut-intact",67,"3D-ViT","cindex",0.5714527027027028
"Temporal validation cohort","IDHmut-intact",68,"3D-ViT","cindex",0.6485600228115198
"Temporal validation cohort","IDHmut-intact",69,"3D-ViT","cindex",0.6258258258258258
"Temporal validation cohort","IDHmut-intact",70,"3D-ViT","cindex",0.6678195488721804
"Temporal validation cohort","IDHmut-intact",71,"3D-ViT","cindex",0.6471529110684581
"Temporal validation cohort","IDHmut-intact",72,"3D-ViT","cindex",0.8163731245923027
"Temporal validation cohort","IDHmut-intact",73,"3D-ViT","cindex",0.6852544910179641
"Temporal validation cohort","IDHmut-intact",74,"3D-ViT","cindex",0.7301144292492325
"Temporal validation cohort","IDHmut-intact",75,"3D-ViT","cindex",0.6897280966767372
"Temporal validation cohort","IDHmut-intact",76,"3D-ViT","cindex",0.6046115753636645
"Temporal validation cohort","IDHmut-intact",77,"3D-ViT","cindex",0.670593931568754
"Temporal validation cohort","IDHmut-intact",78,"3D-ViT","cindex",0.5500815660685154
"Temporal validation cohort","IDHmut-intact",79,"3D-ViT","cindex",0.6625885383129427
"Temporal validation cohort","IDHmut-intact",80,"3D-ViT","cindex",0.6888888888888889
"Temporal validation cohort","IDHmut-intact",81,"3D-ViT","cindex",0.6698861676440152
"Temporal validation cohort","IDHmut-intact",82,"3D-ViT","cindex",0.7406231967686093
"Temporal validation cohort","IDHmut-intact",83,"3D-ViT","cindex",0.68096
"Temporal validation cohort","IDHmut-intact",84,"3D-ViT","cindex",0.6919349796811504
"Temporal validation cohort","IDHmut-intact",85,"3D-ViT","cindex",0.718019680196802
"Temporal validation cohort","IDHmut-intact",86,"3D-ViT","cindex",0.6726394515425367
"Temporal validation cohort","IDHmut-intact",87,"3D-ViT","cindex",0.6889194769442533
"Temporal validation cohort","IDHmut-intact",88,"3D-ViT","cindex",0.7464046021093
"Temporal validation cohort","IDHmut-intact",89,"3D-ViT","cindex",0.7607238605898123
"Temporal validation cohort","IDHmut-intact",90,"3D-ViT","cindex",0.7597308112040742
"Temporal validation cohort","IDHmut-intact",91,"3D-ViT","cindex",0.7663879598662207
"Temporal validation cohort","IDHmut-intact",92,"3D-ViT","cindex",0.6339634941329857
"Temporal validation cohort","IDHmut-intact",93,"3D-ViT","cindex",0.6869443144595226
"Temporal validation cohort","IDHmut-intact",94,"3D-ViT","cindex",0.5999614791987673
"Temporal validation cohort","IDHmut-intact",95,"3D-ViT","cindex",0.7426523297491039
"Temporal validation cohort","IDHmut-intact",96,"3D-ViT","cindex",0.627147766323024
"Temporal validation cohort","IDHmut-intact",97,"3D-ViT","cindex",0.6896907216494845
"Temporal validation cohort","IDHmut-intact",98,"3D-ViT","cindex",0.7001416932341481
"Temporal validation cohort","IDHmut-intact",99,"3D-ViT","cindex",0.7100217076700435
"Temporal validation cohort","IDHmut-intact",100,"3D-ViT","cindex",0.6381673881673882
"Temporal validation cohort","IDHmut-intact",1,"CR-ViT","cindex",0.6723076923076923
"Temporal validation cohort","IDHmut-intact",2,"CR-ViT","cindex",0.6937254901960784
"Temporal validation cohort","IDHmut-intact",3,"CR-ViT","cindex",0.6712946893439777
"Temporal validation cohort","IDHmut-intact",4,"CR-ViT","cindex",0.7259008315368032
"Temporal validation cohort","IDHmut-intact",5,"CR-ViT","cindex",0.6949685534591195
"Temporal validation cohort","IDHmut-intact",6,"CR-ViT","cindex",0.6899830220713072
"Temporal validation cohort","IDHmut-intact",7,"CR-ViT","cindex",0.7410003185727939
"Temporal validation cohort","IDHmut-intact",8,"CR-ViT","cindex",0.7128172181175715
"Temporal validation cohort","IDHmut-intact",9,"CR-ViT","cindex",0.6912681912681913
"Temporal validation cohort","IDHmut-intact",10,"CR-ViT","cindex",0.8345098039215686
"Temporal validation cohort","IDHmut-intact",11,"CR-ViT","cindex",0.7372056514913657
"Temporal validation cohort","IDHmut-intact",12,"CR-ViT","cindex",0.7005484460694699
"Temporal validation cohort","IDHmut-intact",13,"CR-ViT","cindex",0.6512166859791425
"Temporal validation cohort","IDHmut-intact",14,"CR-ViT","cindex",0.6325546903967372
"Temporal validation cohort","IDHmut-intact",15,"CR-ViT","cindex",0.7222555488902219
"Temporal validation cohort","IDHmut-intact",16,"CR-ViT","cindex",0.6402640264026402
"Temporal validation cohort","IDHmut-intact",17,"CR-ViT","cindex",0.7387698686938493
"Temporal validation cohort","IDHmut-intact",18,"CR-ViT","cindex",0.6262568227520827
"Temporal validation cohort","IDHmut-intact",19,"CR-ViT","cindex",0.6993304930006087
"Temporal validation cohort","IDHmut-intact",20,"CR-ViT","cindex",0.7048004987531172
"Temporal validation cohort","IDHmut-intact",21,"CR-ViT","cindex",0.733268037871368
"Temporal validation cohort","IDHmut-intact",22,"CR-ViT","cindex",0.7564836645335129
"Temporal validation cohort","IDHmut-intact",23,"CR-ViT","cindex",0.7313538352774832
"Temporal validation cohort","IDHmut-intact",24,"CR-ViT","cindex",0.6302118933697881
"Temporal validation cohort","IDHmut-intact",25,"CR-ViT","cindex",0.6757105943152455
"Temporal validation cohort","IDHmut-intact",26,"CR-ViT","cindex",0.712428662016487
"Temporal validation cohort","IDHmut-intact",27,"CR-ViT","cindex",0.7677653462352585
"Temporal validation cohort","IDHmut-intact",28,"CR-ViT","cindex",0.7168879283729546
"Temporal validation cohort","IDHmut-intact",29,"CR-ViT","cindex",0.6625116858834528
"Temporal validation cohort","IDHmut-intact",30,"CR-ViT","cindex",0.6734248284466625
"Temporal validation cohort","IDHmut-intact",31,"CR-ViT","cindex",0.6513157894736842
"Temporal validation cohort","IDHmut-intact",32,"CR-ViT","cindex",0.7702287470126323
"Temporal validation cohort","IDHmut-intact",33,"CR-ViT","cindex",0.7025641025641025
"Temporal validation cohort","IDHmut-intact",34,"CR-ViT","cindex",0.686368778280543
"Temporal validation cohort","IDHmut-intact",35,"CR-ViT","cindex",0.6583717357910907
"Temporal validation cohort","IDHmut-intact",36,"CR-ViT","cindex",0.6621223286661754
"Temporal validation cohort","IDHmut-intact",37,"CR-ViT","cindex",0.6961918194640339
"Temporal validation cohort","IDHmut-intact",38,"CR-ViT","cindex",0.6735015772870663
"Temporal validation cohort","IDHmut-intact",39,"CR-ViT","cindex",0.6775449101796407
"Temporal validation cohort","IDHmut-intact",40,"CR-ViT","cindex",0.7036239684248295
"Temporal validation cohort","IDHmut-intact",41,"CR-ViT","cindex",0.6736
"Temporal validation cohort","IDHmut-intact",42,"CR-ViT","cindex",0.6451271186440678
"Temporal validation cohort","IDHmut-intact",43,"CR-ViT","cindex",0.7665198237885462
"Temporal validation cohort","IDHmut-intact",44,"CR-ViT","cindex",0.7053906024791006
"Temporal validation cohort","IDHmut-intact",45,"CR-ViT","cindex",0.6858603066439524
"Temporal validation cohort","IDHmut-intact",46,"CR-ViT","cindex",0.6891117478510029
"Temporal validation cohort","IDHmut-intact",47,"CR-ViT","cindex",0.7312414733969986
"Temporal validation cohort","IDHmut-intact",48,"CR-ViT","cindex",0.6649731022115959
"Temporal validation cohort","IDHmut-intact",49,"CR-ViT","cindex",0.7377683914114748
"Temporal validation cohort","IDHmut-intact",50,"CR-ViT","cindex",0.7153873116018227
"Temporal validation cohort","IDHmut-intact",51,"CR-ViT","cindex",0.6273401624867538
"Temporal validation cohort","IDHmut-intact",52,"CR-ViT","cindex",0.5750650853341047
"Temporal validation cohort","IDHmut-intact",53,"CR-ViT","cindex",0.6825527252807451
"Temporal validation cohort","IDHmut-intact",54,"CR-ViT","cindex",0.7372387804042481
"Temporal validation cohort","IDHmut-intact",55,"CR-ViT","cindex",0.8139151914368052
"Temporal validation cohort","IDHmut-intact",56,"CR-ViT","cindex",0.633267845448592
"Temporal validation cohort","IDHmut-intact",57,"CR-ViT","cindex",0.7474676912329724
"Temporal validation cohort","IDHmut-intact",58,"CR-ViT","cindex",0.7016539440203562
"Temporal validation cohort","IDHmut-intact",59,"CR-ViT","cindex",0.7627310448887212
"Temporal validation cohort","IDHmut-intact",60,"CR-ViT","cindex",0.7157434402332361
"Temporal validation cohort","IDHmut-intact",61,"CR-ViT","cindex",0.6155367231638418
"Temporal validation cohort","IDHmut-intact",62,"CR-ViT","cindex",0.7291114058355438
"Temporal validation cohort","IDHmut-intact",63,"CR-ViT","cindex",0.7043959847698166
"Temporal validation cohort","IDHmut-intact",64,"CR-ViT","cindex",0.7123615683926968
"Temporal validation cohort","IDHmut-intact",65,"CR-ViT","cindex",0.7751365242531321
"Temporal validation cohort","IDHmut-intact",66,"CR-ViT","cindex",0.7050754458161865
"Temporal validation cohort","IDHmut-intact",67,"CR-ViT","cindex",0.6449324324324324
"Temporal validation cohort","IDHmut-intact",68,"CR-ViT","cindex",0.6703735386370117
"Temporal validation cohort","IDHmut-intact",69,"CR-ViT","cindex",0.6843843843843844
"Temporal validation cohort","IDHmut-intact",70,"CR-ViT","cindex",0.6965413533834587
"Temporal validation cohort","IDHmut-intact",71,"CR-ViT","cindex",0.6516314779270633
"Temporal validation cohort","IDHmut-intact",72,"CR-ViT","cindex",0.7504892367906066
"Temporal validation cohort","IDHmut-intact",73,"CR-ViT","cindex",0.718562874251497
"Temporal validation cohort","IDHmut-intact",74,"CR-ViT","cindex",0.7220206530840079
"Temporal validation cohort","IDHmut-intact",75,"CR-ViT","cindex",0.6972809667673716
"Temporal validation cohort","IDHmut-intact",76,"CR-ViT","cindex",0.6645001547508511
"Temporal validation cohort","IDHmut-intact",77,"CR-ViT","cindex",0.7114267269205939
"Temporal validation cohort","IDHmut-intact",78,"CR-ViT","cindex",0.5709624796084829
"Temporal validation cohort","IDHmut-intact",79,"CR-ViT","cindex",0.6780424983902125
"Temporal validation cohort","IDHmut-intact",80,"CR-ViT","cindex",0.7122040072859745
"Temporal validation cohort","IDHmut-intact",81,"CR-ViT","cindex",0.6909279061745429
"Temporal validation cohort","IDHmut-intact",82,"CR-ViT","cindex",0.781592613964224
"Temporal validation cohort","IDHmut-intact",83,"CR-ViT","cindex",0.6771199999999999
"Temporal validation cohort","IDHmut-intact",84,"CR-ViT","cindex",0.7436698968427633
"Temporal validation cohort","IDHmut-intact",85,"CR-ViT","cindex",0.7727552275522755
"Temporal validation cohort","IDHmut-intact",86,"CR-ViT","cindex",0.7332502337176691
"Temporal validation cohort","IDHmut-intact",87,"CR-ViT","cindex",0.7105987611837578
"Temporal validation cohort","IDHmut-intact",88,"CR-ViT","cindex",0.7542345797379355
"Temporal validation cohort","IDHmut-intact",89,"CR-ViT","cindex",0.7634048257372654
"Temporal validation cohort","IDHmut-intact",90,"CR-ViT","cindex",0.7675518370316479
"Temporal validation cohort","IDHmut-intact",91,"CR-ViT","cindex",0.7625418060200668
"Temporal validation cohort","IDHmut-intact",92,"CR-ViT","cindex",0.6958930899608866
"Temporal validation cohort","IDHmut-intact",93,"CR-ViT","cindex",0.6920917173607861
"Temporal validation cohort","IDHmut-intact",94,"CR-ViT","cindex",0.7072419106317411
"Temporal validation cohort","IDHmut-intact",95,"CR-ViT","cindex",0.7118279569892473
"Temporal validation cohort","IDHmut-intact",96,"CR-ViT","cindex",0.6884306987399771
"Temporal validation cohort","IDHmut-intact",97,"CR-ViT","cindex",0.7225331369661266
"Temporal validation cohort","IDHmut-intact",98,"CR-ViT","cindex",0.7371590506553312
"Temporal validation cohort","IDHmut-intact",99,"CR-ViT","cindex",0.7478292329956584
"Temporal validation cohort","IDHmut-intact",100,"CR-ViT","cindex",0.6381673881673882
"Temporal validation cohort","IDHmut-intact",1,"3D-CNN","iauc",0.643854853940798
"Temporal validation cohort","IDHmut-intact",2,"3D-CNN","iauc",0.6523683059274359
"Temporal validation cohort","IDHmut-intact",3,"3D-CNN","iauc",0.5747590007794303
"Temporal validation cohort","IDHmut-intact",4,"3D-CNN","iauc",0.6526206201469252
"Temporal validation cohort","IDHmut-intact",5,"3D-CNN","iauc",0.5999488961109714
"Temporal validation cohort","IDHmut-intact",6,"3D-CNN","iauc",0.5946545041981481
"Temporal validation cohort","IDHmut-intact",7,"3D-CNN","iauc",0.6805155385607404
"Temporal validation cohort","IDHmut-intact",8,"3D-CNN","iauc",0.6942629031274238
"Temporal validation cohort","IDHmut-intact",9,"3D-CNN","iauc",0.5826860602479227
"Temporal validation cohort","IDHmut-intact",10,"3D-CNN","iauc",0.7394645101134639
"Temporal validation cohort","IDHmut-intact",11,"3D-CNN","iauc",0.622714033878611
"Temporal validation cohort","IDHmut-intact",12,"3D-CNN","iauc",0.6165081117064779
"Temporal validation cohort","IDHmut-intact",13,"3D-CNN","iauc",0.6629108153910569
"Temporal validation cohort","IDHmut-intact",14,"3D-CNN","iauc",0.5927686473583449
"Temporal validation cohort","IDHmut-intact",15,"3D-CNN","iauc",0.6881559183905187
"Temporal validation cohort","IDHmut-intact",16,"3D-CNN","iauc",0.5313663365187103
"Temporal validation cohort","IDHmut-intact",17,"3D-CNN","iauc",0.7424245173688205
"Temporal validation cohort","IDHmut-intact",18,"3D-CNN","iauc",0.6143231969760534
"Temporal validation cohort","IDHmut-intact",19,"3D-CNN","iauc",0.5818139720632819
"Temporal validation cohort","IDHmut-intact",20,"3D-CNN","iauc",0.6608584128411942
"Temporal validation cohort","IDHmut-intact",21,"3D-CNN","iauc",0.7685086942946605
"Temporal validation cohort","IDHmut-intact",22,"3D-CNN","iauc",0.67823166377834
"Temporal validation cohort","IDHmut-intact",23,"3D-CNN","iauc",0.6590940706317167
"Temporal validation cohort","IDHmut-intact",24,"3D-CNN","iauc",0.5973644989026617
"Temporal validation cohort","IDHmut-intact",25,"3D-CNN","iauc",0.5616288444375601
"Temporal validation cohort","IDHmut-intact",26,"3D-CNN","iauc",0.63596354820098
"Temporal validation cohort","IDHmut-intact",27,"3D-CNN","iauc",0.6178729971348432
"Temporal validation cohort","IDHmut-intact",28,"3D-CNN","iauc",0.6607281850576077
"Temporal validation cohort","IDHmut-intact",29,"3D-CNN","iauc",0.6037446487083087
"Temporal validation cohort","IDHmut-intact",30,"3D-CNN","iauc",0.5950473588106763
"Temporal validation cohort","IDHmut-intact",31,"3D-CNN","iauc",0.5347580404398046
"Temporal validation cohort","IDHmut-intact",32,"3D-CNN","iauc",0.6893952096089265
"Temporal validation cohort","IDHmut-intact",33,"3D-CNN","iauc",0.6496073568371666
"Temporal validation cohort","IDHmut-intact",34,"3D-CNN","iauc",0.6439313094272787
"Temporal validation cohort","IDHmut-intact",35,"3D-CNN","iauc",0.5978836649901776
"Temporal validation cohort","IDHmut-intact",36,"3D-CNN","iauc",0.5672612161843117
"Temporal validation cohort","IDHmut-intact",37,"3D-CNN","iauc",0.612809859992004
"Temporal validation cohort","IDHmut-intact",38,"3D-CNN","iauc",0.5703414489226282
"Temporal validation cohort","IDHmut-intact",39,"3D-CNN","iauc",0.644945946689838
"Temporal validation cohort","IDHmut-intact",40,"3D-CNN","iauc",0.7231573247573279
"Temporal validation cohort","IDHmut-intact",41,"3D-CNN","iauc",0.663078131732305
"Temporal validation cohort","IDHmut-intact",42,"3D-CNN","iauc",0.5595190665073371
"Temporal validation cohort","IDHmut-intact",43,"3D-CNN","iauc",0.6397298732358528
"Temporal validation cohort","IDHmut-intact",44,"3D-CNN","iauc",0.5960166757047143
"Temporal validation cohort","IDHmut-intact",45,"3D-CNN","iauc",0.6387433278987074
"Temporal validation cohort","IDHmut-intact",46,"3D-CNN","iauc",0.6301028389480475
"Temporal validation cohort","IDHmut-intact",47,"3D-CNN","iauc",0.6070743232296902
"Temporal validation cohort","IDHmut-intact",48,"3D-CNN","iauc",0.5952177947261447
"Temporal validation cohort","IDHmut-intact",49,"3D-CNN","iauc",0.7013486070553049
"Temporal validation cohort","IDHmut-intact",50,"3D-CNN","iauc",0.7231478405734652
"Temporal validation cohort","IDHmut-intact",51,"3D-CNN","iauc",0.5835167704946156
"Temporal validation cohort","IDHmut-intact",52,"3D-CNN","iauc",0.5122914208076549
"Temporal validation cohort","IDHmut-intact",53,"3D-CNN","iauc",0.5843963567137561
"Temporal validation cohort","IDHmut-intact",54,"3D-CNN","iauc",0.6564833445751612
"Temporal validation cohort","IDHmut-intact",55,"3D-CNN","iauc",0.7815496037794725
"Temporal validation cohort","IDHmut-intact",56,"3D-CNN","iauc",0.5452570212529962
"Temporal validation cohort","IDHmut-intact",57,"3D-CNN","iauc",0.7003607159650412
"Temporal validation cohort","IDHmut-intact",58,"3D-CNN","iauc",0.7108385978687317
"Temporal validation cohort","IDHmut-intact",59,"3D-CNN","iauc",0.6691997788806722
"Temporal validation cohort","IDHmut-intact",60,"3D-CNN","iauc",0.699321234733867
"Temporal validation cohort","IDHmut-intact",61,"3D-CNN","iauc",0.5540048608693522
"Temporal validation cohort","IDHmut-intact",62,"3D-CNN","iauc",0.6319440738961171
"Temporal validation cohort","IDHmut-intact",63,"3D-CNN","iauc",0.5574225855171142
"Temporal validation cohort","IDHmut-intact",64,"3D-CNN","iauc",0.685933356385309
"Temporal validation cohort","IDHmut-intact",65,"3D-CNN","iauc",0.6761618385323905
"Temporal validation cohort","IDHmut-intact",66,"3D-CNN","iauc",0.6501904459565612
"Temporal validation cohort","IDHmut-intact",67,"3D-CNN","iauc",0.5015590433176808
"Temporal validation cohort","IDHmut-intact",68,"3D-CNN","iauc",0.5925057789213887
"Temporal validation cohort","IDHmut-intact",69,"3D-CNN","iauc",0.5622528767534749
"Temporal validation cohort","IDHmut-intact",70,"3D-CNN","iauc",0.6450085134819946
"Temporal validation cohort","IDHmut-intact",71,"3D-CNN","iauc",0.6477061210494545
"Temporal validation cohort","IDHmut-intact",72,"3D-CNN","iauc",0.7505076500282251
"Temporal validation cohort","IDHmut-intact",73,"3D-CNN","iauc",0.6727913315182926
"Temporal validation cohort","IDHmut-intact",74,"3D-CNN","iauc",0.7193036797025381
"Temporal validation cohort","IDHmut-intact",75,"3D-CNN","iauc",0.6842695863008722
"Temporal validation cohort","IDHmut-intact",76,"3D-CNN","iauc",0.572054652514057
"Temporal validation cohort","IDHmut-intact",77,"3D-CNN","iauc",0.6767999257185069
"Temporal validation cohort","IDHmut-intact",78,"3D-CNN","iauc",0.4837957262896377
"Temporal validation cohort","IDHmut-intact",79,"3D-CNN","iauc",0.6155403593054936
"Temporal validation cohort","IDHmut-intact",80,"3D-CNN","iauc",0.630816704910726
"Temporal validation cohort","IDHmut-intact",81,"3D-CNN","iauc",0.6392099765691619
"Temporal validation cohort","IDHmut-intact",82,"3D-CNN","iauc",0.6992156844947016
"Temporal validation cohort","IDHmut-intact",83,"3D-CNN","iauc",0.6509589294963171
"Temporal validation cohort","IDHmut-intact",84,"3D-CNN","iauc",0.6901818974515276
"Temporal validation cohort","IDHmut-intact",85,"3D-CNN","iauc",0.7103194498201415
"Temporal validation cohort","IDHmut-intact",86,"3D-CNN","iauc",0.5959470759632797
"Temporal validation cohort","IDHmut-intact",87,"3D-CNN","iauc",0.6237954599860046
"Temporal validation cohort","IDHmut-intact",88,"3D-CNN","iauc",0.7416592198663639
"Temporal validation cohort","IDHmut-intact",89,"3D-CNN","iauc",0.7562121204280722
"Temporal validation cohort","IDHmut-intact",90,"3D-CNN","iauc",0.7349655861357814
"Temporal validation cohort","IDHmut-intact",91,"3D-CNN","iauc",0.7383581673095828
"Temporal validation cohort","IDHmut-intact",92,"3D-CNN","iauc",0.582044794778404
"Temporal validation cohort","IDHmut-intact",93,"3D-CNN","iauc",0.5933528807882292
"Temporal validation cohort","IDHmut-intact",94,"3D-CNN","iauc",0.5321081556844337
"Temporal validation cohort","IDHmut-intact",95,"3D-CNN","iauc",0.6813703564234973
"Temporal validation cohort","IDHmut-intact",96,"3D-CNN","iauc",0.5230322752796062
"Temporal validation cohort","IDHmut-intact",97,"3D-CNN","iauc",0.6611932040097853
"Temporal validation cohort","IDHmut-intact",98,"3D-CNN","iauc",0.7167914655394981
"Temporal validation cohort","IDHmut-intact",99,"3D-CNN","iauc",0.6937635518933132
"Temporal validation cohort","IDHmut-intact",100,"3D-CNN","iauc",0.5906384890927728
"Temporal validation cohort","IDHmut-intact",1,"Clinicoradiologic","iauc",0.6644892242237108
"Temporal validation cohort","IDHmut-intact",2,"Clinicoradiologic","iauc",0.6708542956530779
"Temporal validation cohort","IDHmut-intact",3,"Clinicoradiologic","iauc",0.6006969174574225
"Temporal validation cohort","IDHmut-intact",4,"Clinicoradiologic","iauc",0.8187240560465817
"Temporal validation cohort","IDHmut-intact",5,"Clinicoradiologic","iauc",0.6567506255483143
"Temporal validation cohort","IDHmut-intact",6,"Clinicoradiologic","iauc",0.5512171846056882
"Temporal validation cohort","IDHmut-intact",7,"Clinicoradiologic","iauc",0.6592030278694397
"Temporal validation cohort","IDHmut-intact",8,"Clinicoradiologic","iauc",0.6057983140243142
"Temporal validation cohort","IDHmut-intact",9,"Clinicoradiologic","iauc",0.6498862092536777
"Temporal validation cohort","IDHmut-intact",10,"Clinicoradiologic","iauc",0.7892714384391066
"Temporal validation cohort","IDHmut-intact",11,"Clinicoradiologic","iauc",0.6573891492645039
"Temporal validation cohort","IDHmut-intact",12,"Clinicoradiologic","iauc",0.7396680258066571
"Temporal validation cohort","IDHmut-intact",13,"Clinicoradiologic","iauc",0.5897759665581865
"Temporal validation cohort","IDHmut-intact",14,"Clinicoradiologic","iauc",0.5849243782633802
"Temporal validation cohort","IDHmut-intact",15,"Clinicoradiologic","iauc",0.6537923237045316
"Temporal validation cohort","IDHmut-intact",16,"Clinicoradiologic","iauc",0.5201109556542974
"Temporal validation cohort","IDHmut-intact",17,"Clinicoradiologic","iauc",0.6503833612300851
"Temporal validation cohort","IDHmut-intact",18,"Clinicoradiologic","iauc",0.593410613462287
"Temporal validation cohort","IDHmut-intact",19,"Clinicoradiologic","iauc",0.6228484490738003
"Temporal validation cohort","IDHmut-intact",20,"Clinicoradiologic","iauc",0.6803729922212365
"Temporal validation cohort","IDHmut-intact",21,"Clinicoradiologic","iauc",0.6623626096628524
"Temporal validation cohort","IDHmut-intact",22,"Clinicoradiologic","iauc",0.7118691470126776
"Temporal validation cohort","IDHmut-intact",23,"Clinicoradiologic","iauc",0.6309424290471626
"Temporal validation cohort","IDHmut-intact",24,"Clinicoradiologic","iauc",0.5815420242110921
"Temporal validation cohort","IDHmut-intact",25,"Clinicoradiologic","iauc",0.6279750348157243
"Temporal validation cohort","IDHmut-intact",26,"Clinicoradiologic","iauc",0.6362359087285012
"Temporal validation cohort","IDHmut-intact",27,"Clinicoradiologic","iauc",0.7947143034446521
"Temporal validation cohort","IDHmut-intact",28,"Clinicoradiologic","iauc",0.6496715754495213
"Temporal validation cohort","IDHmut-intact",29,"Clinicoradiologic","iauc",0.6599244952170272
"Temporal validation cohort","IDHmut-intact",30,"Clinicoradiologic","iauc",0.5122878344966246
"Temporal validation cohort","IDHmut-intact",31,"Clinicoradiologic","iauc",0.6124893150412998
"Temporal validation cohort","IDHmut-intact",32,"Clinicoradiologic","iauc",0.6951323007930988
"Temporal validation cohort","IDHmut-intact",33,"Clinicoradiologic","iauc",0.6688547584948638
"Temporal validation cohort","IDHmut-intact",34,"Clinicoradiologic","iauc",0.6098904179071418
"Temporal validation cohort","IDHmut-intact",35,"Clinicoradiologic","iauc",0.6341994882818308
"Temporal validation cohort","IDHmut-intact",36,"Clinicoradiologic","iauc",0.6407273497864946
"Temporal validation cohort","IDHmut-intact",37,"Clinicoradiologic","iauc",0.6343257219616617
"Temporal validation cohort","IDHmut-intact",38,"Clinicoradiologic","iauc",0.6702607267924728
"Temporal validation cohort","IDHmut-intact",39,"Clinicoradiologic","iauc",0.660461175804477
"Temporal validation cohort","IDHmut-intact",40,"Clinicoradiologic","iauc",0.5948774120903022
"Temporal validation cohort","IDHmut-intact",41,"Clinicoradiologic","iauc",0.5708441493818533
"Temporal validation cohort","IDHmut-intact",42,"Clinicoradiologic","iauc",0.6138958520738754
"Temporal validation cohort","IDHmut-intact",43,"Clinicoradiologic","iauc",0.7436266911218238
"Temporal validation cohort","IDHmut-intact",44,"Clinicoradiologic","iauc",0.6325027722722358
"Temporal validation cohort","IDHmut-intact",45,"Clinicoradiologic","iauc",0.6266567835947311
"Temporal validation cohort","IDHmut-intact",46,"Clinicoradiologic","iauc",0.6536007951089329
"Temporal validation cohort","IDHmut-intact",47,"Clinicoradiologic","iauc",0.64807676151551
"Temporal validation cohort","IDHmut-intact",48,"Clinicoradiologic","iauc",0.6373703341066389
"Temporal validation cohort","IDHmut-intact",49,"Clinicoradiologic","iauc",0.7119705521319
"Temporal validation cohort","IDHmut-intact",50,"Clinicoradiologic","iauc",0.6695503498813389
"Temporal validation cohort","IDHmut-intact",51,"Clinicoradiologic","iauc",0.5186224474468047
"Temporal validation cohort","IDHmut-intact",52,"Clinicoradiologic","iauc",0.6004335984071908
"Temporal validation cohort","IDHmut-intact",53,"Clinicoradiologic","iauc",0.6010742249774653
"Temporal validation cohort","IDHmut-intact",54,"Clinicoradiologic","iauc",0.6731794197509093
"Temporal validation cohort","IDHmut-intact",55,"Clinicoradiologic","iauc",0.6800609574951061
"Temporal validation cohort","IDHmut-intact",56,"Clinicoradiologic","iauc",0.5879569244808761
"Temporal validation cohort","IDHmut-intact",57,"Clinicoradiologic","iauc",0.6189825437298866
"Temporal validation cohort","IDHmut-intact",58,"Clinicoradiologic","iauc",0.5850051415993792
"Temporal validation cohort","IDHmut-intact",59,"Clinicoradiologic","iauc",0.7123126921814779
"Temporal validation cohort","IDHmut-intact",60,"Clinicoradiologic","iauc",0.6699992476907718
"Temporal validation cohort","IDHmut-intact",61,"Clinicoradiologic","iauc",0.6085505916469784
"Temporal validation cohort","IDHmut-intact",62,"Clinicoradiologic","iauc",0.709520533292872
"Temporal validation cohort","IDHmut-intact",63,"Clinicoradiologic","iauc",0.6547642486259907
"Temporal validation cohort","IDHmut-intact",64,"Clinicoradiologic","iauc",0.5769302666743069
"Temporal validation cohort","IDHmut-intact",65,"Clinicoradiologic","iauc",0.6938646488049204
"Temporal validation cohort","IDHmut-intact",66,"Clinicoradiologic","iauc",0.65120450130873
"Temporal validation cohort","IDHmut-intact",67,"Clinicoradiologic","iauc",0.5897545255701946
"Temporal validation cohort","IDHmut-intact",68,"Clinicoradiologic","iauc",0.5788724389791331
"Temporal validation cohort","IDHmut-intact",69,"Clinicoradiologic","iauc",0.6387505406032992
"Temporal validation cohort","IDHmut-intact",70,"Clinicoradiologic","iauc",0.6704104974512611
"Temporal validation cohort","IDHmut-intact",71,"Clinicoradiologic","iauc",0.6352039851661044
"Temporal validation cohort","IDHmut-intact",72,"Clinicoradiologic","iauc",0.6385476385844824
"Temporal validation cohort","IDHmut-intact",73,"Clinicoradiologic","iauc",0.597862717196048
"Temporal validation cohort","IDHmut-intact",74,"Clinicoradiologic","iauc",0.6129215460125318
"Temporal validation cohort","IDHmut-intact",75,"Clinicoradiologic","iauc",0.67328248913615385
"Temporal validation cohort","IDHmut-intact",76,"Clinicoradiologic","iauc",0.6312309168818994
"Temporal validation cohort","IDHmut-intact",77,"Clinicoradiologic","iauc",0.6611762919620413
"Temporal validation cohort","IDHmut-intact",78,"Clinicoradiologic","iauc",0.5901874047883185
"Temporal validation cohort","IDHmut-intact",79,"Clinicoradiologic","iauc",0.669681129457061
"Temporal validation cohort","IDHmut-intact",80,"Clinicoradiologic","iauc",0.7016994418790411
"Temporal validation cohort","IDHmut-intact",81,"Clinicoradiologic","iauc",0.6788320028398168
"Temporal validation cohort","IDHmut-intact",82,"Clinicoradiologic","iauc",0.6982261401458102
"Temporal validation cohort","IDHmut-intact",83,"Clinicoradiologic","iauc",0.6269685937967991
"Temporal validation cohort","IDHmut-intact",84,"Clinicoradiologic","iauc",0.745828912545177
"Temporal validation cohort","IDHmut-intact",85,"Clinicoradiologic","iauc",0.6926293038163245
"Temporal validation cohort","IDHmut-intact",86,"Clinicoradiologic","iauc",0.7336917816215519
"Temporal validation cohort","IDHmut-intact",87,"Clinicoradiologic","iauc",0.6974889177818421
"Temporal validation cohort","IDHmut-intact",88,"Clinicoradiologic","iauc",0.6554295878148049
"Temporal validation cohort","IDHmut-intact",89,"Clinicoradiologic","iauc",0.725448350349857
"Temporal validation cohort","IDHmut-intact",90,"Clinicoradiologic","iauc",0.6707076760265165
"Temporal validation cohort","IDHmut-intact",91,"Clinicoradiologic","iauc",0.6744035037082916
"Temporal validation cohort","IDHmut-intact",92,"Clinicoradiologic","iauc",0.6197862466975425
"Temporal validation cohort","IDHmut-intact",93,"Clinicoradiologic","iauc",0.5876514161714746
"Temporal validation cohort","IDHmut-intact",94,"Clinicoradiologic","iauc",0.7069640368742597
"Temporal validation cohort","IDHmut-intact",95,"Clinicoradiologic","iauc",0.5963863849815766
"Temporal validation cohort","IDHmut-intact",96,"Clinicoradiologic","iauc",0.6467598059089877
"Temporal validation cohort","IDHmut-intact",97,"Clinicoradiologic","iauc",0.6317985043516183
"Temporal validation cohort","IDHmut-intact",98,"Clinicoradiologic","iauc",0.7550719489811598
"Temporal validation cohort","IDHmut-intact",99,"Clinicoradiologic","iauc",0.707644650284179
"Temporal validation cohort","IDHmut-intact",100,"Clinicoradiologic","iauc",0.5518275083357127
"Temporal validation cohort","IDHmut-intact",1,"3D-ViT","iauc",0.6737339689160363
"Temporal validation cohort","IDHmut-intact",2,"3D-ViT","iauc",0.7320506423226747
"Temporal validation cohort","IDHmut-intact",3,"3D-ViT","iauc",0.6676112107800645
"Temporal validation cohort","IDHmut-intact",4,"3D-ViT","iauc",0.6707440581209839
"Temporal validation cohort","IDHmut-intact",5,"3D-ViT","iauc",0.6889497653130197
"Temporal validation cohort","IDHmut-intact",6,"3D-ViT","iauc",0.7115794642178463
"Temporal validation cohort","IDHmut-intact",7,"3D-ViT","iauc",0.7806298483389985
"Temporal validation cohort","IDHmut-intact",8,"3D-ViT","iauc",0.7664271379558328
"Temporal validation cohort","IDHmut-intact",9,"3D-ViT","iauc",0.7267389658344776
"Temporal validation cohort","IDHmut-intact",10,"3D-ViT","iauc",0.8320333449983871
"Temporal validation cohort","IDHmut-intact",11,"3D-ViT","iauc",0.7615928067575386
"Temporal validation cohort","IDHmut-intact",12,"3D-ViT","iauc",0.6455958998579845
"Temporal validation cohort","IDHmut-intact",13,"3D-ViT","iauc",0.6985651788181187
"Temporal validation cohort","IDHmut-intact",14,"3D-ViT","iauc",0.6755223068341984
"Temporal validation cohort","IDHmut-intact",15,"3D-ViT","iauc",0.781200695378921
"Temporal validation cohort","IDHmut-intact",16,"3D-ViT","iauc",0.6673925134631989
"Temporal validation cohort","IDHmut-intact",17,"3D-ViT","iauc",0.8235304990602331
"Temporal validation cohort","IDHmut-intact",18,"3D-ViT","iauc",0.6464703034960533
"Temporal validation cohort","IDHmut-intact",19,"3D-ViT","iauc",0.6900045938069405
"Temporal validation cohort","IDHmut-intact",20,"3D-ViT","iauc",0.7156027321817474
"Temporal validation cohort","IDHmut-intact",21,"3D-ViT","iauc",0.845951989235226
"Temporal validation cohort","IDHmut-intact",22,"3D-ViT","iauc",0.7574321842293904
"Temporal validation cohort","IDHmut-intact",23,"3D-ViT","iauc",0.7769299492727637
"Temporal validation cohort","IDHmut-intact",24,"3D-ViT","iauc",0.6787902491205031
"Temporal validation cohort","IDHmut-intact",25,"3D-ViT","iauc",0.672558863226363
"Temporal validation cohort","IDHmut-intact",26,"3D-ViT","iauc",0.7201009924350984
"Temporal validation cohort","IDHmut-intact",27,"3D-ViT","iauc",0.6954619014458187
"Temporal validation cohort","IDHmut-intact",28,"3D-ViT","iauc",0.770133359453863
"Temporal validation cohort","IDHmut-intact",29,"3D-ViT","iauc",0.6689464938619084
"Temporal validation cohort","IDHmut-intact",30,"3D-ViT","iauc",0.7376365951710968
"Temporal validation cohort","IDHmut-intact",31,"3D-ViT","iauc",0.6374328637564838
"Temporal validation cohort","IDHmut-intact",32,"3D-ViT","iauc",0.7971873300651091
"Temporal validation cohort","IDHmut-intact",33,"3D-ViT","iauc",0.7432385258609165
"Temporal validation cohort","IDHmut-intact",34,"3D-ViT","iauc",0.737399075808813
"Temporal validation cohort","IDHmut-intact",35,"3D-ViT","iauc",0.6372089958507361
"Temporal validation cohort","IDHmut-intact",36,"3D-ViT","iauc",0.6141884749687665
"Temporal validation cohort","IDHmut-intact",37,"3D-ViT","iauc",0.742726536949844
"Temporal validation cohort","IDHmut-intact",38,"3D-ViT","iauc",0.6953689709203327
"Temporal validation cohort","IDHmut-intact",39,"3D-ViT","iauc",0.72500575433817
"Temporal validation cohort","IDHmut-intact",40,"3D-ViT","iauc",0.7808697226567206
"Temporal validation cohort","IDHmut-intact",41,"3D-ViT","iauc",0.7507075321199104
"Temporal validation cohort","IDHmut-intact",42,"3D-ViT","iauc",0.6585590514803557
"Temporal validation cohort","IDHmut-intact",43,"3D-ViT","iauc",0.7568423139447853
"Temporal validation cohort","IDHmut-intact",44,"3D-ViT","iauc",0.7193765663610368
"Temporal validation cohort","IDHmut-intact",45,"3D-ViT","iauc",0.7326294292380179
"Temporal validation cohort","IDHmut-intact",46,"3D-ViT","iauc",0.7130756292034488
"Temporal validation cohort","IDHmut-intact",47,"3D-ViT","iauc",0.7390835261631646
"Temporal validation cohort","IDHmut-intact",48,"3D-ViT","iauc",0.665608606413313
"Temporal validation cohort","IDHmut-intact",49,"3D-ViT","iauc",0.7702058225028575
"Temporal validation cohort","IDHmut-intact",50,"3D-ViT","iauc",0.7646937238914115
"Temporal validation cohort","IDHmut-intact",51,"3D-ViT","iauc",0.6901901074477462
"Temporal validation cohort","IDHmut-intact",52,"3D-ViT","iauc",0.5976559776755397
"Temporal validation cohort","IDHmut-intact",53,"3D-ViT","iauc",0.6911576112031863
"Temporal validation cohort","IDHmut-intact",54,"3D-ViT","iauc",0.7739349261841834
"Temporal validation cohort","IDHmut-intact",55,"3D-ViT","iauc",0.8737453795205151
"Temporal validation cohort","IDHmut-intact",56,"3D-ViT","iauc",0.6525469624334267
"Temporal validation cohort","IDHmut-intact",57,"3D-ViT","iauc",0.8074218900835138
"Temporal validation cohort","IDHmut-intact",58,"3D-ViT","iauc",0.8181644310611808
"Temporal validation cohort","IDHmut-intact",59,"3D-ViT","iauc",0.746272920132281
"Temporal validation cohort","IDHmut-intact",60,"3D-ViT","iauc",0.7607612189974465
"Temporal validation cohort","IDHmut-intact",61,"3D-ViT","iauc",0.6237562370685582
"Temporal validation cohort","IDHmut-intact",62,"3D-ViT","iauc",0.7330898154977852
"Temporal validation cohort","IDHmut-intact",63,"3D-ViT","iauc",0.686368408452461
"Temporal validation cohort","IDHmut-intact",64,"3D-ViT","iauc",0.7972770642988268
"Temporal validation cohort","IDHmut-intact",65,"3D-ViT","iauc",0.7781962664272325
"Temporal validation cohort","IDHmut-intact",66,"3D-ViT","iauc",0.7502807677126234
"Temporal validation cohort","IDHmut-intact",67,"3D-ViT","iauc",0.5873717639567955
"Temporal validation cohort","IDHmut-intact",68,"3D-ViT","iauc",0.6993319702634687
"Temporal validation cohort","IDHmut-intact",69,"3D-ViT","iauc",0.6784724989485282
"Temporal validation cohort","IDHmut-intact",70,"3D-ViT","iauc",0.7102719103879086
"Temporal validation cohort","IDHmut-intact",71,"3D-ViT","iauc",0.7173497094051547
"Temporal validation cohort","IDHmut-intact",72,"3D-ViT","iauc",0.8664469557805573
"Temporal validation cohort","IDHmut-intact",73,"3D-ViT","iauc",0.7504636363287172
"Temporal validation cohort","IDHmut-intact",74,"3D-ViT","iauc",0.807437823604056
"Temporal validation cohort","IDHmut-intact",75,"3D-ViT","iauc",0.7627593336678394
"Temporal validation cohort","IDHmut-intact",76,"3D-ViT","iauc",0.6782023058285971
"Temporal validation cohort","IDHmut-intact",77,"3D-ViT","iauc",0.7411320782336207
"Temporal validation cohort","IDHmut-intact",78,"3D-ViT","iauc",0.5831123963867951
"Temporal validation cohort","IDHmut-intact",79,"3D-ViT","iauc",0.7264850900037572
"Temporal validation cohort","IDHmut-intact",80,"3D-ViT","iauc",0.7132690436539474
"Temporal validation cohort","IDHmut-intact",81,"3D-ViT","iauc",0.7245723852790632
"Temporal validation cohort","IDHmut-intact",82,"3D-ViT","iauc",0.7994382857280034
"Temporal validation cohort","IDHmut-intact",83,"3D-ViT","iauc",0.7469659232102032
"Temporal validation cohort","IDHmut-intact",84,"3D-ViT","iauc",0.738920553334907
"Temporal validation cohort","IDHmut-intact",85,"3D-ViT","iauc",0.7767257239428049
"Temporal validation cohort","IDHmut-intact",86,"3D-ViT","iauc",0.7163460249127864
"Temporal validation cohort","IDHmut-intact",87,"3D-ViT","iauc",0.7252020056829146
"Temporal validation cohort","IDHmut-intact",88,"3D-ViT","iauc",0.7909153187336072
"Temporal validation cohort","IDHmut-intact",89,"3D-ViT","iauc",0.8125832401780594
"Temporal validation cohort","IDHmut-intact",90,"3D-ViT","iauc",0.8257617987799556
"Temporal validation cohort","IDHmut-intact",91,"3D-ViT","iauc",0.8181427308758215
"Temporal validation cohort","IDHmut-intact",92,"3D-ViT","iauc",0.6745052124955991
"Temporal validation cohort","IDHmut-intact",93,"3D-ViT","iauc",0.7319720334245008
"Temporal validation cohort","IDHmut-intact",94,"3D-ViT","iauc",0.6487614829178631
"Temporal validation cohort","IDHmut-intact",95,"3D-ViT","iauc",0.8029194852804331
"Temporal validation cohort","IDHmut-intact",96,"3D-ViT","iauc",0.6651326630466211
"Temporal validation cohort","IDHmut-intact",97,"3D-ViT","iauc",0.7498991659631822
"Temporal validation cohort","IDHmut-intact",98,"3D-ViT","iauc",0.7884271118430107
"Temporal validation cohort","IDHmut-intact",99,"3D-ViT","iauc",0.7292519253767846
"Temporal validation cohort","IDHmut-intact",100,"3D-ViT","iauc",0.6812890802987827
"Temporal validation cohort","IDHmut-intact",1,"CR-ViT","iauc",0.7314551040326578
"Temporal validation cohort","IDHmut-intact",2,"CR-ViT","iauc",0.7326061010579903
"Temporal validation cohort","IDHmut-intact",3,"CR-ViT","iauc",0.6934581040317301
"Temporal validation cohort","IDHmut-intact",4,"CR-ViT","iauc",0.8019626921687004
"Temporal validation cohort","IDHmut-intact",5,"CR-ViT","iauc",0.7464879263437271
"Temporal validation cohort","IDHmut-intact",6,"CR-ViT","iauc",0.7087388128225347
"Temporal validation cohort","IDHmut-intact",7,"CR-ViT","iauc",0.8039480761205461
"Temporal validation cohort","IDHmut-intact",8,"CR-ViT","iauc",0.7725903713932497
"Temporal validation cohort","IDHmut-intact",9,"CR-ViT","iauc",0.7521378351294703
"Temporal validation cohort","IDHmut-intact",10,"CR-ViT","iauc",0.9026856276686426
"Temporal validation cohort","IDHmut-intact",11,"CR-ViT","iauc",0.8024817860040514
"Temporal validation cohort","IDHmut-intact",12,"CR-ViT","iauc",0.7549992322382406
"Temporal validation cohort","IDHmut-intact",13,"CR-ViT","iauc",0.7137636293549944
"Temporal validation cohort","IDHmut-intact",14,"CR-ViT","iauc",0.6761429566832134
"Temporal validation cohort","IDHmut-intact",15,"CR-ViT","iauc",0.7777303447765315
"Temporal validation cohort","IDHmut-intact",16,"CR-ViT","iauc",0.6727132087979754
"Temporal validation cohort","IDHmut-intact",17,"CR-ViT","iauc",0.8099364301795001
"Temporal validation cohort","IDHmut-intact",18,"CR-ViT","iauc",0.6779583042144096
"Temporal validation cohort","IDHmut-intact",19,"CR-ViT","iauc",0.7203979870440226
"Temporal validation cohort","IDHmut-intact",20,"CR-ViT","iauc",0.7493451672896344
"Temporal validation cohort","IDHmut-intact",21,"CR-ViT","iauc",0.824348993364626
"Temporal validation cohort","IDHmut-intact",22,"CR-ViT","iauc",0.83010886564641
"Temporal validation cohort","IDHmut-intact",23,"CR-ViT","iauc",0.7870591783263272
"Temporal validation cohort","IDHmut-intact",24,"CR-ViT","iauc",0.6854940033851378
"Temporal validation cohort","IDHmut-intact",25,"CR-ViT","iauc",0.7042306271922866
"Temporal validation cohort","IDHmut-intact",26,"CR-ViT","iauc",0.7519082222976353
"Temporal validation cohort","IDHmut-intact",27,"CR-ViT","iauc",0.818909680829916
"Temporal validation cohort","IDHmut-intact",28,"CR-ViT","iauc",0.7767032805034065
"Temporal validation cohort","IDHmut-intact",29,"CR-ViT","iauc",0.7037323368325726
"Temporal validation cohort","IDHmut-intact",30,"CR-ViT","iauc",0.7058016864016304
"Temporal validation cohort","IDHmut-intact",31,"CR-ViT","iauc",0.6752808030480424
"Temporal validation cohort","IDHmut-intact",32,"CR-ViT","iauc",0.84341428901175
"Temporal validation cohort","IDHmut-intact",33,"CR-ViT","iauc",0.7727975520522672
"Temporal validation cohort","IDHmut-intact",34,"CR-ViT","iauc",0.7382978829891855
"Temporal validation cohort","IDHmut-intact",35,"CR-ViT","iauc",0.6839722662012865
"Temporal validation cohort","IDHmut-intact",36,"CR-ViT","iauc",0.6889110416777292
"Temporal validation cohort","IDHmut-intact",37,"CR-ViT","iauc",0.754928935483788
"Temporal validation cohort","IDHmut-intact",38,"CR-ViT","iauc",0.7199962640913035
"Temporal validation cohort","IDHmut-intact",39,"CR-ViT","iauc",0.7611055451995347
"Temporal validation cohort","IDHmut-intact",40,"CR-ViT","iauc",0.777121673109681
"Temporal validation cohort","IDHmut-intact",41,"CR-ViT","iauc",0.7336350843575847
"Temporal validation cohort","IDHmut-intact",42,"CR-ViT","iauc",0.7047322077526968
"Temporal validation cohort","IDHmut-intact",43,"CR-ViT","iauc",0.8315930459319734
"Temporal validation cohort","IDHmut-intact",44,"CR-ViT","iauc",0.7447763092140302
"Temporal validation cohort","IDHmut-intact",45,"CR-ViT","iauc",0.7695996295711731
"Temporal validation cohort","IDHmut-intact",46,"CR-ViT","iauc",0.7502143939297675
"Temporal validation cohort","IDHmut-intact",47,"CR-ViT","iauc",0.7732277804719853
"Temporal validation cohort","IDHmut-intact",48,"CR-ViT","iauc",0.7094689965622171
"Temporal validation cohort","IDHmut-intact",49,"CR-ViT","iauc",0.8128212011928843
"Temporal validation cohort","IDHmut-intact",50,"CR-ViT","iauc",0.7821253619568919
"Temporal validation cohort","IDHmut-intact",51,"CR-ViT","iauc",0.6672962429417154
"Temporal validation cohort","IDHmut-intact",52,"CR-ViT","iauc",0.6082472297871327
"Temporal validation cohort","IDHmut-intact",53,"CR-ViT","iauc",0.7332863031790322
"Temporal validation cohort","IDHmut-intact",54,"CR-ViT","iauc",0.8067023009537967
"Temporal validation cohort","IDHmut-intact",55,"CR-ViT","iauc",0.8577712032792277
"Temporal validation cohort","IDHmut-intact",56,"CR-ViT","iauc",0.6826165911936848
"Temporal validation cohort","IDHmut-intact",57,"CR-ViT","iauc",0.8073970361626938
"Temporal validation cohort","IDHmut-intact",58,"CR-ViT","iauc",0.7859179385795856
"Temporal validation cohort","IDHmut-intact",59,"CR-ViT","iauc",0.8203166802555183
"Temporal validation cohort","IDHmut-intact",60,"CR-ViT","iauc",0.7836444050835377
"Temporal validation cohort","IDHmut-intact",61,"CR-ViT","iauc",0.6757894038669273
"Temporal validation cohort","IDHmut-intact",62,"CR-ViT","iauc",0.7834875446404942
"Temporal validation cohort","IDHmut-intact",63,"CR-ViT","iauc",0.7343221918101235
"Temporal validation cohort","IDHmut-intact",64,"CR-ViT","iauc",0.7614770674967646
"Temporal validation cohort","IDHmut-intact",65,"CR-ViT","iauc",0.8127849072029266
"Temporal validation cohort","IDHmut-intact",66,"CR-ViT","iauc",0.7776422299011903
"Temporal validation cohort","IDHmut-intact",67,"CR-ViT","iauc",0.6653013752851469
"Temporal validation cohort","IDHmut-intact",68,"CR-ViT","iauc",0.7183612431165414
"Temporal validation cohort","IDHmut-intact",69,"CR-ViT","iauc",0.7510017964933852
"Temporal validation cohort","IDHmut-intact",70,"CR-ViT","iauc",0.7407382946379869
"Temporal validation cohort","IDHmut-intact",71,"CR-ViT","iauc",0.7190931706071918
"Temporal validation cohort","IDHmut-intact",72,"CR-ViT","iauc",0.8280656218435638
"Temporal validation cohort","IDHmut-intact",73,"CR-ViT","iauc",0.7703109998770198
"Temporal validation cohort","IDHmut-intact",74,"CR-ViT","iauc",0.7944636800627738
"Temporal validation cohort","IDHmut-intact",75,"CR-ViT","iauc",0.7659675506775744
"Temporal validation cohort","IDHmut-intact",76,"CR-ViT","iauc",0.7341018105897923
"Temporal validation cohort","IDHmut-intact",77,"CR-ViT","iauc",0.7851295671889217
"Temporal validation cohort","IDHmut-intact",78,"CR-ViT","iauc",0.6147801618818939
"Temporal validation cohort","IDHmut-intact",79,"CR-ViT","iauc",0.7397027004929179
"Temporal validation cohort","IDHmut-intact",80,"CR-ViT","iauc",0.7590776280559847
"Temporal validation cohort","IDHmut-intact",81,"CR-ViT","iauc",0.747002506330707
"Temporal validation cohort","IDHmut-intact",82,"CR-ViT","iauc",0.8398833305656548
"Temporal validation cohort","IDHmut-intact",83,"CR-ViT","iauc",0.739843174354268
"Temporal validation cohort","IDHmut-intact",84,"CR-ViT","iauc",0.8090897276986498
"Temporal validation cohort","IDHmut-intact",85,"CR-ViT","iauc",0.8419355339005105
"Temporal validation cohort","IDHmut-intact",86,"CR-ViT","iauc",0.7909035066660096
"Temporal validation cohort","IDHmut-intact",87,"CR-ViT","iauc",0.7554050874308135
"Temporal validation cohort","IDHmut-intact",88,"CR-ViT","iauc",0.808718868222424
"Temporal validation cohort","IDHmut-intact",89,"CR-ViT","iauc",0.8331602369069705
"Temporal validation cohort","IDHmut-intact",90,"CR-ViT","iauc",0.830693435305439
"Temporal validation cohort","IDHmut-intact",91,"CR-ViT","iauc",0.8204377591468313
"Temporal validation cohort","IDHmut-intact",92,"CR-ViT","iauc",0.7296666325716562
"Temporal validation cohort","IDHmut-intact",93,"CR-ViT","iauc",0.73400814604746345
"Temporal validation cohort","IDHmut-intact",94,"CR-ViT","iauc",0.7666883626366009
"Temporal validation cohort","IDHmut-intact",95,"CR-ViT","iauc",0.7731251959524925
"Temporal validation cohort","IDHmut-intact",96,"CR-ViT","iauc",0.7230815794105927
"Temporal validation cohort","IDHmut-intact",97,"CR-ViT","iauc",0.7832601792865207
"Temporal validation cohort","IDHmut-intact",98,"CR-ViT","iauc",0.8291046324823649
"Temporal validation cohort","IDHmut-intact",99,"CR-ViT","iauc",0.7780236567762326
"Temporal validation cohort","IDHmut-intact",100,"CR-ViT","iauc",0.6799162874758
"Temporal validation cohort","IDHmut-intact",1,"3D-CNN","ibs",0.19145956739659056
"Temporal validation cohort","IDHmut-intact",2,"3D-CNN","ibs",0.1645536490781409
"Temporal validation cohort","IDHmut-intact",3,"3D-CNN","ibs",0.17667694927382804
"Temporal validation cohort","IDHmut-intact",4,"3D-CNN","ibs",0.2060380068919862
"Temporal validation cohort","IDHmut-intact",5,"3D-CNN","ibs",0.1718785207983799
"Temporal validation cohort","IDHmut-intact",6,"3D-CNN","ibs",0.18712873216141973
"Temporal validation cohort","IDHmut-intact",7,"3D-CNN","ibs",0.1885385196945408
"Temporal validation cohort","IDHmut-intact",8,"3D-CNN","ibs",0.1670596295126966
"Temporal validation cohort","IDHmut-intact",9,"3D-CNN","ibs",0.19910738080656998
"Temporal validation cohort","IDHmut-intact",10,"3D-CNN","ibs",0.16342731723339207
"Temporal validation cohort","IDHmut-intact",11,"3D-CNN","ibs",0.18074681333425988
"Temporal validation cohort","IDHmut-intact",12,"3D-CNN","ibs",0.17702900332689342
"Temporal validation cohort","IDHmut-intact",13,"3D-CNN","ibs",0.19497867073287029
"Temporal validation cohort","IDHmut-intact",14,"3D-CNN","ibs",0.1708454954589978
"Temporal validation cohort","IDHmut-intact",15,"3D-CNN","ibs",0.19468800747498569
"Temporal validation cohort","IDHmut-intact",16,"3D-CNN","ibs",0.19357019777065107
"Temporal validation cohort","IDHmut-intact",17,"3D-CNN","ibs",0.17456792019009562
"Temporal validation cohort","IDHmut-intact",18,"3D-CNN","ibs",0.2161251076897817
"Temporal validation cohort","IDHmut-intact",19,"3D-CNN","ibs",0.20866271070274897
"Temporal validation cohort","IDHmut-intact",20,"3D-CNN","ibs",0.17056996989657228
"Temporal validation cohort","IDHmut-intact",21,"3D-CNN","ibs",0.1848404563857226
"Temporal validation cohort","IDHmut-intact",22,"3D-CNN","ibs",0.1830562536889749
"Temporal validation cohort","IDHmut-intact",23,"3D-CNN","ibs",0.18796731535666286
"Temporal validation cohort","IDHmut-intact",24,"3D-CNN","ibs",0.19357003889557645
"Temporal validation cohort","IDHmut-intact",25,"3D-CNN","ibs",0.20315107196127669
"Temporal validation cohort","IDHmut-intact",26,"3D-CNN","ibs",0.18603875469355521
"Temporal validation cohort","IDHmut-intact",27,"3D-CNN","ibs",0.20084735772332465
"Temporal validation cohort","IDHmut-intact",28,"3D-CNN","ibs",0.18976480481777924
"Temporal validation cohort","IDHmut-intact",29,"3D-CNN","ibs",0.1992606681895519
"Temporal validation cohort","IDHmut-intact",30,"3D-CNN","ibs",0.17848464817496418
"Temporal validation cohort","IDHmut-intact",31,"3D-CNN","ibs",0.18162882999395477
"Temporal validation cohort","IDHmut-intact",32,"3D-CNN","ibs",0.177314525675159
"Temporal validation cohort","IDHmut-intact",33,"3D-CNN","ibs",0.22304714691020652
"Temporal validation cohort","IDHmut-intact",34,"3D-CNN","ibs",0.2005041612348103
"Temporal validation cohort","IDHmut-intact",35,"3D-CNN","ibs",0.19958877409060538
"Temporal validation cohort","IDHmut-intact",36,"3D-CNN","ibs",0.18592720436514484
"Temporal validation cohort","IDHmut-intact",37,"3D-CNN","ibs",0.2176504168424767
"Temporal validation cohort","IDHmut-intact",38,"3D-CNN","ibs",0.19547834815198425
"Temporal validation cohort","IDHmut-intact",39,"3D-CNN","ibs",0.20848293237450727
"Temporal validation cohort","IDHmut-intact",40,"3D-CNN","ibs",0.16712579557754917
"Temporal validation cohort","IDHmut-intact",41,"3D-CNN","ibs",0.1872707419100349
"Temporal validation cohort","IDHmut-intact",42,"3D-CNN","ibs",0.2026524800275345
"Temporal validation cohort","IDHmut-intact",43,"3D-CNN","ibs",0.20245461346614904
"Temporal validation cohort","IDHmut-intact",44,"3D-CNN","ibs",0.21200308782559216
"Temporal validation cohort","IDHmut-intact",45,"3D-CNN","ibs",0.20503019247319357
"Temporal validation cohort","IDHmut-intact",46,"3D-CNN","ibs",0.2017105300974459
"Temporal validation cohort","IDHmut-intact",47,"3D-CNN","ibs",0.17850283007962428
"Temporal validation cohort","IDHmut-intact",48,"3D-CNN","ibs",0.2113538161726307
"Temporal validation cohort","IDHmut-intact",49,"3D-CNN","ibs",0.17986913542747202
"Temporal validation cohort","IDHmut-intact",50,"3D-CNN","ibs",0.16284249125585173
"Temporal validation cohort","IDHmut-intact",51,"3D-CNN","ibs",0.1796363754521633
"Temporal validation cohort","IDHmut-intact",52,"3D-CNN","ibs",0.23895752162910983
"Temporal validation cohort","IDHmut-intact",53,"3D-CNN","ibs",0.2217958780862133
"Temporal validation cohort","IDHmut-intact",54,"3D-CNN","ibs",0.1860797310069591
"Temporal validation cohort","IDHmut-intact",55,"3D-CNN","ibs",0.13422519325232904
"Temporal validation cohort","IDHmut-intact",56,"3D-CNN","ibs",0.20336517584441066
"Temporal validation cohort","IDHmut-intact",57,"3D-CNN","ibs",0.1742823520981959
"Temporal validation cohort","IDHmut-intact",58,"3D-CNN","ibs",0.1773339393185836
"Temporal validation cohort","IDHmut-intact",59,"3D-CNN","ibs",0.15370872851542408
"Temporal validation cohort","IDHmut-intact",60,"3D-CNN","ibs",0.19482467896300004
"Temporal validation cohort","IDHmut-intact",61,"3D-CNN","ibs",0.21296993247265436
"Temporal validation cohort","IDHmut-intact",62,"3D-CNN","ibs",0.18721397098150092
"Temporal validation cohort","IDHmut-intact",63,"3D-CNN","ibs",0.19714702355307717
"Temporal validation cohort","IDHmut-intact",64,"3D-CNN","ibs",0.18554365715066112
"Temporal validation cohort","IDHmut-intact",65,"3D-CNN","ibs",0.16386460505512454
"Temporal validation cohort","IDHmut-intact",66,"3D-CNN","ibs",0.1844445462482149
"Temporal validation cohort","IDHmut-intact",67,"3D-CNN","ibs",0.1958727887326605
"Temporal validation cohort","IDHmut-intact",68,"3D-CNN","ibs",0.2221823399238964
"Temporal validation cohort","IDHmut-intact",69,"3D-CNN","ibs",0.2467001252356363
"Temporal validation cohort","IDHmut-intact",70,"3D-CNN","ibs",0.19980864420508368
"Temporal validation cohort","IDHmut-intact",71,"3D-CNN","ibs",0.19040969367121452
"Temporal validation cohort","IDHmut-intact",72,"3D-CNN","ibs",0.16096035708248302
"Temporal validation cohort","IDHmut-intact",73,"3D-CNN","ibs",0.17508095453798608
"Temporal validation cohort","IDHmut-intact",74,"3D-CNN","ibs",0.20229277478249472
"Temporal validation cohort","IDHmut-intact",75,"3D-CNN","ibs",0.2087947423366652
"Temporal validation cohort","IDHmut-intact",76,"3D-CNN","ibs",0.20860600206296717
"Temporal validation cohort","IDHmut-intact",77,"3D-CNN","ibs",0.1895644239947481
"Temporal validation cohort","IDHmut-intact",78,"3D-CNN","ibs",0.2149113610800173
"Temporal validation cohort","IDHmut-intact",79,"3D-CNN","ibs",0.21124443229715595
"Temporal validation cohort","IDHmut-intact",80,"3D-CNN","ibs",0.1710675113512668
"Temporal validation cohort","IDHmut-intact",81,"3D-CNN","ibs",0.18537549217341187
"Temporal validation cohort","IDHmut-intact",82,"3D-CNN","ibs",0.19743943989239332
"Temporal validation cohort","IDHmut-intact",83,"3D-CNN","ibs",0.20591367871410474
"Temporal validation cohort","IDHmut-intact",84,"3D-CNN","ibs",0.18454853538435975
"Temporal validation cohort","IDHmut-intact",85,"3D-CNN","ibs",0.18374466236558543
"Temporal validation cohort","IDHmut-intact",86,"3D-CNN","ibs",0.21872698727247766
"Temporal validation cohort","IDHmut-intact",87,"3D-CNN","ibs",0.18098400433610035
"Temporal validation cohort","IDHmut-intact",88,"3D-CNN","ibs",0.16750497659811606
"Temporal validation cohort","IDHmut-intact",89,"3D-CNN","ibs",0.16311831243604696
"Temporal validation cohort","IDHmut-intact",90,"3D-CNN","ibs",0.1692849034713659
"Temporal validation cohort","IDHmut-intact",91,"3D-CNN","ibs",0.16312672495176686
"Temporal validation cohort","IDHmut-intact",92,"3D-CNN","ibs",0.2013403704244357
"Temporal validation cohort","IDHmut-intact",93,"3D-CNN","ibs",0.1735295118071595
"Temporal validation cohort","IDHmut-intact",94,"3D-CNN","ibs",0.19706544135834578
"Temporal validation cohort","IDHmut-intact",95,"3D-CNN","ibs",0.172831618652772
"Temporal validation cohort","IDHmut-intact",96,"3D-CNN","ibs",0.1960747250737135
"Temporal validation cohort","IDHmut-intact",97,"3D-CNN","ibs",0.19797109809181754
"Temporal validation cohort","IDHmut-intact",98,"3D-CNN","ibs",0.17724880904465093
"Temporal validation cohort","IDHmut-intact",99,"3D-CNN","ibs",0.15251295129358808
"Temporal validation cohort","IDHmut-intact",100,"3D-CNN","ibs",0.18607957616708654
"Temporal validation cohort","IDHmut-intact",1,"Clinicoradiologic","ibs",0.1952912693063378
"Temporal validation cohort","IDHmut-intact",2,"Clinicoradiologic","ibs",0.17174782139713562
"Temporal validation cohort","IDHmut-intact",3,"Clinicoradiologic","ibs",0.18760344411106766
"Temporal validation cohort","IDHmut-intact",4,"Clinicoradiologic","ibs",0.19374750161952348
"Temporal validation cohort","IDHmut-intact",5,"Clinicoradiologic","ibs",0.16814757126810562
"Temporal validation cohort","IDHmut-intact",6,"Clinicoradiologic","ibs",0.19041916879430473
"Temporal validation cohort","IDHmut-intact",7,"Clinicoradiologic","ibs",0.19557624090406678
"Temporal validation cohort","IDHmut-intact",8,"Clinicoradiologic","ibs",0.19049535626487035
"Temporal validation cohort","IDHmut-intact",9,"Clinicoradiologic","ibs",0.19354426610915798
"Temporal validation cohort","IDHmut-intact",10,"Clinicoradiologic","ibs",0.1528554546883377
"Temporal validation cohort","IDHmut-intact",11,"Clinicoradiologic","ibs",0.18751710630931134
"Temporal validation cohort","IDHmut-intact",12,"Clinicoradiologic","ibs",0.16875031572009302
"Temporal validation cohort","IDHmut-intact",13,"Clinicoradiologic","ibs",0.21707657910268677
"Temporal validation cohort","IDHmut-intact",14,"Clinicoradiologic","ibs",0.1841874194574789
"Temporal validation cohort","IDHmut-intact",15,"Clinicoradiologic","ibs",0.2178126566791207
"Temporal validation cohort","IDHmut-intact",16,"Clinicoradiologic","ibs",0.19774375638040934
"Temporal validation cohort","IDHmut-intact",17,"Clinicoradiologic","ibs",0.19925453472478102
"Temporal validation cohort","IDHmut-intact",18,"Clinicoradiologic","ibs",0.22900727210319252
"Temporal validation cohort","IDHmut-intact",19,"Clinicoradiologic","ibs",0.21349259774339274
"Temporal validation cohort","IDHmut-intact",20,"Clinicoradiologic","ibs",0.180853466156719
"Temporal validation cohort","IDHmut-intact",21,"Clinicoradiologic","ibs",0.20293564992076255
"Temporal validation cohort","IDHmut-intact",22,"Clinicoradiologic","ibs",0.1834191890690759
"Temporal validation cohort","IDHmut-intact",23,"Clinicoradiologic","ibs",0.20246517063304426
"Temporal validation cohort","IDHmut-intact",24,"Clinicoradiologic","ibs",0.20584230014068985
"Temporal validation cohort","IDHmut-intact",25,"Clinicoradiologic","ibs",0.19346721532406227
"Temporal validation cohort","IDHmut-intact",26,"Clinicoradiologic","ibs",0.1952077036075688
"Temporal validation cohort","IDHmut-intact",27,"Clinicoradiologic","ibs",0.18638761999819561
"Temporal validation cohort","IDHmut-intact",28,"Clinicoradiologic","ibs",0.20406205599207564
"Temporal validation cohort","IDHmut-intact",29,"Clinicoradiologic","ibs",0.19844743329959894
"Temporal validation cohort","IDHmut-intact",30,"Clinicoradiologic","ibs",0.19953349471241696
"Temporal validation cohort","IDHmut-intact",31,"Clinicoradiologic","ibs",0.1904879533526847
"Temporal validation cohort","IDHmut-intact",32,"Clinicoradiologic","ibs",0.17911895135066744
"Temporal validation cohort","IDHmut-intact",33,"Clinicoradiologic","ibs",0.23710109168728993
"Temporal validation cohort","IDHmut-intact",34,"Clinicoradiologic","ibs",0.22137904721220913
"Temporal validation cohort","IDHmut-intact",35,"Clinicoradiologic","ibs",0.19626631308642278
"Temporal validation cohort","IDHmut-intact",36,"Clinicoradiologic","ibs",0.1866164243942907
"Temporal validation cohort","IDHmut-intact",37,"Clinicoradiologic","ibs",0.22437598964160133
"Temporal validation cohort","IDHmut-intact",38,"Clinicoradiologic","ibs",0.19610404960120276
"Temporal validation cohort","IDHmut-intact",39,"Clinicoradiologic","ibs",0.229449377266669
"Temporal validation cohort","IDHmut-intact",40,"Clinicoradiologic","ibs",0.20138926064372367
"Temporal validation cohort","IDHmut-intact",41,"Clinicoradiologic","ibs",0.20280092685803564
"Temporal validation cohort","IDHmut-intact",42,"Clinicoradiologic","ibs",0.19728694657273987
"Temporal validation cohort","IDHmut-intact",43,"Clinicoradiologic","ibs",0.19938302540793904
"Temporal validation cohort","IDHmut-intact",44,"Clinicoradiologic","ibs",0.22147960351679155
"Temporal validation cohort","IDHmut-intact",45,"Clinicoradiologic","ibs",0.21463546596662225
"Temporal validation cohort","IDHmut-intact",46,"Clinicoradiologic","ibs",0.21138327773771237
"Temporal validation cohort","IDHmut-intact",47,"Clinicoradiologic","ibs",0.1817465050869523
"Temporal validation cohort","IDHmut-intact",48,"Clinicoradiologic","ibs",0.21412898573895092
"Temporal validation cohort","IDHmut-intact",49,"Clinicoradiologic","ibs",0.18682693967157166
"Temporal validation cohort","IDHmut-intact",50,"Clinicoradiologic","ibs",0.18050409857993363
"Temporal validation cohort","IDHmut-intact",51,"Clinicoradiologic","ibs",0.1990446102812723
"Temporal validation cohort","IDHmut-intact",52,"Clinicoradiologic","ibs",0.24008595451760678
"Temporal validation cohort","IDHmut-intact",53,"Clinicoradiologic","ibs",0.2243220687417195
"Temporal validation cohort","IDHmut-intact",54,"Clinicoradiologic","ibs",0.1917573401728765
"Temporal validation cohort","IDHmut-intact",55,"Clinicoradiologic","ibs",0.1510681819548473
"Temporal validation cohort","IDHmut-intact",56,"Clinicoradiologic","ibs",0.2057418109030514
"Temporal validation cohort","IDHmut-intact",57,"Clinicoradiologic","ibs",0.18450878420687195
"Temporal validation cohort","IDHmut-intact",58,"Clinicoradiologic","ibs",0.20146061470294152
"Temporal validation cohort","IDHmut-intact",59,"Clinicoradiologic","ibs",0.16158391580354986
"Temporal validation cohort","IDHmut-intact",60,"Clinicoradiologic","ibs",0.21411669125761154
"Temporal validation cohort","IDHmut-intact",61,"Clinicoradiologic","ibs",0.21821173915516395
"Temporal validation cohort","IDHmut-intact",62,"Clinicoradiologic","ibs",0.18476645706783187
"Temporal validation cohort","IDHmut-intact",63,"Clinicoradiologic","ibs",0.19672753115916677
"Temporal validation cohort","IDHmut-intact",64,"Clinicoradiologic","ibs",0.19993045414154684
"Temporal validation cohort","IDHmut-intact",65,"Clinicoradiologic","ibs",0.17499473215122566
"Temporal validation cohort","IDHmut-intact",66,"Clinicoradiologic","ibs",0.19325385817520085
"Temporal validation cohort","IDHmut-intact",67,"Clinicoradiologic","ibs",0.18594521586062754
"Temporal validation cohort","IDHmut-intact",68,"Clinicoradiologic","ibs",0.24287154134947758
"Temporal validation cohort","IDHmut-intact",69,"Clinicoradiologic","ibs",0.2390819457556332
"Temporal validation cohort","IDHmut-intact",70,"Clinicoradiologic","ibs",0.2186353178583347
"Temporal validation cohort","IDHmut-intact",71,"Clinicoradiologic","ibs",0.21061781508534608
"Temporal validation cohort","IDHmut-intact",72,"Clinicoradiologic","ibs",0.18664768994495967
"Temporal validation cohort","IDHmut-intact",73,"Clinicoradiologic","ibs",0.19457936484522828
"Temporal validation cohort","IDHmut-intact",74,"Clinicoradiologic","ibs",0.22796534299163826
"Temporal validation cohort","IDHmut-intact",75,"Clinicoradiologic","ibs",0.21801532335742782
"Temporal validation cohort","IDHmut-intact",76,"Clinicoradiologic","ibs",0.2102582343083142
"Temporal validation cohort","IDHmut-intact",77,"Clinicoradiologic","ibs",0.21049980921503803
"Temporal validation cohort","IDHmut-intact",78,"Clinicoradiologic","ibs",0.2045269659539536
"Temporal validation cohort","IDHmut-intact",79,"Clinicoradiologic","ibs",0.20558094998031404
"Temporal validation cohort","IDHmut-intact",80,"Clinicoradiologic","ibs",0.17144850167818695
"Temporal validation cohort","IDHmut-intact",81,"Clinicoradiologic","ibs",0.1919819836700058
"Temporal validation cohort","IDHmut-intact",82,"Clinicoradiologic","ibs",0.20560053734366288
"Temporal validation cohort","IDHmut-intact",83,"Clinicoradiologic","ibs",0.22078540285769668
"Temporal validation cohort","IDHmut-intact",84,"Clinicoradiologic","ibs",0.1908986928985825
"Temporal validation cohort","IDHmut-intact",85,"Clinicoradiologic","ibs",0.18749235113952628
"Temporal validation cohort","IDHmut-intact",86,"Clinicoradiologic","ibs",0.2056825372604431
"Temporal validation cohort","IDHmut-intact",87,"Clinicoradiologic","ibs",0.17982728189127117
"Temporal validation cohort","IDHmut-intact",88,"Clinicoradiologic","ibs",0.1979131180463575
"Temporal validation cohort","IDHmut-intact",89,"Clinicoradiologic","ibs",0.18480877397525522
"Temporal validation cohort","IDHmut-intact",90,"Clinicoradiologic","ibs",0.19349362695797914
"Temporal validation cohort","IDHmut-intact",91,"Clinicoradiologic","ibs",0.180996704206781
"Temporal validation cohort","IDHmut-intact",92,"Clinicoradiologic","ibs",0.21002761609641446
"Temporal validation cohort","IDHmut-intact",93,"Clinicoradiologic","ibs",0.17170556852560712
"Temporal validation cohort","IDHmut-intact",94,"Clinicoradiologic","ibs",0.18302725977207493
"Temporal validation cohort","IDHmut-intact",95,"Clinicoradiologic","ibs",0.19380761892054282
"Temporal validation cohort","IDHmut-intact",96,"Clinicoradiologic","ibs",0.18671218692429753
"Temporal validation cohort","IDHmut-intact",97,"Clinicoradiologic","ibs",0.2112141128807638
"Temporal validation cohort","IDHmut-intact",98,"Clinicoradiologic","ibs",0.179224130994082
"Temporal validation cohort","IDHmut-intact",99,"Clinicoradiologic","ibs",0.16762038966798057
"Temporal validation cohort","IDHmut-intact",100,"Clinicoradiologic","ibs",0.18681155803024327
"Temporal validation cohort","IDHmut-intact",1,"3D-ViT","ibs",0.1785324242296862
"Temporal validation cohort","IDHmut-intact",2,"3D-ViT","ibs",0.14334433208254566
"Temporal validation cohort","IDHmut-intact",3,"3D-ViT","ibs",0.15722254527252183
"Temporal validation cohort","IDHmut-intact",4,"3D-ViT","ibs",0.19718999903419737
"Temporal validation cohort","IDHmut-intact",5,"3D-ViT","ibs",0.14725037579181707
"Temporal validation cohort","IDHmut-intact",6,"3D-ViT","ibs",0.15474720077854356
"Temporal validation cohort","IDHmut-intact",7,"3D-ViT","ibs",0.15905785030438183
"Temporal validation cohort","IDHmut-intact",8,"3D-ViT","ibs",0.1434962253616032
"Temporal validation cohort","IDHmut-intact",9,"3D-ViT","ibs",0.16798354539875904
"Temporal validation cohort","IDHmut-intact",10,"3D-ViT","ibs",0.13336469380460736
"Temporal validation cohort","IDHmut-intact",11,"3D-ViT","ibs",0.151946405056527
"Temporal validation cohort","IDHmut-intact",12,"3D-ViT","ibs",0.16568264572693567
"Temporal validation cohort","IDHmut-intact",13,"3D-ViT","ibs",0.18315703338577005
"Temporal validation cohort","IDHmut-intact",14,"3D-ViT","ibs",0.1507436529285645
"Temporal validation cohort","IDHmut-intact",15,"3D-ViT","ibs",0.16248759876332425
"Temporal validation cohort","IDHmut-intact",16,"3D-ViT","ibs",0.16288470078640097
"Temporal validation cohort","IDHmut-intact",17,"3D-ViT","ibs",0.14883465564941967
"Temporal validation cohort","IDHmut-intact",18,"3D-ViT","ibs",0.20118860548092485
"Temporal validation cohort","IDHmut-intact",19,"3D-ViT","ibs",0.18320407905672312
"Temporal validation cohort","IDHmut-intact",20,"3D-ViT","ibs",0.15500252820691646
"Temporal validation cohort","IDHmut-intact",21,"3D-ViT","ibs",0.15684703346307866
"Temporal validation cohort","IDHmut-intact",22,"3D-ViT","ibs",0.1621211023836341
"Temporal validation cohort","IDHmut-intact",23,"3D-ViT","ibs",0.15797980770247566
"Temporal validation cohort","IDHmut-intact",24,"3D-ViT","ibs",0.1682132101552297
"Temporal validation cohort","IDHmut-intact",25,"3D-ViT","ibs",0.18033432418311826
"Temporal validation cohort","IDHmut-intact",26,"3D-ViT","ibs",0.17297473711095565
"Temporal validation cohort","IDHmut-intact",27,"3D-ViT","ibs",0.18124069663518733
"Temporal validation cohort","IDHmut-intact",28,"3D-ViT","ibs",0.15757960015601077
"Temporal validation cohort","IDHmut-intact",29,"3D-ViT","ibs",0.18146460266795347
"Temporal validation cohort","IDHmut-intact",30,"3D-ViT","ibs",0.15092462527825268
"Temporal validation cohort","IDHmut-intact",31,"3D-ViT","ibs",0.15924176437703333
"Temporal validation cohort","IDHmut-intact",32,"3D-ViT","ibs",0.14044726191310763
"Temporal validation cohort","IDHmut-intact",33,"3D-ViT","ibs",0.19205096213681844
"Temporal validation cohort","IDHmut-intact",34,"3D-ViT","ibs",0.17851458337734935
"Temporal validation cohort","IDHmut-intact",35,"3D-ViT","ibs",0.1781435572680218
"Temporal validation cohort","IDHmut-intact",36,"3D-ViT","ibs",0.17422771437310036
"Temporal validation cohort","IDHmut-intact",37,"3D-ViT","ibs",0.18920041186983394
"Temporal validation cohort","IDHmut-intact",38,"3D-ViT","ibs",0.16589937831836074
"Temporal validation cohort","IDHmut-intact",39,"3D-ViT","ibs",0.1876588327265049
"Temporal validation cohort","IDHmut-intact",40,"3D-ViT","ibs",0.14469704006306566
"Temporal validation cohort","IDHmut-intact",41,"3D-ViT","ibs",0.15785512114850928
"Temporal validation cohort","IDHmut-intact",42,"3D-ViT","ibs",0.1719827221171769
"Temporal validation cohort","IDHmut-intact",43,"3D-ViT","ibs",0.17217573976681913
"Temporal validation cohort","IDHmut-intact",44,"3D-ViT","ibs",0.17804775933930592
"Temporal validation cohort","IDHmut-intact",45,"3D-ViT","ibs",0.17824847854180378
"Temporal validation cohort","IDHmut-intact",46,"3D-ViT","ibs",0.17287127253108855
"Temporal validation cohort","IDHmut-intact",47,"3D-ViT","ibs",0.15912912939795634
"Temporal validation cohort","IDHmut-intact",48,"3D-ViT","ibs",0.18903338476733192
"Temporal validation cohort","IDHmut-intact",49,"3D-ViT","ibs",0.15595773099057722
"Temporal validation cohort","IDHmut-intact",50,"3D-ViT","ibs",0.14914646053924263
"Temporal validation cohort","IDHmut-intact",51,"3D-ViT","ibs",0.1599601262517082
"Temporal validation cohort","IDHmut-intact",52,"3D-ViT","ibs",0.217831527263531
"Temporal validation cohort","IDHmut-intact",53,"3D-ViT","ibs",0.18935191883857205
"Temporal validation cohort","IDHmut-intact",54,"3D-ViT","ibs",0.15999581070165667
"Temporal validation cohort","IDHmut-intact",55,"3D-ViT","ibs",0.10595611864002569
"Temporal validation cohort","IDHmut-intact",56,"3D-ViT","ibs",0.18586444904814137
"Temporal validation cohort","IDHmut-intact",57,"3D-ViT","ibs",0.13922138048424226
"Temporal validation cohort","IDHmut-intact",58,"3D-ViT","ibs",0.14619159251030225
"Temporal validation cohort","IDHmut-intact",59,"3D-ViT","ibs",0.13069517910499134
"Temporal validation cohort","IDHmut-intact",60,"3D-ViT","ibs",0.17302496663653397
"Temporal validation cohort","IDHmut-intact",61,"3D-ViT","ibs",0.19887767570784518
"Temporal validation cohort","IDHmut-intact",62,"3D-ViT","ibs",0.15641147653065696
"Temporal validation cohort","IDHmut-intact",63,"3D-ViT","ibs",0.17064920612961865
"Temporal validation cohort","IDHmut-intact",64,"3D-ViT","ibs",0.15556540663239798
"Temporal validation cohort","IDHmut-intact",65,"3D-ViT","ibs",0.13701242732893767
"Temporal validation cohort","IDHmut-intact",66,"3D-ViT","ibs",0.15919752530441383
"Temporal validation cohort","IDHmut-intact",67,"3D-ViT","ibs",0.18553765381473886
"Temporal validation cohort","IDHmut-intact",68,"3D-ViT","ibs",0.1906549813254615
"Temporal validation cohort","IDHmut-intact",69,"3D-ViT","ibs",0.21763007809346138
"Temporal validation cohort","IDHmut-intact",70,"3D-ViT","ibs",0.18173427762136435
"Temporal validation cohort","IDHmut-intact",71,"3D-ViT","ibs",0.17746613735517097
"Temporal validation cohort","IDHmut-intact",72,"3D-ViT","ibs",0.13328682105250345
"Temporal validation cohort","IDHmut-intact",73,"3D-ViT","ibs",0.15562315555397224
"Temporal validation cohort","IDHmut-intact",74,"3D-ViT","ibs",0.17300274301177787
"Temporal validation cohort","IDHmut-intact",75,"3D-ViT","ibs",0.18068481358209218
"Temporal validation cohort","IDHmut-intact",76,"3D-ViT","ibs",0.1852192524194806
"Temporal validation cohort","IDHmut-intact",77,"3D-ViT","ibs",0.17530496589645578
"Temporal validation cohort","IDHmut-intact",78,"3D-ViT","ibs",0.1999605483919857
"Temporal validation cohort","IDHmut-intact",79,"3D-ViT","ibs",0.18207088483255726
"Temporal validation cohort","IDHmut-intact",80,"3D-ViT","ibs",0.1491797838704285
"Temporal validation cohort","IDHmut-intact",81,"3D-ViT","ibs",0.1574228704787754
"Temporal validation cohort","IDHmut-intact",82,"3D-ViT","ibs",0.16705533858915808
"Temporal validation cohort","IDHmut-intact",83,"3D-ViT","ibs",0.18039563471480496
"Temporal validation cohort","IDHmut-intact",84,"3D-ViT","ibs",0.1695638680088625
"Temporal validation cohort","IDHmut-intact",85,"3D-ViT","ibs",0.1586975659155257
"Temporal validation cohort","IDHmut-intact",86,"3D-ViT","ibs",0.18903597130274283
"Temporal validation cohort","IDHmut-intact",87,"3D-ViT","ibs",0.15633321447712528
"Temporal validation cohort","IDHmut-intact",88,"3D-ViT","ibs",0.14574695804240487
"Temporal validation cohort","IDHmut-intact",89,"3D-ViT","ibs",0.14779990652108235
"Temporal validation cohort","IDHmut-intact",90,"3D-ViT","ibs",0.14719162715902423
"Temporal validation cohort","IDHmut-intact",91,"3D-ViT","ibs",0.13929043688827406
"Temporal validation cohort","IDHmut-intact",92,"3D-ViT","ibs",0.1810014147541302
"Temporal validation cohort","IDHmut-intact",93,"3D-ViT","ibs",0.1406418826802873
"Temporal validation cohort","IDHmut-intact",94,"3D-ViT","ibs",0.1809417832678484
"Temporal validation cohort","IDHmut-intact",95,"3D-ViT","ibs",0.1434563728975956
"Temporal validation cohort","IDHmut-intact",96,"3D-ViT","ibs",0.16200585177747598
"Temporal validation cohort","IDHmut-intact",97,"3D-ViT","ibs",0.16661052198897844
"Temporal validation cohort","IDHmut-intact",98,"3D-ViT","ibs",0.15489526841668425
"Temporal validation cohort","IDHmut-intact",99,"3D-ViT","ibs",0.14110681681101161
"Temporal validation cohort","IDHmut-intact",100,"3D-ViT","ibs",0.16411839666450886
"Temporal validation cohort","IDHmut-intact",1,"CR-ViT","ibs",0.1729797530710891
"Temporal validation cohort","IDHmut-intact",2,"CR-ViT","ibs",0.14094418699483757
"Temporal validation cohort","IDHmut-intact",3,"CR-ViT","ibs",0.16035838099593586
"Temporal validation cohort","IDHmut-intact",4,"CR-ViT","ibs",0.1688603647855077
"Temporal validation cohort","IDHmut-intact",5,"CR-ViT","ibs",0.1404870870094767
"Temporal validation cohort","IDHmut-intact",6,"CR-ViT","ibs",0.154779697696622
"Temporal validation cohort","IDHmut-intact",7,"CR-ViT","ibs",0.14995403167496674
"Temporal validation cohort","IDHmut-intact",8,"CR-ViT","ibs",0.14521714744939246
"Temporal validation cohort","IDHmut-intact",9,"CR-ViT","ibs",0.16602853308244347
"Temporal validation cohort","IDHmut-intact",10,"CR-ViT","ibs",0.10909130100623407
"Temporal validation cohort","IDHmut-intact",11,"CR-ViT","ibs",0.14392786759859302
"Temporal validation cohort","IDHmut-intact",12,"CR-ViT","ibs",0.15634336200521398
"Temporal validation cohort","IDHmut-intact",13,"CR-ViT","ibs",0.1931635260156907
"Temporal validation cohort","IDHmut-intact",14,"CR-ViT","ibs",0.15221579779066408
"Temporal validation cohort","IDHmut-intact",15,"CR-ViT","ibs",0.16069455616116446
"Temporal validation cohort","IDHmut-intact",16,"CR-ViT","ibs",0.16636489513829075
"Temporal validation cohort","IDHmut-intact",17,"CR-ViT","ibs",0.15383581295106266
"Temporal validation cohort","IDHmut-intact",18,"CR-ViT","ibs",0.1961696839239815
"Temporal validation cohort","IDHmut-intact",19,"CR-ViT","ibs",0.18181775882978163
"Temporal validation cohort","IDHmut-intact",20,"CR-ViT","ibs",0.14871119007687342
"Temporal validation cohort","IDHmut-intact",21,"CR-ViT","ibs",0.1546244482540392
"Temporal validation cohort","IDHmut-intact",22,"CR-ViT","ibs",0.14830325913685174
"Temporal validation cohort","IDHmut-intact",23,"CR-ViT","ibs",0.1547575254492957
"Temporal validation cohort","IDHmut-intact",24,"CR-ViT","ibs",0.17425370945244711
"Temporal validation cohort","IDHmut-intact",25,"CR-ViT","ibs",0.1780433074291317
"Temporal validation cohort","IDHmut-intact",26,"CR-ViT","ibs",0.16611175075553003
"Temporal validation cohort","IDHmut-intact",27,"CR-ViT","ibs",0.15898415227931809
"Temporal validation cohort","IDHmut-intact",28,"CR-ViT","ibs",0.15892415446073024
"Temporal validation cohort","IDHmut-intact",29,"CR-ViT","ibs",0.18103311815789466
"Temporal validation cohort","IDHmut-intact",30,"CR-ViT","ibs",0.15881684670397425
"Temporal validation cohort","IDHmut-intact",31,"CR-ViT","ibs",0.16201280840005253
"Temporal validation cohort","IDHmut-intact",32,"CR-ViT","ibs",0.1305295922493059
"Temporal validation cohort","IDHmut-intact",33,"CR-ViT","ibs",0.1861474790589863
"Temporal validation cohort","IDHmut-intact",34,"CR-ViT","ibs",0.18039102209738905
"Temporal validation cohort","IDHmut-intact",35,"CR-ViT","ibs",0.17070516332298144
"Temporal validation cohort","IDHmut-intact",36,"CR-ViT","ibs",0.16607435939393483
"Temporal validation cohort","IDHmut-intact",37,"CR-ViT","ibs",0.18492316173278844
"Temporal validation cohort","IDHmut-intact",38,"CR-ViT","ibs",0.16152902782507145
"Temporal validation cohort","IDHmut-intact",39,"CR-ViT","ibs",0.18034169113977586
"Temporal validation cohort","IDHmut-intact",40,"CR-ViT","ibs",0.14959372223109554
"Temporal validation cohort","IDHmut-intact",41,"CR-ViT","ibs",0.15832271380897447
"Temporal validation cohort","IDHmut-intact",42,"CR-ViT","ibs",0.17121450752911213
"Temporal validation cohort","IDHmut-intact",43,"CR-ViT","ibs",0.15570132970048292
"Temporal validation cohort","IDHmut-intact",44,"CR-ViT","ibs",0.1772560618652543
"Temporal validation cohort","IDHmut-intact",45,"CR-ViT","ibs",0.17373599494405154
"Temporal validation cohort","IDHmut-intact",46,"CR-ViT","ibs",0.16493548479049297
"Temporal validation cohort","IDHmut-intact",47,"CR-ViT","ibs",0.15184454602039762
"Temporal validation cohort","IDHmut-intact",48,"CR-ViT","ibs",0.18610859907355973
"Temporal validation cohort","IDHmut-intact",49,"CR-ViT","ibs",0.13904776204046138
"Temporal validation cohort","IDHmut-intact",50,"CR-ViT","ibs",0.14559861299534732
"Temporal validation cohort","IDHmut-intact",51,"CR-ViT","ibs",0.16767167772987088
"Temporal validation cohort","IDHmut-intact",52,"CR-ViT","ibs",0.21635167712440273
"Temporal validation cohort","IDHmut-intact",53,"CR-ViT","ibs",0.18246419825785942
"Temporal validation cohort","IDHmut-intact",54,"CR-ViT","ibs",0.150099535634526
"Temporal validation cohort","IDHmut-intact",55,"CR-ViT","ibs",0.10234824668513487
"Temporal validation cohort","IDHmut-intact",56,"CR-ViT","ibs",0.1813566628302348
"Temporal validation cohort","IDHmut-intact",57,"CR-ViT","ibs",0.14054312035847968
"Temporal validation cohort","IDHmut-intact",58,"CR-ViT","ibs",0.15168205573233176
"Temporal validation cohort","IDHmut-intact",59,"CR-ViT","ibs",0.12112085291555726
"Temporal validation cohort","IDHmut-intact",60,"CR-ViT","ibs",0.1692944385639607
"Temporal validation cohort","IDHmut-intact",61,"CR-ViT","ibs",0.20052607339079556
"Temporal validation cohort","IDHmut-intact",62,"CR-ViT","ibs",0.1481060282075096
"Temporal validation cohort","IDHmut-intact",63,"CR-ViT","ibs",0.1676833856688132
"Temporal validation cohort","IDHmut-intact",64,"CR-ViT","ibs",0.1574160436015746
"Temporal validation cohort","IDHmut-intact",65,"CR-ViT","ibs",0.14144364088438427
"Temporal validation cohort","IDHmut-intact",66,"CR-ViT","ibs",0.15414321679094417
"Temporal validation cohort","IDHmut-intact",67,"CR-ViT","ibs",0.18011612047367825
"Temporal validation cohort","IDHmut-intact",68,"CR-ViT","ibs",0.19348084886379005
"Temporal validation cohort","IDHmut-intact",69,"CR-ViT","ibs",0.20423133232913274
"Temporal validation cohort","IDHmut-intact",70,"CR-ViT","ibs",0.1770259156694221
"Temporal validation cohort","IDHmut-intact",71,"CR-ViT","ibs",0.1802802205213485
"Temporal validation cohort","IDHmut-intact",72,"CR-ViT","ibs",0.1366336924356604
"Temporal validation cohort","IDHmut-intact",73,"CR-ViT","ibs",0.1536545980789689
"Temporal validation cohort","IDHmut-intact",74,"CR-ViT","ibs",0.17322505276982544
"Temporal validation cohort","IDHmut-intact",75,"CR-ViT","ibs",0.17589076312557964
"Temporal validation cohort","IDHmut-intact",76,"CR-ViT","ibs",0.17718565617912352
"Temporal validation cohort","IDHmut-intact",77,"CR-ViT","ibs",0.17736821228868618
"Temporal validation cohort","IDHmut-intact",78,"CR-ViT","ibs",0.20144989699845034
"Temporal validation cohort","IDHmut-intact",79,"CR-ViT","ibs",0.17736882284695657
"Temporal validation cohort","IDHmut-intact",80,"CR-ViT","ibs",0.14323851566928836
"Temporal validation cohort","IDHmut-intact",81,"CR-ViT","ibs",0.1518386913232718
"Temporal validation cohort","IDHmut-intact",82,"CR-ViT","ibs",0.15471725963092275
"Temporal validation cohort","IDHmut-intact",83,"CR-ViT","ibs",0.18692811261475317
"Temporal validation cohort","IDHmut-intact",84,"CR-ViT","ibs",0.15943341230160316
"Temporal validation cohort","IDHmut-intact",85,"CR-ViT","ibs",0.14562202998608634
"Temporal validation cohort","IDHmut-intact",86,"CR-ViT","ibs",0.17194143067404083
"Temporal validation cohort","IDHmut-intact",87,"CR-ViT","ibs",0.14781352447093307
"Temporal validation cohort","IDHmut-intact",88,"CR-ViT","ibs",0.14475108712495796
"Temporal validation cohort","IDHmut-intact",89,"CR-ViT","ibs",0.1413621947813114
"Temporal validation cohort","IDHmut-intact",90,"CR-ViT","ibs",0.1418418055605777
"Temporal validation cohort","IDHmut-intact",91,"CR-ViT","ibs",0.13805487472234707
"Temporal validation cohort","IDHmut-intact",92,"CR-ViT","ibs",0.1762834260594041
"Temporal validation cohort","IDHmut-intact",93,"CR-ViT","ibs",0.14023256122103728
"Temporal validation cohort","IDHmut-intact",94,"CR-ViT","ibs",0.16866993198759023
"Temporal validation cohort","IDHmut-intact",95,"CR-ViT","ibs",0.15152394056236201
"Temporal validation cohort","IDHmut-intact",96,"CR-ViT","ibs",0.16269774686544244
"Temporal validation cohort","IDHmut-intact",97,"CR-ViT","ibs",0.16413066920713934
"Temporal validation cohort","IDHmut-intact",98,"CR-ViT","ibs",0.14233271632457872
"Temporal validation cohort","IDHmut-intact",99,"CR-ViT","ibs",0.13302342004155204
"Temporal validation cohort","IDHmut-intact",100,"CR-ViT","ibs",0.16740399695043273
"Temporal validation cohort","IDHmut-codel",1,"3D-CNN","cindex",0.6760316066725197
"Temporal validation cohort","IDHmut-codel",2,"3D-CNN","cindex",0.6021370207416719
"Temporal validation cohort","IDHmut-codel",3,"3D-CNN","cindex",0.6277712952158693
"Temporal validation cohort","IDHmut-codel",4,"3D-CNN","cindex",0.6028708133971292
"Temporal validation cohort","IDHmut-codel",5,"3D-CNN","cindex",0.5883069427527405
"Temporal validation cohort","IDHmut-codel",6,"3D-CNN","cindex",0.6366279069767442
"Temporal validation cohort","IDHmut-codel",7,"3D-CNN","cindex",0.585003711952487
"Temporal validation cohort","IDHmut-codel",8,"3D-CNN","cindex",0.6997063142437592
"Temporal validation cohort","IDHmut-codel",9,"3D-CNN","cindex",0.6130584192439863
"Temporal validation cohort","IDHmut-codel",10,"3D-CNN","cindex",0.520655737704918
"Temporal validation cohort","IDHmut-codel",11,"3D-CNN","cindex",0.5108135942327497
"Temporal validation cohort","IDHmut-codel",12,"3D-CNN","cindex",0.5436507936507937
"Temporal validation cohort","IDHmut-codel",13,"3D-CNN","cindex",0.6031313818924439
"Temporal validation cohort","IDHmut-codel",14,"3D-CNN","cindex",0.6441717791411044
"Temporal validation cohort","IDHmut-codel",15,"3D-CNN","cindex",0.6131868131868132
"Temporal validation cohort","IDHmut-codel",16,"3D-CNN","cindex",0.5893210283454187
"Temporal validation cohort","IDHmut-codel",17,"3D-CNN","cindex",0.6710204081632654
"Temporal validation cohort","IDHmut-codel",18,"3D-CNN","cindex",0.6415620641562064
"Temporal validation cohort","IDHmut-codel",19,"3D-CNN","cindex",0.6057108140947752
"Temporal validation cohort","IDHmut-codel",20,"3D-CNN","cindex",0.5568335588633289
"Temporal validation cohort","IDHmut-codel",21,"3D-CNN","cindex",0.6149903907751442
"Temporal validation cohort","IDHmut-codel",22,"3D-CNN","cindex",0.6278171281390856
"Temporal validation cohort","IDHmut-codel",23,"3D-CNN","cindex",0.6613247863247863
"Temporal validation cohort","IDHmut-codel",24,"3D-CNN","cindex",0.6448254745866504
"Temporal validation cohort","IDHmut-codel",25,"3D-CNN","cindex",0.5961361545538179
"Temporal validation cohort","IDHmut-codel",26,"3D-CNN","cindex",0.660153937240971
"Temporal validation cohort","IDHmut-codel",27,"3D-CNN","cindex",0.5905420991926182
"Temporal validation cohort","IDHmut-codel",28,"3D-CNN","cindex",0.6938168846611177
"Temporal validation cohort","IDHmut-codel",29,"3D-CNN","cindex",0.5651906519065191
"Temporal validation cohort","IDHmut-codel",30,"3D-CNN","cindex",0.6312
"Temporal validation cohort","IDHmut-codel",31,"3D-CNN","cindex",0.6885456885456885
"Temporal validation cohort","IDHmut-codel",32,"3D-CNN","cindex",0.5983102918586789
"Temporal validation cohort","IDHmut-codel",33,"3D-CNN","cindex",0.6051703877790835
"Temporal validation cohort","IDHmut-codel",34,"3D-CNN","cindex",0.5497630331753555
"Temporal validation cohort","IDHmut-codel",35,"3D-CNN","cindex",0.5396825396825397
"Temporal validation cohort","IDHmut-codel",36,"3D-CNN","cindex",0.5480188045668234
"Temporal validation cohort","IDHmut-codel",37,"3D-CNN","cindex",0.4975562072336266
"Temporal validation cohort","IDHmut-codel",38,"3D-CNN","cindex",0.625
"Temporal validation cohort","IDHmut-codel",39,"3D-CNN","cindex",0.6517110266159696
"Temporal validation cohort","IDHmut-codel",40,"3D-CNN","cindex",0.61640625
"Temporal validation cohort","IDHmut-codel",41,"3D-CNN","cindex",0.6821952776005105
"Temporal validation cohort","IDHmut-codel",42,"3D-CNN","cindex",0.5991957104557641
"Temporal validation cohort","IDHmut-codel",43,"3D-CNN","cindex",0.7060833902939166
"Temporal validation cohort","IDHmut-codel",44,"3D-CNN","cindex",0.5226860254083485
"Temporal validation cohort","IDHmut-codel",45,"3D-CNN","cindex",0.4873096446700508
"Temporal validation cohort","IDHmut-codel",46,"3D-CNN","cindex",0.6417212347988774
"Temporal validation cohort","IDHmut-codel",47,"3D-CNN","cindex",0.6226993865030674
"Temporal validation cohort","IDHmut-codel",48,"3D-CNN","cindex",0.6684491978609626
"Temporal validation cohort","IDHmut-codel",49,"3D-CNN","cindex",0.6657663740715732
"Temporal validation cohort","IDHmut-codel",50,"3D-CNN","cindex",0.649577804583836
"Temporal validation cohort","IDHmut-codel",51,"3D-CNN","cindex",0.6815459989112684
"Temporal validation cohort","IDHmut-codel",52,"3D-CNN","cindex",0.679093567251462
"Temporal validation cohort","IDHmut-codel",53,"3D-CNN","cindex",0.550330639235856
"Temporal validation cohort","IDHmut-codel",54,"3D-CNN","cindex",0.6712230215827338
"Temporal validation cohort","IDHmut-codel",55,"3D-CNN","cindex",0.71671388101983
"Temporal validation cohort","IDHmut-codel",56,"3D-CNN","cindex",0.6836268754076973
"Temporal validation cohort","IDHmut-codel",57,"3D-CNN","cindex",0.6394169835234473
"Temporal validation cohort","IDHmut-codel",58,"3D-CNN","cindex",0.6713441654357459
"Temporal validation cohort","IDHmut-codel",59,"3D-CNN","cindex",0.6843177189409368
"Temporal validation cohort","IDHmut-codel",60,"3D-CNN","cindex",0.5948863636363636
"Temporal validation cohort","IDHmut-codel",61,"3D-CNN","cindex",0.7125256673511293
"Temporal validation cohort","IDHmut-codel",62,"3D-CNN","cindex",0.5323308270676692
"Temporal validation cohort","IDHmut-codel",63,"3D-CNN","cindex",0.6481223922114048
"Temporal validation cohort","IDHmut-codel",64,"3D-CNN","cindex",0.5887372013651877
"Temporal validation cohort","IDHmut-codel",65,"3D-CNN","cindex",0.6356643356643357
"Temporal validation cohort","IDHmut-codel",66,"3D-CNN","cindex",0.5305139186295503
"Temporal validation cohort","IDHmut-codel",67,"3D-CNN","cindex",0.5957309184993531
"Temporal validation cohort","IDHmut-codel",68,"3D-CNN","cindex",0.7213765718067505
"Temporal validation cohort","IDHmut-codel",69,"3D-CNN","cindex",0.5745428973277075
"Temporal validation cohort","IDHmut-codel",70,"3D-CNN","cindex",0.6313846153846154
"Temporal validation cohort","IDHmut-codel",71,"3D-CNN","cindex",0.7521235521235521
"Temporal validation cohort","IDHmut-codel",72,"3D-CNN","cindex",0.6810477657935285
"Temporal validation cohort","IDHmut-codel",73,"3D-CNN","cindex",0.55
"Temporal validation cohort","IDHmut-codel",74,"3D-CNN","cindex",0.7284196547144755
"Temporal validation cohort","IDHmut-codel",75,"3D-CNN","cindex",0.6602902374670185
"Temporal validation cohort","IDHmut-codel",76,"3D-CNN","cindex",0.6070700203942896
"Temporal validation cohort","IDHmut-codel",77,"3D-CNN","cindex",0.6165105386416863
"Temporal validation cohort","IDHmut-codel",78,"3D-CNN","cindex",0.591715976331361
"Temporal validation cohort","IDHmut-codel",79,"3D-CNN","cindex",0.629520295202952
"Temporal validation cohort","IDHmut-codel",80,"3D-CNN","cindex",0.6118721461187214
"Temporal validation cohort","IDHmut-codel",81,"3D-CNN","cindex",0.655686274509804
"Temporal validation cohort","IDHmut-codel",82,"3D-CNN","cindex",0.6569767441860466
"Temporal validation cohort","IDHmut-codel",83,"3D-CNN","cindex",0.6610407876230662
"Temporal validation cohort","IDHmut-codel",84,"3D-CNN","cindex",0.7333333333333334
"Temporal validation cohort","IDHmut-codel",85,"3D-CNN","cindex",0.7484407484407485
"Temporal validation cohort","IDHmut-codel",86,"3D-CNN","cindex",0.5423280423280423
"Temporal validation cohort","IDHmut-codel",87,"3D-CNN","cindex",0.6808333333333334
"Temporal validation cohort","IDHmut-codel",88,"3D-CNN","cindex",0.5636363636363636
"Temporal validation cohort","IDHmut-codel",89,"3D-CNN","cindex",0.6197691197691197
"Temporal validation cohort","IDHmut-codel",90,"3D-CNN","cindex",0.7104761904761905
"Temporal validation cohort","IDHmut-codel",91,"3D-CNN","cindex",0.47619047619047616
"Temporal validation cohort","IDHmut-codel",92,"3D-CNN","cindex",0.6494582536647546
"Temporal validation cohort","IDHmut-codel",93,"3D-CNN","cindex",0.6388190954773869
"Temporal validation cohort","IDHmut-codel",94,"3D-CNN","cindex",0.688115064345193
"Temporal validation cohort","IDHmut-codel",95,"3D-CNN","cindex",0.543041606886657
"Temporal validation cohort","IDHmut-codel",96,"3D-CNN","cindex",0.643126177024482
"Temporal validation cohort","IDHmut-codel",97,"3D-CNN","cindex",0.6947285601888277
"Temporal validation cohort","IDHmut-codel",98,"3D-CNN","cindex",0.6234146341463415
"Temporal validation cohort","IDHmut-codel",99,"3D-CNN","cindex",0.7162162162162162
"Temporal validation cohort","IDHmut-codel",100,"3D-CNN","cindex",0.7245804540967423
"Temporal validation cohort","IDHmut-codel",1,"Clinicoradiologic","cindex",0.6022827041264267
"Temporal validation cohort","IDHmut-codel",2,"Clinicoradiologic","cindex",0.6480201131363922
"Temporal validation cohort","IDHmut-codel",3,"Clinicoradiologic","cindex",0.6697782963827305
"Temporal validation cohort","IDHmut-codel",4,"Clinicoradiologic","cindex",0.5990430622009569
"Temporal validation cohort","IDHmut-codel",5,"Clinicoradiologic","cindex",0.6766138855054811
"Temporal validation cohort","IDHmut-codel",6,"Clinicoradiologic","cindex",0.6395348837209303
"Temporal validation cohort","IDHmut-codel",7,"Clinicoradiologic","cindex",0.6859688195991092
"Temporal validation cohort","IDHmut-codel",8,"Clinicoradiologic","cindex",0.6483113069016153
"Temporal validation cohort","IDHmut-codel",9,"Clinicoradiologic","cindex",0.6694158075601375
"Temporal validation cohort","IDHmut-codel",10,"Clinicoradiologic","cindex",0.5750819672131148
"Temporal validation cohort","IDHmut-codel",11,"Clinicoradiologic","cindex",0.7384140061791967
"Temporal validation cohort","IDHmut-codel",12,"Clinicoradiologic","cindex",0.5523809523809524
"Temporal validation cohort","IDHmut-codel",13,"Clinicoradiologic","cindex",0.7385976855003403
"Temporal validation cohort","IDHmut-codel",14,"Clinicoradiologic","cindex",0.5391104294478528
"Temporal validation cohort","IDHmut-codel",15,"Clinicoradiologic","cindex",0.7435897435897436
"Temporal validation cohort","IDHmut-codel",16,"Clinicoradiologic","cindex",0.6031641397495056
"Temporal validation cohort","IDHmut-codel",17,"Clinicoradiologic","cindex",0.7518367346938776
"Temporal validation cohort","IDHmut-codel",18,"Clinicoradiologic","cindex",0.6171548117154811
"Temporal validation cohort","IDHmut-codel",19,"Clinicoradiologic","cindex",0.6634264884568651
"Temporal validation cohort","IDHmut-codel",20,"Clinicoradiologic","cindex",0.5920162381596752
"Temporal validation cohort","IDHmut-codel",21,"Clinicoradiologic","cindex",0.6893017296604741
"Temporal validation cohort","IDHmut-codel",22,"Clinicoradiologic","cindex",0.5891822279459111
"Temporal validation cohort","IDHmut-codel",23,"Clinicoradiologic","cindex",0.7382478632478633
"Temporal validation cohort","IDHmut-codel",24,"Clinicoradiologic","cindex",0.6380894060012248
"Temporal validation cohort","IDHmut-codel",25,"Clinicoradiologic","cindex",0.5409383624655013
"Temporal validation cohort","IDHmut-codel",26,"Clinicoradiologic","cindex",0.5245707519242155
"Temporal validation cohort","IDHmut-codel",27,"Clinicoradiologic","cindex",0.6885813148788927
"Temporal validation cohort","IDHmut-codel",28,"Clinicoradiologic","cindex",0.6468489892984542
"Temporal validation cohort","IDHmut-codel",29,"Clinicoradiologic","cindex",0.6906519065190652
"Temporal validation cohort","IDHmut-codel",30,"Clinicoradiologic","cindex",0.5728
"Temporal validation cohort","IDHmut-codel",31,"Clinicoradiologic","cindex",0.6087516087516087
"Temporal validation cohort","IDHmut-codel",32,"Clinicoradiologic","cindex",0.6758832565284179
"Temporal validation cohort","IDHmut-codel",33,"Clinicoradiologic","cindex",0.6527614571092832
"Temporal validation cohort","IDHmut-codel",34,"Clinicoradiologic","cindex",0.5788761002031144
"Temporal validation cohort","IDHmut-codel",35,"Clinicoradiologic","cindex",0.6774891774891775
"Temporal validation cohort","IDHmut-codel",36,"Clinicoradiologic","cindex",0.5627938213566152
"Temporal validation cohort","IDHmut-codel",37,"Clinicoradiologic","cindex",0.7253176930596286
"Temporal validation cohort","IDHmut-codel",38,"Clinicoradiologic","cindex",0.625
"Temporal validation cohort","IDHmut-codel",39,"Clinicoradiologic","cindex",0.7163498098859316
"Temporal validation cohort","IDHmut-codel",40,"Clinicoradiologic","cindex",0.60234375
"Temporal validation cohort","IDHmut-codel",41,"Clinicoradiologic","cindex",0.6828334396936822
"Temporal validation cohort","IDHmut-codel",42,"Clinicoradiologic","cindex",0.6789544235924934
"Temporal validation cohort","IDHmut-codel",43,"Clinicoradiologic","cindex",0.7033492822966507
"Temporal validation cohort","IDHmut-codel",44,"Clinicoradiologic","cindex",0.6400483968542044
"Temporal validation cohort","IDHmut-codel",45,"Clinicoradiologic","cindex",0.6221899927483684
"Temporal validation cohort","IDHmut-codel",46,"Clinicoradiologic","cindex",0.6052385406922357
"Temporal validation cohort","IDHmut-codel",47,"Clinicoradiologic","cindex",0.7098159509202454
"Temporal validation cohort","IDHmut-codel",48,"Clinicoradiologic","cindex",0.6829640947288006
"Temporal validation cohort","IDHmut-codel",49,"Clinicoradiologic","cindex",0.6340310600945307
"Temporal validation cohort","IDHmut-codel",50,"Clinicoradiologic","cindex",0.6266586248492159
"Temporal validation cohort","IDHmut-codel",51,"Clinicoradiologic","cindex",0.6472509526401742
"Temporal validation cohort","IDHmut-codel",52,"Clinicoradiologic","cindex",0.6271929824561404
"Temporal validation cohort","IDHmut-codel",53,"Clinicoradiologic","cindex",0.6135194709772227
"Temporal validation cohort","IDHmut-codel",54,"Clinicoradiologic","cindex",0.620863309352518
"Temporal validation cohort","IDHmut-codel",55,"Clinicoradiologic","cindex",0.5495750708215297
"Temporal validation cohort","IDHmut-codel",56,"Clinicoradiologic","cindex",0.6438356164383562
"Temporal validation cohort","IDHmut-codel",57,"Clinicoradiologic","cindex",0.6368821292775666
"Temporal validation cohort","IDHmut-codel",58,"Clinicoradiologic","cindex",0.6440177252584933
"Temporal validation cohort","IDHmut-codel",59,"Clinicoradiologic","cindex",0.6320434487440597
"Temporal validation cohort","IDHmut-codel",60,"Clinicoradiologic","cindex",0.6397727272727273
"Temporal validation cohort","IDHmut-codel",61,"Clinicoradiologic","cindex",0.6495550992470911
"Temporal validation cohort","IDHmut-codel",62,"Clinicoradiologic","cindex",0.5609022556390977
"Temporal validation cohort","IDHmut-codel",63,"Clinicoradiologic","cindex",0.6606397774687065
"Temporal validation cohort","IDHmut-codel",64,"Clinicoradiologic","cindex",0.5819112627986348
"Temporal validation cohort","IDHmut-codel",65,"Clinicoradiologic","cindex",0.7111888111888112
"Temporal validation cohort","IDHmut-codel",66,"Clinicoradiologic","cindex",0.5851177730192719
"Temporal validation cohort","IDHmut-codel",67,"Clinicoradiologic","cindex",0.666235446313066
"Temporal validation cohort","IDHmut-codel",68,"Clinicoradiologic","cindex",0.6234281932495036
"Temporal validation cohort","IDHmut-codel",69,"Clinicoradiologic","cindex",0.6526019690576652
"Temporal validation cohort","IDHmut-codel",70,"Clinicoradiologic","cindex",0.6141538461538462
"Temporal validation cohort","IDHmut-codel",71,"Clinicoradiologic","cindex",0.5969111969111969
"Temporal validation cohort","IDHmut-codel",72,"Clinicoradiologic","cindex",0.7295839753466872
"Temporal validation cohort","IDHmut-codel",73,"Clinicoradiologic","cindex",0.6715189873417722
"Temporal validation cohort","IDHmut-codel",74,"Clinicoradiologic","cindex",0.7828685258964143
"Temporal validation cohort","IDHmut-codel",75,"Clinicoradiologic","cindex",0.6813984168865436
"Temporal validation cohort","IDHmut-codel",76,"Clinicoradiologic","cindex",0.5975526852481305
"Temporal validation cohort","IDHmut-codel",77,"Clinicoradiologic","cindex",0.6539812646370023
"Temporal validation cohort","IDHmut-codel",78,"Clinicoradiologic","cindex",0.6408284023668639
"Temporal validation cohort","IDHmut-codel",79,"Clinicoradiologic","cindex",0.6907749077490775
"Temporal validation cohort","IDHmut-codel",80,"Clinicoradiologic","cindex",0.558599695585997
"Temporal validation cohort","IDHmut-codel",81,"Clinicoradiologic","cindex",0.7325490196078431
"Temporal validation cohort","IDHmut-codel",82,"Clinicoradiologic","cindex",0.5529715762273901
"Temporal validation cohort","IDHmut-codel",83,"Clinicoradiologic","cindex",0.6610407876230662
"Temporal validation cohort","IDHmut-codel",84,"Clinicoradiologic","cindex",0.5906103286384976
"Temporal validation cohort","IDHmut-codel",85,"Clinicoradiologic","cindex",0.6853776853776854
"Temporal validation cohort","IDHmut-codel",86,"Clinicoradiologic","cindex",0.5621693121693121
"Temporal validation cohort","IDHmut-codel",87,"Clinicoradiologic","cindex",0.7158333333333333
"Temporal validation cohort","IDHmut-codel",88,"Clinicoradiologic","cindex",0.6538720538720539
"Temporal validation cohort","IDHmut-codel",89,"Clinicoradiologic","cindex",0.6717171717171717
"Temporal validation cohort","IDHmut-codel",90,"Clinicoradiologic","cindex",0.6657142857142857
"Temporal validation cohort","IDHmut-codel",91,"Clinicoradiologic","cindex",0.6570294784580499
"Temporal validation cohort","IDHmut-codel",92,"Clinicoradiologic","cindex",0.6539196940726577
"Temporal validation cohort","IDHmut-codel",93,"Clinicoradiologic","cindex",0.7462311557788945
"Temporal validation cohort","IDHmut-codel",94,"Clinicoradiologic","cindex",0.6691900075700227
"Temporal validation cohort","IDHmut-codel",95,"Clinicoradiologic","cindex",0.6434720229555236
"Temporal validation cohort","IDHmut-codel",96,"Clinicoradiologic","cindex",0.5263653483992468
"Temporal validation cohort","IDHmut-codel",97,"Clinicoradiologic","cindex",0.6506687647521636
"Temporal validation cohort","IDHmut-codel",98,"Clinicoradiologic","cindex",0.6878048780487804
"Temporal validation cohort","IDHmut-codel",99,"Clinicoradiologic","cindex",0.6148648648648649
"Temporal validation cohort","IDHmut-codel",100,"Clinicoradiologic","cindex",0.7512339585389931
"Temporal validation cohort","IDHmut-codel",1,"3D-ViT","cindex",0.7366110623353819
"Temporal validation cohort","IDHmut-codel",2,"3D-ViT","cindex",0.6574481458202388
"Temporal validation cohort","IDHmut-codel",3,"3D-ViT","cindex",0.6546091015169195
"Temporal validation cohort","IDHmut-codel",4,"3D-ViT","cindex",0.6406698564593302
"Temporal validation cohort","IDHmut-codel",5,"3D-ViT","cindex",0.6577344701583435
"Temporal validation cohort","IDHmut-codel",6,"3D-ViT","cindex",0.6620639534883721
"Temporal validation cohort","IDHmut-codel",7,"3D-ViT","cindex",0.6570155902004454
"Temporal validation cohort","IDHmut-codel",8,"3D-ViT","cindex",0.7408223201174743
"Temporal validation cohort","IDHmut-codel",9,"3D-ViT","cindex",0.6577319587628866
"Temporal validation cohort","IDHmut-codel",10,"3D-ViT","cindex",0.5813114754098361
"Temporal validation cohort","IDHmut-codel",11,"3D-ViT","cindex",0.6148300720906282
"Temporal validation cohort","IDHmut-codel",12,"3D-ViT","cindex",0.573015873015873
"Temporal validation cohort","IDHmut-codel",13,"3D-ViT","cindex",0.6044928522804629
"Temporal validation cohort","IDHmut-codel",14,"3D-ViT","cindex",0.6687116564417178
"Temporal validation cohort","IDHmut-codel",15,"3D-ViT","cindex",0.6534798534798535
"Temporal validation cohort","IDHmut-codel",16,"3D-ViT","cindex",0.5741595253790376
"Temporal validation cohort","IDHmut-codel",17,"3D-ViT","cindex",0.746938775510204
"Temporal validation cohort","IDHmut-codel",18,"3D-ViT","cindex",0.6764295676429568
"Temporal validation cohort","IDHmut-codel",19,"3D-ViT","cindex",0.6804374240583232
"Temporal validation cohort","IDHmut-codel",20,"3D-ViT","cindex",0.6481732070365358
"Temporal validation cohort","IDHmut-codel",21,"3D-ViT","cindex",0.6992312620115311
"Temporal validation cohort","IDHmut-codel",22,"3D-ViT","cindex",0.7520927237604635
"Temporal validation cohort","IDHmut-codel",23,"3D-ViT","cindex",0.7323717948717949
"Temporal validation cohort","IDHmut-codel",24,"3D-ViT","cindex",0.6564605021432945
"Temporal validation cohort","IDHmut-codel",25,"3D-ViT","cindex",0.6936522539098436
"Temporal validation cohort","IDHmut-codel",26,"3D-ViT","cindex",0.6539372409709887
"Temporal validation cohort","IDHmut-codel",27,"3D-ViT","cindex",0.65282583621683965
"Temporal validation cohort","IDHmut-codel",28,"3D-ViT","cindex",0.737217598097503
"Temporal validation cohort","IDHmut-codel",29,"3D-ViT","cindex",0.6349938499384994
"Temporal validation cohort","IDHmut-codel",30,"3D-ViT","cindex",0.6576
"Temporal validation cohort","IDHmut-codel",31,"3D-ViT","cindex",0.6673101673101673
"Temporal validation cohort","IDHmut-codel",32,"3D-ViT","cindex",0.6881720430107527
"Temporal validation cohort","IDHmut-codel",33,"3D-ViT","cindex",0.6515863689776733
"Temporal validation cohort","IDHmut-codel",34,"3D-ViT","cindex",0.6689234935680434
"Temporal validation cohort","IDHmut-codel",35,"3D-ViT","cindex",0.6201298701298701
"Temporal validation cohort","IDHmut-codel",36,"3D-ViT","cindex",0.6185359301544661
"Temporal validation cohort","IDHmut-codel",37,"3D-ViT","cindex",0.5571847507331378
"Temporal validation cohort","IDHmut-codel",38,"3D-ViT","cindex",0.6405542986425339
"Temporal validation cohort","IDHmut-codel",39,"3D-ViT","cindex",0.6996197718631179
"Temporal validation cohort","IDHmut-codel",40,"3D-ViT","cindex",0.64296875
"Temporal validation cohort","IDHmut-codel",41,"3D-ViT","cindex",0.7846202935545629
"Temporal validation cohort","IDHmut-codel",42,"3D-ViT","cindex",0.6655495978552279
"Temporal validation cohort","IDHmut-codel",43,"3D-ViT","cindex",0.7474367737525632
"Temporal validation cohort","IDHmut-codel",44,"3D-ViT","cindex",0.5747126436781609
"Temporal validation cohort","IDHmut-codel",45,"3D-ViT","cindex",0.5025380710659899
"Temporal validation cohort","IDHmut-codel",46,"3D-ViT","cindex",0.7558465855940131
"Temporal validation cohort","IDHmut-codel",47,"3D-ViT","cindex",0.6570552147239264
"Temporal validation cohort","IDHmut-codel",48,"3D-ViT","cindex",0.645912910618793
"Temporal validation cohort","IDHmut-codel",49,"3D-ViT","cindex",0.7197839297771775
"Temporal validation cohort","IDHmut-codel",50,"3D-ViT","cindex",0.7364294330518697
"Temporal validation cohort","IDHmut-codel",51,"3D-ViT","cindex",0.6630375612411541
"Temporal validation cohort","IDHmut-codel",52,"3D-ViT","cindex",0.7068713450292398
"Temporal validation cohort","IDHmut-codel",53,"3D-ViT","cindex",0.6017634092578986
"Temporal validation cohort","IDHmut-codel",54,"3D-ViT","cindex",0.702158273381295
"Temporal validation cohort","IDHmut-codel",55,"3D-ViT","cindex",0.7230878186968839
"Temporal validation cohort","IDHmut-codel",56,"3D-ViT","cindex",0.7279843444227005
"Temporal validation cohort","IDHmut-codel",57,"3D-ViT","cindex",0.7072243346007605
"Temporal validation cohort","IDHmut-codel",58,"3D-ViT","cindex",0.6927621861152142
"Temporal validation cohort","IDHmut-codel",59,"3D-ViT","cindex",0.7040054310930075
"Temporal validation cohort","IDHmut-codel",60,"3D-ViT","cindex",0.6559659090909091
"Temporal validation cohort","IDHmut-codel",61,"3D-ViT","cindex",0.7559890485968515
"Temporal validation cohort","IDHmut-codel",62,"3D-ViT","cindex",0.5849624060150376
"Temporal validation cohort","IDHmut-codel",63,"3D-ViT","cindex",0.6585535465924895
"Temporal validation cohort","IDHmut-codel",64,"3D-ViT","cindex",0.6484641638225256
"Temporal validation cohort","IDHmut-codel",65,"3D-ViT","cindex",0.7034965034965035
"Temporal validation cohort","IDHmut-codel",66,"3D-ViT","cindex",0.6191113490364026
"Temporal validation cohort","IDHmut-codel",67,"3D-ViT","cindex",0.6642949547218628
"Temporal validation cohort","IDHmut-codel",68,"3D-ViT","cindex",0.7471872931833223
"Temporal validation cohort","IDHmut-codel",69,"3D-ViT","cindex",0.6684247538677919
"Temporal validation cohort","IDHmut-codel",70,"3D-ViT","cindex",0.6593846153846153
"Temporal validation cohort","IDHmut-codel",71,"3D-ViT","cindex",0.757915057915058
"Temporal validation cohort","IDHmut-codel",72,"3D-ViT","cindex",0.7211093990755008
"Temporal validation cohort","IDHmut-codel",73,"3D-ViT","cindex",0.5810126582278481
"Temporal validation cohort","IDHmut-codel",74,"3D-ViT","cindex",0.8180610889774236
"Temporal validation cohort","IDHmut-codel",75,"3D-ViT","cindex",0.7272427440633246
"Temporal validation cohort","IDHmut-codel",76,"3D-ViT","cindex",0.6859279401767505
"Temporal validation cohort","IDHmut-codel",77,"3D-ViT","cindex",0.6689110070257611
"Temporal validation cohort","IDHmut-codel",78,"3D-ViT","cindex",0.6437869822485207
"Temporal validation cohort","IDHmut-codel",79,"3D-ViT","cindex",0.6177121771217713
"Temporal validation cohort","IDHmut-codel",80,"3D-ViT","cindex",0.682648401826484
"Temporal validation cohort","IDHmut-codel",81,"3D-ViT","cindex",0.6988235294117647
"Temporal validation cohort","IDHmut-codel",82,"3D-ViT","cindex",0.6602067183462532
"Temporal validation cohort","IDHmut-codel",83,"3D-ViT","cindex",0.7165963431786216
"Temporal validation cohort","IDHmut-codel",84,"3D-ViT","cindex",0.7502347417840376
"Temporal validation cohort","IDHmut-codel",85,"3D-ViT","cindex",0.7231462231462231
"Temporal validation cohort","IDHmut-codel",86,"3D-ViT","cindex",0.6031746031746031
"Temporal validation cohort","IDHmut-codel",87,"3D-ViT","cindex",0.76125
"Temporal validation cohort","IDHmut-codel",88,"3D-ViT","cindex",0.5649831649831649
"Temporal validation cohort","IDHmut-codel",89,"3D-ViT","cindex",0.6854256854256855
"Temporal validation cohort","IDHmut-codel",90,"3D-ViT","cindex",0.7390476190476191
"Temporal validation cohort","IDHmut-codel",91,"3D-ViT","cindex",0.5308956916099774
"Temporal validation cohort","IDHmut-codel",92,"3D-ViT","cindex",0.6934353091140855
"Temporal validation cohort","IDHmut-codel",93,"3D-ViT","cindex",0.657035175879397
"Temporal validation cohort","IDHmut-codel",94,"3D-ViT","cindex",0.6831945495836488
"Temporal validation cohort","IDHmut-codel",95,"3D-ViT","cindex",0.6018651362984218
"Temporal validation cohort","IDHmut-codel",96,"3D-ViT","cindex",0.6657250470809792
"Temporal validation cohort","IDHmut-codel",97,"3D-ViT","cindex",0.7317073170731707
"Temporal validation cohort","IDHmut-codel",98,"3D-ViT","cindex",0.6575609756097561
"Temporal validation cohort","IDHmut-codel",99,"3D-ViT","cindex",0.7415540540540541
"Temporal validation cohort","IDHmut-codel",100,"3D-ViT","cindex",0.7620927936821322
"Temporal validation cohort","IDHmut-codel",1,"CR-ViT","cindex",0.7585601404741
"Temporal validation cohort","IDHmut-codel",2,"CR-ViT","cindex",0.7278441231929604
"Temporal validation cohort","IDHmut-codel",3,"CR-ViT","cindex",0.7012835472578763
"Temporal validation cohort","IDHmut-codel",4,"CR-ViT","cindex",0.7177033492822966
"Temporal validation cohort","IDHmut-codel",5,"CR-ViT","cindex",0.7222898903775883
"Temporal validation cohort","IDHmut-codel",6,"CR-ViT","cindex",0.7405523255813954
"Temporal validation cohort","IDHmut-codel",7,"CR-ViT","cindex",0.734966592427617
"Temporal validation cohort","IDHmut-codel",8,"CR-ViT","cindex",0.7430249632892805
"Temporal validation cohort","IDHmut-codel",9,"CR-ViT","cindex",0.7003436426116838
"Temporal validation cohort","IDHmut-codel",10,"CR-ViT","cindex",0.6183606557377049
"Temporal validation cohort","IDHmut-codel",11,"CR-ViT","cindex",0.7466529351184346
"Temporal validation cohort","IDHmut-codel",12,"CR-ViT","cindex",0.626984126984127
"Temporal validation cohort","IDHmut-codel",13,"CR-ViT","cindex",0.7372362151123213
"Temporal validation cohort","IDHmut-codel",14,"CR-ViT","cindex",0.6763803680981595
"Temporal validation cohort","IDHmut-codel",15,"CR-ViT","cindex",0.7772893772893773
"Temporal validation cohort","IDHmut-codel",16,"CR-ViT","cindex",0.6493078444297956
"Temporal validation cohort","IDHmut-codel",17,"CR-ViT","cindex",0.8138775510204082
"Temporal validation cohort","IDHmut-codel",18,"CR-ViT","cindex",0.7308228730822873
"Temporal validation cohort","IDHmut-codel",19,"CR-ViT","cindex",0.7284325637910085
"Temporal validation cohort","IDHmut-codel",20,"CR-ViT","cindex",0.6738836265223275
"Temporal validation cohort","IDHmut-codel",21,"CR-ViT","cindex",0.7745035233824471
"Temporal validation cohort","IDHmut-codel",22,"CR-ViT","cindex",0.7340631036703156
"Temporal validation cohort","IDHmut-codel",23,"CR-ViT","cindex",0.8547008547008548
"Temporal validation cohort","IDHmut-codel",24,"CR-ViT","cindex",0.7483159828536436
"Temporal validation cohort","IDHmut-codel",25,"CR-ViT","cindex",0.641214351425943
"Temporal validation cohort","IDHmut-codel",26,"CR-ViT","cindex",0.6678507992895204
"Temporal validation cohort","IDHmut-codel",27,"CR-ViT","cindex",0.7698961937716263
"Temporal validation cohort","IDHmut-codel",28,"CR-ViT","cindex",0.7687277051129607
"Temporal validation cohort","IDHmut-codel",29,"CR-ViT","cindex",0.7478474784747847
"Temporal validation cohort","IDHmut-codel",30,"CR-ViT","cindex",0.6496
"Temporal validation cohort","IDHmut-codel",31,"CR-ViT","cindex",0.6898326898326899
"Temporal validation cohort","IDHmut-codel",32,"CR-ViT","cindex",0.7672811059907834
"Temporal validation cohort","IDHmut-codel",33,"CR-ViT","cindex",0.7291421856639249
"Temporal validation cohort","IDHmut-codel",34,"CR-ViT","cindex",0.6621530128639134
"Temporal validation cohort","IDHmut-codel",35,"CR-ViT","cindex",0.6695526695526696
"Temporal validation cohort","IDHmut-codel",36,"CR-ViT","cindex",0.6729348556077904
"Temporal validation cohort","IDHmut-codel",37,"CR-ViT","cindex",0.7116324535679375
"Temporal validation cohort","IDHmut-codel",38,"CR-ViT","cindex",0.6787330316742082
"Temporal validation cohort","IDHmut-codel",39,"CR-ViT","cindex",0.796958174904943
"Temporal validation cohort","IDHmut-codel",40,"CR-ViT","cindex",0.6953125
"Temporal validation cohort","IDHmut-codel",41,"CR-ViT","cindex",0.8315252074026802
"Temporal validation cohort","IDHmut-codel",42,"CR-ViT","cindex",0.7667560321715818
"Temporal validation cohort","IDHmut-codel",43,"CR-ViT","cindex",0.8099794941900205
"Temporal validation cohort","IDHmut-codel",44,"CR-ViT","cindex",0.6533575317604355
"Temporal validation cohort","IDHmut-codel",45,"CR-ViT","cindex",0.6178390137781
"Temporal validation cohort","IDHmut-codel",46,"CR-ViT","cindex",0.7436856875584659
"Temporal validation cohort","IDHmut-codel",47,"CR-ViT","cindex",0.7693251533742331
"Temporal validation cohort","IDHmut-codel",48,"CR-ViT","cindex",0.7349121466768526
"Temporal validation cohort","IDHmut-codel",49,"CR-ViT","cindex",0.7474679270762998
"Temporal validation cohort","IDHmut-codel",50,"CR-ViT","cindex",0.7448733413751508
"Temporal validation cohort","IDHmut-codel",51,"CR-ViT","cindex",0.7136635819270549
"Temporal validation cohort","IDHmut-codel",52,"CR-ViT","cindex",0.7258771929824561
"Temporal validation cohort","IDHmut-codel",53,"CR-ViT","cindex",0.6759735488611316
"Temporal validation cohort","IDHmut-codel",54,"CR-ViT","cindex",0.7625899280575539
"Temporal validation cohort","IDHmut-codel",55,"CR-ViT","cindex",0.7308781869688386
"Temporal validation cohort","IDHmut-codel",56,"CR-ViT","cindex",0.7638617090671885
"Temporal validation cohort","IDHmut-codel",57,"CR-ViT","cindex",0.7306717363751585
"Temporal validation cohort","IDHmut-codel",58,"CR-ViT","cindex",0.7518463810930576
"Temporal validation cohort","IDHmut-codel",59,"CR-ViT","cindex",0.7318397827562797
"Temporal validation cohort","IDHmut-codel",60,"CR-ViT","cindex",0.7301136363636364
"Temporal validation cohort","IDHmut-codel",61,"CR-ViT","cindex",0.783709787816564
"Temporal validation cohort","IDHmut-codel",62,"CR-ViT","cindex",0.6330827067669174
"Temporal validation cohort","IDHmut-codel",63,"CR-ViT","cindex",0.7468706536856745
"Temporal validation cohort","IDHmut-codel",64,"CR-ViT","cindex",0.6638225255972696
"Temporal validation cohort","IDHmut-codel",65,"CR-ViT","cindex",0.7811188811188812
"Temporal validation cohort","IDHmut-codel",66,"CR-ViT","cindex",0.6766595289079229
"Temporal validation cohort","IDHmut-codel",67,"CR-ViT","cindex",0.7419146183699871
"Temporal validation cohort","IDHmut-codel",68,"CR-ViT","cindex",0.7524818001323627
"Temporal validation cohort","IDHmut-codel",69,"CR-ViT","cindex",0.7180028129395218
"Temporal validation cohort","IDHmut-codel",70,"CR-ViT","cindex",0.7021538461538461
"Temporal validation cohort","IDHmut-codel",71,"CR-ViT","cindex",0.7799227799227799
"Temporal validation cohort","IDHmut-codel",72,"CR-ViT","cindex",0.7942989214175655
"Temporal validation cohort","IDHmut-codel",73,"CR-ViT","cindex",0.6765822784810127
"Temporal validation cohort","IDHmut-codel",74,"CR-ViT","cindex",0.8625498007968128
"Temporal validation cohort","IDHmut-codel",75,"CR-ViT","cindex",0.7730870712401056
"Temporal validation cohort","IDHmut-codel",76,"CR-ViT","cindex",0.6784500339904826
"Temporal validation cohort","IDHmut-codel",77,"CR-ViT","cindex",0.7669789227166277
"Temporal validation cohort","IDHmut-codel",78,"CR-ViT","cindex",0.7065088757396449
"Temporal validation cohort","IDHmut-codel",79,"CR-ViT","cindex",0.7129151291512915
"Temporal validation cohort","IDHmut-codel",80,"CR-ViT","cindex",0.6834094368340944
"Temporal validation cohort","IDHmut-codel",81,"CR-ViT","cindex",0.8164705882352941
"Temporal validation cohort","IDHmut-codel",82,"CR-ViT","cindex",0.6744186046511628
"Temporal validation cohort","IDHmut-codel",83,"CR-ViT","cindex",0.7531645569620253
"Temporal validation cohort","IDHmut-codel",84,"CR-ViT","cindex",0.739906103286385
"Temporal validation cohort","IDHmut-codel",85,"CR-ViT","cindex",0.7955647955647955
"Temporal validation cohort","IDHmut-codel",86,"CR-ViT","cindex",0.6170634920634921
"Temporal validation cohort","IDHmut-codel",87,"CR-ViT","cindex",0.8316666666666667
"Temporal validation cohort","IDHmut-codel",88,"CR-ViT","cindex",0.6666666666666666
"Temporal validation cohort","IDHmut-codel",89,"CR-ViT","cindex",0.7258297258297258
"Temporal validation cohort","IDHmut-codel",90,"CR-ViT","cindex",0.7609523809523809
"Temporal validation cohort","IDHmut-codel",91,"CR-ViT","cindex",0.6383219954648526
"Temporal validation cohort","IDHmut-codel",92,"CR-ViT","cindex",0.7361376673040153
"Temporal validation cohort","IDHmut-codel",93,"CR-ViT","cindex",0.7945979899497487
"Temporal validation cohort","IDHmut-codel",94,"CR-ViT","cindex",0.7918243754731265
"Temporal validation cohort","IDHmut-codel",95,"CR-ViT","cindex",0.6535150645624104
"Temporal validation cohort","IDHmut-codel",96,"CR-ViT","cindex",0.6563088512241054
"Temporal validation cohort","IDHmut-codel",97,"CR-ViT","cindex",0.7482297403619198
"Temporal validation cohort","IDHmut-codel",98,"CR-ViT","cindex",0.7541463414634146
"Temporal validation cohort","IDHmut-codel",99,"CR-ViT","cindex",0.71875
"Temporal validation cohort","IDHmut-codel",100,"CR-ViT","cindex",0.8144126357354393
"Temporal validation cohort","IDHmut-codel",1,"3D-CNN","iauc",0.7312117666287576
"Temporal validation cohort","IDHmut-codel",2,"3D-CNN","iauc",0.6218871642870847
"Temporal validation cohort","IDHmut-codel",3,"3D-CNN","iauc",0.6674600220652291
"Temporal validation cohort","IDHmut-codel",4,"3D-CNN","iauc",0.6119363067853079
"Temporal validation cohort","IDHmut-codel",5,"3D-CNN","iauc",0.623791199112493
"Temporal validation cohort","IDHmut-codel",6,"3D-CNN","iauc",0.6985311825259439
"Temporal validation cohort","IDHmut-codel",7,"3D-CNN","iauc",0.6575945596163459
"Temporal validation cohort","IDHmut-codel",8,"3D-CNN","iauc",0.7350044795350167
"Temporal validation cohort","IDHmut-codel",9,"3D-CNN","iauc",0.6819580623793039
"Temporal validation cohort","IDHmut-codel",10,"3D-CNN","iauc",0.5591769389484569
"Temporal validation cohort","IDHmut-codel",11,"3D-CNN","iauc",0.5963071964843821
"Temporal validation cohort","IDHmut-codel",12,"3D-CNN","iauc",0.6095236697110284
"Temporal validation cohort","IDHmut-codel",13,"3D-CNN","iauc",0.6328112676457232
"Temporal validation cohort","IDHmut-codel",14,"3D-CNN","iauc",0.6301126417743195
"Temporal validation cohort","IDHmut-codel",15,"3D-CNN","iauc",0.7203589622718671
"Temporal validation cohort","IDHmut-codel",16,"3D-CNN","iauc",0.6255996378543061
"Temporal validation cohort","IDHmut-codel",17,"3D-CNN","iauc",0.7233410488086304
"Temporal validation cohort","IDHmut-codel",18,"3D-CNN","iauc",0.6815453559762339
"Temporal validation cohort","IDHmut-codel",19,"3D-CNN","iauc",0.6327486569204577
"Temporal validation cohort","IDHmut-codel",20,"3D-CNN","iauc",0.6250318652399119
"Temporal validation cohort","IDHmut-codel",21,"3D-CNN","iauc",0.6471096866877482
"Temporal validation cohort","IDHmut-codel",22,"3D-CNN","iauc",0.6573524051571156
"Temporal validation cohort","IDHmut-codel",23,"3D-CNN","iauc",0.7558593902039379
"Temporal validation cohort","IDHmut-codel",24,"3D-CNN","iauc",0.6842153975584281
"Temporal validation cohort","IDHmut-codel",25,"3D-CNN","iauc",0.6029795003856792
"Temporal validation cohort","IDHmut-codel",26,"3D-CNN","iauc",0.6926761647486136
"Temporal validation cohort","IDHmut-codel",27,"3D-CNN","iauc",0.6322711727143623
"Temporal validation cohort","IDHmut-codel",28,"3D-CNN","iauc",0.7577832463331283
"Temporal validation cohort","IDHmut-codel",29,"3D-CNN","iauc",0.6252785632431286
"Temporal validation cohort","IDHmut-codel",30,"3D-CNN","iauc",0.6725776285118289
"Temporal validation cohort","IDHmut-codel",31,"3D-CNN","iauc",0.7384228594657358
"Temporal validation cohort","IDHmut-codel",32,"3D-CNN","iauc",0.6267320937742766
"Temporal validation cohort","IDHmut-codel",33,"3D-CNN","iauc",0.6692345599855275
"Temporal validation cohort","IDHmut-codel",34,"3D-CNN","iauc",0.6116510644904172
"Temporal validation cohort","IDHmut-codel",35,"3D-CNN","iauc",0.551488738480246
"Temporal validation cohort","IDHmut-codel",36,"3D-CNN","iauc",0.5529426744433624
"Temporal validation cohort","IDHmut-codel",37,"3D-CNN","iauc",0.5736188773069287
"Temporal validation cohort","IDHmut-codel",38,"3D-CNN","iauc",0.6742628506804316
"Temporal validation cohort","IDHmut-codel",39,"3D-CNN","iauc",0.7494016416642904
"Temporal validation cohort","IDHmut-codel",40,"3D-CNN","iauc",0.6703195719949503
"Temporal validation cohort","IDHmut-codel",41,"3D-CNN","iauc",0.7266552681579609
"Temporal validation cohort","IDHmut-codel",42,"3D-CNN","iauc",0.6326774422482064
"Temporal validation cohort","IDHmut-codel",43,"3D-CNN","iauc",0.7660493112787596
"Temporal validation cohort","IDHmut-codel",44,"3D-CNN","iauc",0.5031251525758117
"Temporal validation cohort","IDHmut-codel",45,"3D-CNN","iauc",0.5277719288243347
"Temporal validation cohort","IDHmut-codel",46,"3D-CNN","iauc",0.7349326549439378
"Temporal validation cohort","IDHmut-codel",47,"3D-CNN","iauc",0.6630341712700241
"Temporal validation cohort","IDHmut-codel",48,"3D-CNN","iauc",0.698579118725114
"Temporal validation cohort","IDHmut-codel",49,"3D-CNN","iauc",0.7045371781093941
"Temporal validation cohort","IDHmut-codel",50,"3D-CNN","iauc",0.6939869776856008
"Temporal validation cohort","IDHmut-codel",51,"3D-CNN","iauc",0.7254986453377477
"Temporal validation cohort","IDHmut-codel",52,"3D-CNN","iauc",0.6958860252864159
"Temporal validation cohort","IDHmut-codel",53,"3D-CNN","iauc",0.5912810368543842
"Temporal validation cohort","IDHmut-codel",54,"3D-CNN","iauc",0.7659164265528169
"Temporal validation cohort","IDHmut-codel",55,"3D-CNN","iauc",0.7468968652581878
"Temporal validation cohort","IDHmut-codel",56,"3D-CNN","iauc",0.7005246926698747
"Temporal validation cohort","IDHmut-codel",57,"3D-CNN","iauc",0.6994586284754569
"Temporal validation cohort","IDHmut-codel",58,"3D-CNN","iauc",0.7170183836111608
"Temporal validation cohort","IDHmut-codel",59,"3D-CNN","iauc",0.7324850649423756
"Temporal validation cohort","IDHmut-codel",60,"3D-CNN","iauc",0.6536725875578194
"Temporal validation cohort","IDHmut-codel",61,"3D-CNN","iauc",0.7892375463937318
"Temporal validation cohort","IDHmut-codel",62,"3D-CNN","iauc",0.5145192352877446
"Temporal validation cohort","IDHmut-codel",63,"3D-CNN","iauc",0.742892352416307
"Temporal validation cohort","IDHmut-codel",64,"3D-CNN","iauc",0.5905987301565446
"Temporal validation cohort","IDHmut-codel",65,"3D-CNN","iauc",0.7056352025682248
"Temporal validation cohort","IDHmut-codel",66,"3D-CNN","iauc",0.5392984178404726
"Temporal validation cohort","IDHmut-codel",67,"3D-CNN","iauc",0.6458582666705698
"Temporal validation cohort","IDHmut-codel",68,"3D-CNN","iauc",0.7732578328118528
"Temporal validation cohort","IDHmut-codel",69,"3D-CNN","iauc",0.5833191349653145
"Temporal validation cohort","IDHmut-codel",70,"3D-CNN","iauc",0.6977234764770448
"Temporal validation cohort","IDHmut-codel",71,"3D-CNN","iauc",0.8353448074329628
"Temporal validation cohort","IDHmut-codel",72,"3D-CNN","iauc",0.7424946547650532
"Temporal validation cohort","IDHmut-codel",73,"3D-CNN","iauc",0.5985256217054388
"Temporal validation cohort","IDHmut-codel",74,"3D-CNN","iauc",0.7908456855860551
"Temporal validation cohort","IDHmut-codel",75,"3D-CNN","iauc",0.6975681025723102
"Temporal validation cohort","IDHmut-codel",76,"3D-CNN","iauc",0.6288350851583506
"Temporal validation cohort","IDHmut-codel",77,"3D-CNN","iauc",0.6840657237792404
"Temporal validation cohort","IDHmut-codel",78,"3D-CNN","iauc",0.6052089419276887
"Temporal validation cohort","IDHmut-codel",79,"3D-CNN","iauc",0.6856729662077536
"Temporal validation cohort","IDHmut-codel",80,"3D-CNN","iauc",0.6548569604080412
"Temporal validation cohort","IDHmut-codel",81,"3D-CNN","iauc",0.7593254089284317
"Temporal validation cohort","IDHmut-codel",82,"3D-CNN","iauc",0.6826915585690663
"Temporal validation cohort","IDHmut-codel",83,"3D-CNN","iauc",0.6931814278798828
"Temporal validation cohort","IDHmut-codel",84,"3D-CNN","iauc",0.7665411062924904
"Temporal validation cohort","IDHmut-codel",85,"3D-CNN","iauc",0.8164729861748534
"Temporal validation cohort","IDHmut-codel",86,"3D-CNN","iauc",0.5496260615499129
"Temporal validation cohort","IDHmut-codel",87,"3D-CNN","iauc",0.7720208061924692
"Temporal validation cohort","IDHmut-codel",88,"3D-CNN","iauc",0.5557453950240776
"Temporal validation cohort","IDHmut-codel",89,"3D-CNN","iauc",0.6500480480691702
"Temporal validation cohort","IDHmut-codel",90,"3D-CNN","iauc",0.730174695243298
"Temporal validation cohort","IDHmut-codel",91,"3D-CNN","iauc",0.44438886674336736
"Temporal validation cohort","IDHmut-codel",92,"3D-CNN","iauc",0.6723632972461143
"Temporal validation cohort","IDHmut-codel",93,"3D-CNN","iauc",0.6858495930799303
"Temporal validation cohort","IDHmut-codel",94,"3D-CNN","iauc",0.7724905420704312
"Temporal validation cohort","IDHmut-codel",95,"3D-CNN","iauc",0.536609043548559
"Temporal validation cohort","IDHmut-codel",96,"3D-CNN","iauc",0.6141557751027248
"Temporal validation cohort","IDHmut-codel",97,"3D-CNN","iauc",0.760273436581981
"Temporal validation cohort","IDHmut-codel",98,"3D-CNN","iauc",0.646189102111584
"Temporal validation cohort","IDHmut-codel",99,"3D-CNN","iauc",0.712117539823813
"Temporal validation cohort","IDHmut-codel",100,"3D-CNN","iauc",0.7907633505773093
"Temporal validation cohort","IDHmut-codel",1,"Clinicoradiologic","iauc",0.6223363615274096
"Temporal validation cohort","IDHmut-codel",2,"Clinicoradiologic","iauc",0.7054796561906522
"Temporal validation cohort","IDHmut-codel",3,"Clinicoradiologic","iauc",0.6413604356746904
"Temporal validation cohort","IDHmut-codel",4,"Clinicoradiologic","iauc",0.6259621444295266
"Temporal validation cohort","IDHmut-codel",5,"Clinicoradiologic","iauc",0.7043774794514565
"Temporal validation cohort","IDHmut-codel",6,"Clinicoradiologic","iauc",0.6776483747703421
"Temporal validation cohort","IDHmut-codel",7,"Clinicoradiologic","iauc",0.6950584828314367
"Temporal validation cohort","IDHmut-codel",8,"Clinicoradiologic","iauc",0.713626570120653
"Temporal validation cohort","IDHmut-codel",9,"Clinicoradiologic","iauc",0.7057003176400555
"Temporal validation cohort","IDHmut-codel",10,"Clinicoradiologic","iauc",0.5776759314192493
"Temporal validation cohort","IDHmut-codel",11,"Clinicoradiologic","iauc",0.7506485566220893
"Temporal validation cohort","IDHmut-codel",12,"Clinicoradiologic","iauc",0.6018767755636476
"Temporal validation cohort","IDHmut-codel",13,"Clinicoradiologic","iauc",0.7809890788887784
"Temporal validation cohort","IDHmut-codel",14,"Clinicoradiologic","iauc",0.5965162310797995
"Temporal validation cohort","IDHmut-codel",15,"Clinicoradiologic","iauc",0.7670492125474891
"Temporal validation cohort","IDHmut-codel",16,"Clinicoradiologic","iauc",0.6463359125505478
"Temporal validation cohort","IDHmut-codel",17,"Clinicoradiologic","iauc",0.7585373594121992
"Temporal validation cohort","IDHmut-codel",18,"Clinicoradiologic","iauc",0.6311361826544349
"Temporal validation cohort","IDHmut-codel",19,"Clinicoradiologic","iauc",0.6903928519536805
"Temporal validation cohort","IDHmut-codel",20,"Clinicoradiologic","iauc",0.589705938902627
"Temporal validation cohort","IDHmut-codel",21,"Clinicoradiologic","iauc",0.7356798492787816
"Temporal validation cohort","IDHmut-codel",22,"Clinicoradiologic","iauc",0.6272806393520934
"Temporal validation cohort","IDHmut-codel",23,"Clinicoradiologic","iauc",0.7783425510603288
"Temporal validation cohort","IDHmut-codel",24,"Clinicoradiologic","iauc",0.651341856101043
"Temporal validation cohort","IDHmut-codel",25,"Clinicoradiologic","iauc",0.5313734734614792
"Temporal validation cohort","IDHmut-codel",26,"Clinicoradiologic","iauc",0.597307108946818
"Temporal validation cohort","IDHmut-codel",27,"Clinicoradiologic","iauc",0.673762875487445
"Temporal validation cohort","IDHmut-codel",28,"Clinicoradiologic","iauc",0.7059336384248951
"Temporal validation cohort","IDHmut-codel",29,"Clinicoradiologic","iauc",0.7271539074940576
"Temporal validation cohort","IDHmut-codel",30,"Clinicoradiologic","iauc",0.6075173469701656
"Temporal validation cohort","IDHmut-codel",31,"Clinicoradiologic","iauc",0.6640856071699567
"Temporal validation cohort","IDHmut-codel",32,"Clinicoradiologic","iauc",0.7060066481892636
"Temporal validation cohort","IDHmut-codel",33,"Clinicoradiologic","iauc",0.6607477088648376
"Temporal validation cohort","IDHmut-codel",34,"Clinicoradiologic","iauc",0.6096003549690837
"Temporal validation cohort","IDHmut-codel",35,"Clinicoradiologic","iauc",0.7086992369276729
"Temporal validation cohort","IDHmut-codel",36,"Clinicoradiologic","iauc",0.5399017176960904
"Temporal validation cohort","IDHmut-codel",37,"Clinicoradiologic","iauc",0.683785193117739
"Temporal validation cohort","IDHmut-codel",38,"Clinicoradiologic","iauc",0.6454324247883818
"Temporal validation cohort","IDHmut-codel",39,"Clinicoradiologic","iauc",0.7267547448288189
"Temporal validation cohort","IDHmut-codel",40,"Clinicoradiologic","iauc",0.6364325885062404
"Temporal validation cohort","IDHmut-codel",41,"Clinicoradiologic","iauc",0.7297672037199189
"Temporal validation cohort","IDHmut-codel",42,"Clinicoradiologic","iauc",0.7258401795272706
"Temporal validation cohort","IDHmut-codel",43,"Clinicoradiologic","iauc",0.7568320337331564
"Temporal validation cohort","IDHmut-codel",44,"Clinicoradiologic","iauc",0.6537026934107133
"Temporal validation cohort","IDHmut-codel",45,"Clinicoradiologic","iauc",0.6290379128141796
"Temporal validation cohort","IDHmut-codel",46,"Clinicoradiologic","iauc",0.6870890137541805
"Temporal validation cohort","IDHmut-codel",47,"Clinicoradiologic","iauc",0.7597199381266034
"Temporal validation cohort","IDHmut-codel",48,"Clinicoradiologic","iauc",0.7102524814246187
"Temporal validation cohort","IDHmut-codel",49,"Clinicoradiologic","iauc",0.6671049014799109
"Temporal validation cohort","IDHmut-codel",50,"Clinicoradiologic","iauc",0.6681636696793196
"Temporal validation cohort","IDHmut-codel",51,"Clinicoradiologic","iauc",0.6740690267975036
"Temporal validation cohort","IDHmut-codel",52,"Clinicoradiologic","iauc",0.6825650086276824
"Temporal validation cohort","IDHmut-codel",53,"Clinicoradiologic","iauc",0.6153908749051475
"Temporal validation cohort","IDHmut-codel",54,"Clinicoradiologic","iauc",0.6771429588391538
"Temporal validation cohort","IDHmut-codel",55,"Clinicoradiologic","iauc",0.6405414505485842
"Temporal validation cohort","IDHmut-codel",56,"Clinicoradiologic","iauc",0.7193364130085869
"Temporal validation cohort","IDHmut-codel",57,"Clinicoradiologic","iauc",0.6822741460127716
"Temporal validation cohort","IDHmut-codel",58,"Clinicoradiologic","iauc",0.7008746515395106
"Temporal validation cohort","IDHmut-codel",59,"Clinicoradiologic","iauc",0.7021279380933867
"Temporal validation cohort","IDHmut-codel",60,"Clinicoradiologic","iauc",0.6738177476331603
"Temporal validation cohort","IDHmut-codel",61,"Clinicoradiologic","iauc",0.7032717818628249
"Temporal validation cohort","IDHmut-codel",62,"Clinicoradiologic","iauc",0.5287343860383216
"Temporal validation cohort","IDHmut-codel",63,"Clinicoradiologic","iauc",0.6753100691866778
"Temporal validation cohort","IDHmut-codel",64,"Clinicoradiologic","iauc",0.6338664851978985
"Temporal validation cohort","IDHmut-codel",65,"Clinicoradiologic","iauc",0.714099927025655
"Temporal validation cohort","IDHmut-codel",66,"Clinicoradiologic","iauc",0.6330398004492434
"Temporal validation cohort","IDHmut-codel",67,"Clinicoradiologic","iauc",0.706793103252301
"Temporal validation cohort","IDHmut-codel",68,"Clinicoradiologic","iauc",0.6977438747738081
"Temporal validation cohort","IDHmut-codel",69,"Clinicoradiologic","iauc",0.6889335423547943
"Temporal validation cohort","IDHmut-codel",70,"Clinicoradiologic","iauc",0.6772224340568774
"Temporal validation cohort","IDHmut-codel",71,"Clinicoradiologic","iauc",0.6427286071789545
"Temporal validation cohort","IDHmut-codel",72,"Clinicoradiologic","iauc",0.7698135537654037
"Temporal validation cohort","IDHmut-codel",73,"Clinicoradiologic","iauc",0.6767456520810776
"Temporal validation cohort","IDHmut-codel",74,"Clinicoradiologic","iauc",0.806428074403868
"Temporal validation cohort","IDHmut-codel",75,"Clinicoradiologic","iauc",0.7365086356250188
"Temporal validation cohort","IDHmut-codel",76,"Clinicoradiologic","iauc",0.6756428221650068
"Temporal validation cohort","IDHmut-codel",77,"Clinicoradiologic","iauc",0.7062964810835607
"Temporal validation cohort","IDHmut-codel",78,"Clinicoradiologic","iauc",0.6591395132200442
"Temporal validation cohort","IDHmut-codel",79,"Clinicoradiologic","iauc",0.7184542505987844
"Temporal validation cohort","IDHmut-codel",80,"Clinicoradiologic","iauc",0.5812202195309458
"Temporal validation cohort","IDHmut-codel",81,"Clinicoradiologic","iauc",0.7248001958754593
"Temporal validation cohort","IDHmut-codel",82,"Clinicoradiologic","iauc",0.5891303161098042
"Temporal validation cohort","IDHmut-codel",83,"Clinicoradiologic","iauc",0.6887736563449178
"Temporal validation cohort","IDHmut-codel",84,"Clinicoradiologic","iauc",0.5928819950647877
"Temporal validation cohort","IDHmut-codel",85,"Clinicoradiologic","iauc",0.7107494781499867
"Temporal validation cohort","IDHmut-codel",86,"Clinicoradiologic","iauc",0.5828253395788963
"Temporal validation cohort","IDHmut-codel",87,"Clinicoradiologic","iauc",0.7388572079071295
"Temporal validation cohort","IDHmut-codel",88,"Clinicoradiologic","iauc",0.6319675025699216
"Temporal validation cohort","IDHmut-codel",89,"Clinicoradiologic","iauc",0.6886910732988035
"Temporal validation cohort","IDHmut-codel",90,"Clinicoradiologic","iauc",0.7127699280136246
"Temporal validation cohort","IDHmut-codel",91,"Clinicoradiologic","iauc",0.664623306537571
"Temporal validation cohort","IDHmut-codel",92,"Clinicoradiologic","iauc",0.6823573033814354
"Temporal validation cohort","IDHmut-codel",93,"Clinicoradiologic","iauc",0.7809059993656728
"Temporal validation cohort","IDHmut-codel",94,"Clinicoradiologic","iauc",0.7298670897620851
"Temporal validation cohort","IDHmut-codel",95,"Clinicoradiologic","iauc",0.6517422724277965
"Temporal validation cohort","IDHmut-codel",96,"Clinicoradiologic","iauc",0.5902074947433711
"Temporal validation cohort","IDHmut-codel",97,"Clinicoradiologic","iauc",0.7070902282124929
"Temporal validation cohort","IDHmut-codel",98,"Clinicoradiologic","iauc",0.7054237797091997
"Temporal validation cohort","IDHmut-codel",99,"Clinicoradiologic","iauc",0.6546973932830358
"Temporal validation cohort","IDHmut-codel",100,"Clinicoradiologic","iauc",0.7641547906410026
"Temporal validation cohort","IDHmut-codel",1,"3D-ViT","iauc",0.8485581903784838
"Temporal validation cohort","IDHmut-codel",2,"3D-ViT","iauc",0.705259417089816
"Temporal validation cohort","IDHmut-codel",3,"3D-ViT","iauc",0.7100806338608846
"Temporal validation cohort","IDHmut-codel",4,"3D-ViT","iauc",0.6754189119835948
"Temporal validation cohort","IDHmut-codel",5,"3D-ViT","iauc",0.7174966015858896
"Temporal validation cohort","IDHmut-codel",6,"3D-ViT","iauc",0.7342642525135178
"Temporal validation cohort","IDHmut-codel",7,"3D-ViT","iauc",0.738370540862744
"Temporal validation cohort","IDHmut-codel",8,"3D-ViT","iauc",0.7969304779811814
"Temporal validation cohort","IDHmut-codel",9,"3D-ViT","iauc",0.7480243125250207
"Temporal validation cohort","IDHmut-codel",10,"3D-ViT","iauc",0.6412496472311169
"Temporal validation cohort","IDHmut-codel",11,"3D-ViT","iauc",0.6753370655527183
"Temporal validation cohort","IDHmut-codel",12,"3D-ViT","iauc",0.5926406573744144
"Temporal validation cohort","IDHmut-codel",13,"3D-ViT","iauc",0.6545813311029389
"Temporal validation cohort","IDHmut-codel",14,"3D-ViT","iauc",0.7007986894433588
"Temporal validation cohort","IDHmut-codel",15,"3D-ViT","iauc",0.7694814982291102
"Temporal validation cohort","IDHmut-codel",16,"3D-ViT","iauc",0.6272220889861557
"Temporal validation cohort","IDHmut-codel",17,"3D-ViT","iauc",0.799717729889987
"Temporal validation cohort","IDHmut-codel",18,"3D-ViT","iauc",0.7192840549160748
"Temporal validation cohort","IDHmut-codel",19,"3D-ViT","iauc",0.739083256995484
"Temporal validation cohort","IDHmut-codel",20,"3D-ViT","iauc",0.6960622709176738
"Temporal validation cohort","IDHmut-codel",21,"3D-ViT","iauc",0.7541720286845967
"Temporal validation cohort","IDHmut-codel",22,"3D-ViT","iauc",0.8130460739789211
"Temporal validation cohort","IDHmut-codel",23,"3D-ViT","iauc",0.8587710312295843
"Temporal validation cohort","IDHmut-codel",24,"3D-ViT","iauc",0.7176505305347682
"Temporal validation cohort","IDHmut-codel",25,"3D-ViT","iauc",0.6880724296738323
"Temporal validation cohort","IDHmut-codel",26,"3D-ViT","iauc",0.6872130442605446
"Temporal validation cohort","IDHmut-codel",27,"3D-ViT","iauc",0.7388377154251441
"Temporal validation cohort","IDHmut-codel",28,"3D-ViT","iauc",0.807013535026488
"Temporal validation cohort","IDHmut-codel",29,"3D-ViT","iauc",0.7136838785838185
"Temporal validation cohort","IDHmut-codel",30,"3D-ViT","iauc",0.7322797445724699
"Temporal validation cohort","IDHmut-codel",31,"3D-ViT","iauc",0.7232103761837003
"Temporal validation cohort","IDHmut-codel",32,"3D-ViT","iauc",0.7602946427622533
"Temporal validation cohort","IDHmut-codel",33,"3D-ViT","iauc",0.7091674718864455
"Temporal validation cohort","IDHmut-codel",34,"3D-ViT","iauc",0.7385309020696624
"Temporal validation cohort","IDHmut-codel",35,"3D-ViT","iauc",0.6733812156505169
"Temporal validation cohort","IDHmut-codel",36,"3D-ViT","iauc",0.6338952442044056
"Temporal validation cohort","IDHmut-codel",37,"3D-ViT","iauc",0.6363606343560343
"Temporal validation cohort","IDHmut-codel",38,"3D-ViT","iauc",0.6864665620147695
"Temporal validation cohort","IDHmut-codel",39,"3D-ViT","iauc",0.8114594389137147
"Temporal validation cohort","IDHmut-codel",40,"3D-ViT","iauc",0.6972606554930962
"Temporal validation cohort","IDHmut-codel",41,"3D-ViT","iauc",0.8736599178104066
"Temporal validation cohort","IDHmut-codel",42,"3D-ViT","iauc",0.7016290798141419
"Temporal validation cohort","IDHmut-codel",43,"3D-ViT","iauc",0.8371896134775285
"Temporal validation cohort","IDHmut-codel",44,"3D-ViT","iauc",0.5736791445066414
"Temporal validation cohort","IDHmut-codel",45,"3D-ViT","iauc",0.5724274388439874
"Temporal validation cohort","IDHmut-codel",46,"3D-ViT","iauc",0.8703134940633068
"Temporal validation cohort","IDHmut-codel",47,"3D-ViT","iauc",0.7285370131844956
"Temporal validation cohort","IDHmut-codel",48,"3D-ViT","iauc",0.6724167851958808
"Temporal validation cohort","IDHmut-codel",49,"3D-ViT","iauc",0.7870209573205706
"Temporal validation cohort","IDHmut-codel",50,"3D-ViT","iauc",0.8022990583889318
"Temporal validation cohort","IDHmut-codel",51,"3D-ViT","iauc",0.7090780003483454
"Temporal validation cohort","IDHmut-codel",52,"3D-ViT","iauc",0.7489767357164854
"Temporal validation cohort","IDHmut-codel",53,"3D-ViT","iauc",0.6522272472397428
"Temporal validation cohort","IDHmut-codel",54,"3D-ViT","iauc",0.7920284230128233
"Temporal validation cohort","IDHmut-codel",55,"3D-ViT","iauc",0.8032758015787352
"Temporal validation cohort","IDHmut-codel",56,"3D-ViT","iauc",0.7408985735300033
"Temporal validation cohort","IDHmut-codel",57,"3D-ViT","iauc",0.7746572039963812
"Temporal validation cohort","IDHmut-codel",58,"3D-ViT","iauc",0.7461172863953035
"Temporal validation cohort","IDHmut-codel",59,"3D-ViT","iauc",0.7617274107669949
"Temporal validation cohort","IDHmut-codel",60,"3D-ViT","iauc",0.7134470796453817
"Temporal validation cohort","IDHmut-codel",61,"3D-ViT","iauc",0.8415791760763827
"Temporal validation cohort","IDHmut-codel",62,"3D-ViT","iauc",0.5751312482991835
"Temporal validation cohort","IDHmut-codel",63,"3D-ViT","iauc",0.767474205586323
"Temporal validation cohort","IDHmut-codel",64,"3D-ViT","iauc",0.7200704978505316
"Temporal validation cohort","IDHmut-codel",65,"3D-ViT","iauc",0.76815766166774
"Temporal validation cohort","IDHmut-codel",66,"3D-ViT","iauc",0.6600211963975956
"Temporal validation cohort","IDHmut-codel",67,"3D-ViT","iauc",0.7149569714818717
"Temporal validation cohort","IDHmut-codel",68,"3D-ViT","iauc",0.8313818895925098
"Temporal validation cohort","IDHmut-codel",69,"3D-ViT","iauc",0.6963267572381383
"Temporal validation cohort","IDHmut-codel",70,"3D-ViT","iauc",0.7505106112088966
"Temporal validation cohort","IDHmut-codel",71,"3D-ViT","iauc",0.8050690626807374
"Temporal validation cohort","IDHmut-codel",72,"3D-ViT","iauc",0.8058038686741807
"Temporal validation cohort","IDHmut-codel",73,"3D-ViT","iauc",0.63702082625438
"Temporal validation cohort","IDHmut-codel",74,"3D-ViT","iauc",0.8865676778749207
"Temporal validation cohort","IDHmut-codel",75,"3D-ViT","iauc",0.7686896097192732
"Temporal validation cohort","IDHmut-codel",76,"3D-ViT","iauc",0.7205027167684503
"Temporal validation cohort","IDHmut-codel",77,"3D-ViT","iauc",0.7281328596701443
"Temporal validation cohort","IDHmut-codel",78,"3D-ViT","iauc",0.6883876430742505
"Temporal validation cohort","IDHmut-codel",79,"3D-ViT","iauc",0.7043007416746081
"Temporal validation cohort","IDHmut-codel",80,"3D-ViT","iauc",0.7423000219900636
"Temporal validation cohort","IDHmut-codel",81,"3D-ViT","iauc",0.809505416919477
"Temporal validation cohort","IDHmut-codel",82,"3D-ViT","iauc",0.7009109638495812
"Temporal validation cohort","IDHmut-codel",83,"3D-ViT","iauc",0.759078415304628
"Temporal validation cohort","IDHmut-codel",84,"3D-ViT","iauc",0.7811805695618966
"Temporal validation cohort","IDHmut-codel",85,"3D-ViT","iauc",0.8129125611399676
"Temporal validation cohort","IDHmut-codel",86,"3D-ViT","iauc",0.6256810575270165
"Temporal validation cohort","IDHmut-codel",87,"3D-ViT","iauc",0.8588401837840872
"Temporal validation cohort","IDHmut-codel",88,"3D-ViT","iauc",0.5767579300938007
"Temporal validation cohort","IDHmut-codel",89,"3D-ViT","iauc",0.745530134258222
"Temporal validation cohort","IDHmut-codel",90,"3D-ViT","iauc",0.7827986203614359
"Temporal validation cohort","IDHmut-codel",91,"3D-ViT","iauc",0.5181054812446015
"Temporal validation cohort","IDHmut-codel",92,"3D-ViT","iauc",0.7408110255181917
"Temporal validation cohort","IDHmut-codel",93,"3D-ViT","iauc",0.7170628483812947
"Temporal validation cohort","IDHmut-codel",94,"3D-ViT","iauc",0.7679098203298137
"Temporal validation cohort","IDHmut-codel",95,"3D-ViT","iauc",0.593989385347596
"Temporal validation cohort","IDHmut-codel",96,"3D-ViT","iauc",0.7040482217111447
"Temporal validation cohort","IDHmut-codel",97,"3D-ViT","iauc",0.7992924150272335
"Temporal validation cohort","IDHmut-codel",98,"3D-ViT","iauc",0.7319844165879558
"Temporal validation cohort","IDHmut-codel",99,"3D-ViT","iauc",0.7610059814333616
"Temporal validation cohort","IDHmut-codel",100,"3D-ViT","iauc",0.8437014367622958
"Temporal validation cohort","IDHmut-codel",1,"CR-ViT","iauc",0.8184935160377965
"Temporal validation cohort","IDHmut-codel",2,"CR-ViT","iauc",0.7749015574760532
"Temporal validation cohort","IDHmut-codel",3,"CR-ViT","iauc",0.7180934450624429
"Temporal validation cohort","IDHmut-codel",4,"CR-ViT","iauc",0.7439456604248534
"Temporal validation cohort","IDHmut-codel",5,"CR-ViT","iauc",0.7656025721520706
"Temporal validation cohort","IDHmut-codel",6,"CR-ViT","iauc",0.7944931136615784
"Temporal validation cohort","IDHmut-codel",7,"CR-ViT","iauc",0.7658566082828538
"Temporal validation cohort","IDHmut-codel",8,"CR-ViT","iauc",0.807597948652237
"Temporal validation cohort","IDHmut-codel",9,"CR-ViT","iauc",0.7790300195538514
"Temporal validation cohort","IDHmut-codel",10,"CR-ViT","iauc",0.6582393558940467
"Temporal validation cohort","IDHmut-codel",11,"CR-ViT","iauc",0.7783013842672578
"Temporal validation cohort","IDHmut-codel",12,"CR-ViT","iauc",0.6921736618310558
"Temporal validation cohort","IDHmut-codel",13,"CR-ViT","iauc",0.7771457211369516
"Temporal validation cohort","IDHmut-codel",14,"CR-ViT","iauc",0.7259659583446116
"Temporal validation cohort","IDHmut-codel",15,"CR-ViT","iauc",0.8486790403455475
"Temporal validation cohort","IDHmut-codel",16,"CR-ViT","iauc",0.7080268359713684
"Temporal validation cohort","IDHmut-codel",17,"CR-ViT","iauc",0.8403433436370256
"Temporal validation cohort","IDHmut-codel",18,"CR-ViT","iauc",0.7645492066249555
"Temporal validation cohort","IDHmut-codel",19,"CR-ViT","iauc",0.7744118735256066
"Temporal validation cohort","IDHmut-codel",20,"CR-ViT","iauc",0.697738633882805
"Temporal validation cohort","IDHmut-codel",21,"CR-ViT","iauc",0.8293682318693704
"Temporal validation cohort","IDHmut-codel",22,"CR-ViT","iauc",0.7860159330262232
"Temporal validation cohort","IDHmut-codel",23,"CR-ViT","iauc",0.9106692475578525
"Temporal validation cohort","IDHmut-codel",24,"CR-ViT","iauc",0.7920132335703118
"Temporal validation cohort","IDHmut-codel",25,"CR-ViT","iauc",0.6484445456495604
"Temporal validation cohort","IDHmut-codel",26,"CR-ViT","iauc",0.7508505183694766
"Temporal validation cohort","IDHmut-codel",27,"CR-ViT","iauc",0.7977640419250984
"Temporal validation cohort","IDHmut-codel",28,"CR-ViT","iauc",0.8476386163864831
"Temporal validation cohort","IDHmut-codel",29,"CR-ViT","iauc",0.8143844544569189
"Temporal validation cohort","IDHmut-codel",30,"CR-ViT","iauc",0.7307644919169274
"Temporal validation cohort","IDHmut-codel",31,"CR-ViT","iauc",0.7687309399485456
"Temporal validation cohort","IDHmut-codel",32,"CR-ViT","iauc",0.8125843296859242
"Temporal validation cohort","IDHmut-codel",33,"CR-ViT","iauc",0.7723579912004951
"Temporal validation cohort","IDHmut-codel",34,"CR-ViT","iauc",0.7334654507559075
"Temporal validation cohort","IDHmut-codel",35,"CR-ViT","iauc",0.7195924348958436
"Temporal validation cohort","IDHmut-codel",36,"CR-ViT","iauc",0.6497405332793099
"Temporal validation cohort","IDHmut-codel",37,"CR-ViT","iauc",0.7406047300623476
"Temporal validation cohort","IDHmut-codel",38,"CR-ViT","iauc",0.7212121560101009
"Temporal validation cohort","IDHmut-codel",39,"CR-ViT","iauc",0.8481885931213424
"Temporal validation cohort","IDHmut-codel",40,"CR-ViT","iauc",0.737460176495463
"Temporal validation cohort","IDHmut-codel",41,"CR-ViT","iauc",0.8863475092574359
"Temporal validation cohort","IDHmut-codel",42,"CR-ViT","iauc",0.7952348622432784
"Temporal validation cohort","IDHmut-codel",43,"CR-ViT","iauc",0.8785640348191108
"Temporal validation cohort","IDHmut-codel",44,"CR-ViT","iauc",0.6570460902026866
"Temporal validation cohort","IDHmut-codel",45,"CR-ViT","iauc",0.6548516563722923
"Temporal validation cohort","IDHmut-codel",46,"CR-ViT","iauc",0.859169052914954
"Temporal validation cohort","IDHmut-codel",47,"CR-ViT","iauc",0.8301131867934077
"Temporal validation cohort","IDHmut-codel",48,"CR-ViT","iauc",0.7844929918504752
"Temporal validation cohort","IDHmut-codel",49,"CR-ViT","iauc",0.7846660109045386
"Temporal validation cohort","IDHmut-codel",50,"CR-ViT","iauc",0.7960695952841861
"Temporal validation cohort","IDHmut-codel",51,"CR-ViT","iauc",0.7602387860407482
"Temporal validation cohort","IDHmut-codel",52,"CR-ViT","iauc",0.7716742052869037
"Temporal validation cohort","IDHmut-codel",53,"CR-ViT","iauc",0.7059686974434392
"Temporal validation cohort","IDHmut-codel",54,"CR-ViT","iauc",0.830375288606294
"Temporal validation cohort","IDHmut-codel",55,"CR-ViT","iauc",0.8269138277391115
"Temporal validation cohort","IDHmut-codel",56,"CR-ViT","iauc",0.8023560614061928
"Temporal validation cohort","IDHmut-codel",57,"CR-ViT","iauc",0.7856285289046193
"Temporal validation cohort","IDHmut-codel",58,"CR-ViT","iauc",0.8058342617598798
"Temporal validation cohort","IDHmut-codel",59,"CR-ViT","iauc",0.8181866131999106
"Temporal validation cohort","IDHmut-codel",60,"CR-ViT","iauc",0.7867504037810791
"Temporal validation cohort","IDHmut-codel",61,"CR-ViT","iauc",0.8587982143373382
"Temporal validation cohort","IDHmut-codel",62,"CR-ViT","iauc",0.5957929817025673
"Temporal validation cohort","IDHmut-codel",63,"CR-ViT","iauc",0.8109862677431938
"Temporal validation cohort","IDHmut-codel",64,"CR-ViT","iauc",0.7319101202992945
"Temporal validation cohort","IDHmut-codel",65,"CR-ViT","iauc",0.800586322685617
"Temporal validation cohort","IDHmut-codel",66,"CR-ViT","iauc",0.7231393400180003
"Temporal validation cohort","IDHmut-codel",67,"CR-ViT","iauc",0.787892135111802
"Temporal validation cohort","IDHmut-codel",68,"CR-ViT","iauc",0.8403988330102516
"Temporal validation cohort","IDHmut-codel",69,"CR-ViT","iauc",0.753449692780178
"Temporal validation cohort","IDHmut-codel",70,"CR-ViT","iauc",0.7701792656825444
"Temporal validation cohort","IDHmut-codel",71,"CR-ViT","iauc",0.8326612758651589
"Temporal validation cohort","IDHmut-codel",72,"CR-ViT","iauc",0.846715567456496
"Temporal validation cohort","IDHmut-codel",73,"CR-ViT","iauc",0.6963479676788554
"Temporal validation cohort","IDHmut-codel",74,"CR-ViT","iauc",0.901437240230914
"Temporal validation cohort","IDHmut-codel",75,"CR-ViT","iauc",0.8221018145258575
"Temporal validation cohort","IDHmut-codel",76,"CR-ViT","iauc",0.7496408033571481
"Temporal validation cohort","IDHmut-codel",77,"CR-ViT","iauc",0.8233377615585129
"Temporal validation cohort","IDHmut-codel",78,"CR-ViT","iauc",0.7412122796792961
"Temporal validation cohort","IDHmut-codel",79,"CR-ViT","iauc",0.7720113452666183
"Temporal validation cohort","IDHmut-codel",80,"CR-ViT","iauc",0.7292126757019254
"Temporal validation cohort","IDHmut-codel",81,"CR-ViT","iauc",0.8457094756697641
"Temporal validation cohort","IDHmut-codel",82,"CR-ViT","iauc",0.7297534196080515
"Temporal validation cohort","IDHmut-codel",83,"CR-ViT","iauc",0.799166379278926
"Temporal validation cohort","IDHmut-codel",84,"CR-ViT","iauc",0.7567890540499972
"Temporal validation cohort","IDHmut-codel",85,"CR-ViT","iauc",0.8522080311117232
"Temporal validation cohort","IDHmut-codel",86,"CR-ViT","iauc",0.6444455326454791
"Temporal validation cohort","IDHmut-codel",87,"CR-ViT","iauc",0.8912163684804291
"Temporal validation cohort","IDHmut-codel",88,"CR-ViT","iauc",0.6552336033504004
"Temporal validation cohort","IDHmut-codel",89,"CR-ViT","iauc",0.764440220261759
"Temporal validation cohort","IDHmut-codel",90,"CR-ViT","iauc",0.7967625754528932
"Temporal validation cohort","IDHmut-codel",91,"CR-ViT","iauc",0.6303148763808548
"Temporal validation cohort","IDHmut-codel",92,"CR-ViT","iauc",0.7778452609225046
"Temporal validation cohort","IDHmut-codel",93,"CR-ViT","iauc",0.8369917680157223
"Temporal validation cohort","IDHmut-codel",94,"CR-ViT","iauc",0.8667437989209824
"Temporal validation cohort","IDHmut-codel",95,"CR-ViT","iauc",0.6450526908118891
"Temporal validation cohort","IDHmut-codel",96,"CR-ViT","iauc",0.6966213115904085
"Temporal validation cohort","IDHmut-codel",97,"CR-ViT","iauc",0.828267199146374
"Temporal validation cohort","IDHmut-codel",98,"CR-ViT","iauc",0.7869512723769544
"Temporal validation cohort","IDHmut-codel",99,"CR-ViT","iauc",0.7507173571540747
"Temporal validation cohort","IDHmut-codel",100,"CR-ViT","iauc",0.8502634577507616
"Temporal validation cohort","IDHmut-codel",1,"3D-CNN","ibs",0.09619747612923173
"Temporal validation cohort","IDHmut-codel",2,"3D-CNN","ibs",0.14340633249572393
"Temporal validation cohort","IDHmut-codel",3,"3D-CNN","ibs",0.09339775156810694
"Temporal validation cohort","IDHmut-codel",4,"3D-CNN","ibs",0.11476781921721238
"Temporal validation cohort","IDHmut-codel",5,"3D-CNN","ibs",0.15833662835735046
"Temporal validation cohort","IDHmut-codel",6,"3D-CNN","ibs",0.13410200224605703
"Temporal validation cohort","IDHmut-codel",7,"3D-CNN","ibs",0.1254858023849413
"Temporal validation cohort","IDHmut-codel",8,"3D-CNN","ibs",0.13034538608227964
"Temporal validation cohort","IDHmut-codel",9,"3D-CNN","ibs",0.13560308073722274
"Temporal validation cohort","IDHmut-codel",10,"3D-CNN","ibs",0.1655856485597978
"Temporal validation cohort","IDHmut-codel",11,"3D-CNN","ibs",0.0990533864043446
"Temporal validation cohort","IDHmut-codel",12,"3D-CNN","ibs",0.12735118673974088
"Temporal validation cohort","IDHmut-codel",13,"3D-CNN","ibs",0.16361901926916564
"Temporal validation cohort","IDHmut-codel",14,"3D-CNN","ibs",0.12234647920681195
"Temporal validation cohort","IDHmut-codel",15,"3D-CNN","ibs",0.13392083916989492
"Temporal validation cohort","IDHmut-codel",16,"3D-CNN","ibs",0.14390626552185087
"Temporal validation cohort","IDHmut-codel",17,"3D-CNN","ibs",0.1265304006306099
"Temporal validation cohort","IDHmut-codel",18,"3D-CNN","ibs",0.1294223096891529
"Temporal validation cohort","IDHmut-codel",19,"3D-CNN","ibs",0.17090277366349754
"Temporal validation cohort","IDHmut-codel",20,"3D-CNN","ibs",0.1224195229279122
"Temporal validation cohort","IDHmut-codel",21,"3D-CNN","ibs",0.16537732594252455
"Temporal validation cohort","IDHmut-codel",22,"3D-CNN","ibs",0.14303676699344006
"Temporal validation cohort","IDHmut-codel",23,"3D-CNN","ibs",0.07729274464077093
"Temporal validation cohort","IDHmut-codel",24,"3D-CNN","ibs",0.1541710365468118
"Temporal validation cohort","IDHmut-codel",25,"3D-CNN","ibs",0.10175027427882642
"Temporal validation cohort","IDHmut-codel",26,"3D-CNN","ibs",0.1418148769417637
"Temporal validation cohort","IDHmut-codel",27,"3D-CNN","ibs",0.16045462162010163
"Temporal validation cohort","IDHmut-codel",28,"3D-CNN","ibs",0.1340889858361455
"Temporal validation cohort","IDHmut-codel",29,"3D-CNN","ibs",0.16535260012289513
"Temporal validation cohort","IDHmut-codel",30,"3D-CNN","ibs",0.12088372937344981
"Temporal validation cohort","IDHmut-codel",31,"3D-CNN","ibs",0.13498856458027478
"Temporal validation cohort","IDHmut-codel",32,"3D-CNN","ibs",0.134855322150548
"Temporal validation cohort","IDHmut-codel",33,"3D-CNN","ibs",0.16793346671736548
"Temporal validation cohort","IDHmut-codel",34,"3D-CNN","ibs",0.15012684833376605
"Temporal validation cohort","IDHmut-codel",35,"3D-CNN","ibs",0.14497363755407022
"Temporal validation cohort","IDHmut-codel",36,"3D-CNN","ibs",0.12584396239662707
"Temporal validation cohort","IDHmut-codel",37,"3D-CNN","ibs",0.11374127022433198
"Temporal validation cohort","IDHmut-codel",38,"3D-CNN","ibs",0.16122946148915224
"Temporal validation cohort","IDHmut-codel",39,"3D-CNN","ibs",0.1258699907991335
"Temporal validation cohort","IDHmut-codel",40,"3D-CNN","ibs",0.1152908810866202
"Temporal validation cohort","IDHmut-codel",41,"3D-CNN","ibs",0.12771923849402012
"Temporal validation cohort","IDHmut-codel",42,"3D-CNN","ibs",0.1332002829596256
"Temporal validation cohort","IDHmut-codel",43,"3D-CNN","ibs",0.14311853090296203
"Temporal validation cohort","IDHmut-codel",44,"3D-CNN","ibs",0.16507742069473907
"Temporal validation cohort","IDHmut-codel",45,"3D-CNN","ibs",0.1558662999859293
"Temporal validation cohort","IDHmut-codel",46,"3D-CNN","ibs",0.09958170344748343
"Temporal validation cohort","IDHmut-codel",47,"3D-CNN","ibs",0.15330327419806014
"Temporal validation cohort","IDHmut-codel",48,"3D-CNN","ibs",0.13156088748773184
"Temporal validation cohort","IDHmut-codel",49,"3D-CNN","ibs",0.12218081947083786
"Temporal validation cohort","IDHmut-codel",50,"3D-CNN","ibs",0.14602244560486605
"Temporal validation cohort","IDHmut-codel",51,"3D-CNN","ibs",0.16856399418659596
"Temporal validation cohort","IDHmut-codel",52,"3D-CNN","ibs",0.12339232723803564
"Temporal validation cohort","IDHmut-codel",53,"3D-CNN","ibs",0.13665393676030962
"Temporal validation cohort","IDHmut-codel",54,"3D-CNN","ibs",0.12221252743803356
"Temporal validation cohort","IDHmut-codel",55,"3D-CNN","ibs",0.12185238682316955
"Temporal validation cohort","IDHmut-codel",56,"3D-CNN","ibs",0.1257304318825321
"Temporal validation cohort","IDHmut-codel",57,"3D-CNN","ibs",0.13206999793673185
"Temporal validation cohort","IDHmut-codel",58,"3D-CNN","ibs",0.12035285134042903
"Temporal validation cohort","IDHmut-codel",59,"3D-CNN","ibs",0.13503972130541408
"Temporal validation cohort","IDHmut-codel",60,"3D-CNN","ibs",0.15949051581387563
"Temporal validation cohort","IDHmut-codel",61,"3D-CNN","ibs",0.13158275989899687
"Temporal validation cohort","IDHmut-codel",62,"3D-CNN","ibs",0.1111210946550401
"Temporal validation cohort","IDHmut-codel",63,"3D-CNN","ibs",0.15100491062110197
"Temporal validation cohort","IDHmut-codel",64,"3D-CNN","ibs",0.11420054365142704
"Temporal validation cohort","IDHmut-codel",65,"3D-CNN","ibs",0.13581718210170174
"Temporal validation cohort","IDHmut-codel",66,"3D-CNN","ibs",0.1595447847126229
"Temporal validation cohort","IDHmut-codel",67,"3D-CNN","ibs",0.1351008735046064
"Temporal validation cohort","IDHmut-codel",68,"3D-CNN","ibs",0.12399492137396356
"Temporal validation cohort","IDHmut-codel",69,"3D-CNN","ibs",0.15229831113956652
"Temporal validation cohort","IDHmut-codel",70,"3D-CNN","ibs",0.1354059510797008
"Temporal validation cohort","IDHmut-codel",71,"3D-CNN","ibs",0.08828889736908534
"Temporal validation cohort","IDHmut-codel",72,"3D-CNN","ibs",0.12146269937346346
"Temporal validation cohort","IDHmut-codel",73,"3D-CNN","ibs",0.15629476342097354
"Temporal validation cohort","IDHmut-codel",74,"3D-CNN","ibs",0.13566261323875567
"Temporal validation cohort","IDHmut-codel",75,"3D-CNN","ibs",0.1431871159964934
"Temporal validation cohort","IDHmut-codel",76,"3D-CNN","ibs",0.14644560074592378
"Temporal validation cohort","IDHmut-codel",77,"3D-CNN","ibs",0.14887949875247194
"Temporal validation cohort","IDHmut-codel",78,"3D-CNN","ibs",0.14885917909375934
"Temporal validation cohort","IDHmut-codel",79,"3D-CNN","ibs",0.13883126546081404
"Temporal validation cohort","IDHmut-codel",80,"3D-CNN","ibs",0.1256241098604392
"Temporal validation cohort","IDHmut-codel",81,"3D-CNN","ibs",0.1056602809075695
"Temporal validation cohort","IDHmut-codel",82,"3D-CNN","ibs",0.1371029317979761
"Temporal validation cohort","IDHmut-codel",83,"3D-CNN","ibs",0.13052994743557841
"Temporal validation cohort","IDHmut-codel",84,"3D-CNN","ibs",0.09151785157278586
"Temporal validation cohort","IDHmut-codel",85,"3D-CNN","ibs",0.12291123924938055
"Temporal validation cohort","IDHmut-codel",86,"3D-CNN","ibs",0.1576745706479215
"Temporal validation cohort","IDHmut-codel",87,"3D-CNN","ibs",0.12276256916267293
"Temporal validation cohort","IDHmut-codel",88,"3D-CNN","ibs",0.14132909260854093
"Temporal validation cohort","IDHmut-codel",89,"3D-CNN","ibs",0.13477885976644371
"Temporal validation cohort","IDHmut-codel",90,"3D-CNN","ibs",0.10187042081174193
"Temporal validation cohort","IDHmut-codel",91,"3D-CNN","ibs",0.1622678683784357
"Temporal validation cohort","IDHmut-codel",92,"3D-CNN","ibs",0.1697231379878754
"Temporal validation cohort","IDHmut-codel",93,"3D-CNN","ibs",0.15588320020008306
"Temporal validation cohort","IDHmut-codel",94,"3D-CNN","ibs",0.11779154212430822
"Temporal validation cohort","IDHmut-codel",95,"3D-CNN","ibs",0.14565948044987237
"Temporal validation cohort","IDHmut-codel",96,"3D-CNN","ibs",0.09171507689250753
"Temporal validation cohort","IDHmut-codel",97,"3D-CNN","ibs",0.1098242477853612
"Temporal validation cohort","IDHmut-codel",98,"3D-CNN","ibs",0.11459601902918816
"Temporal validation cohort","IDHmut-codel",99,"3D-CNN","ibs",0.10588014576568473
"Temporal validation cohort","IDHmut-codel",100,"3D-CNN","ibs",0.10788061935803452
"Temporal validation cohort","IDHmut-codel",1,"Clinicoradiologic","ibs",0.11478587515386611
"Temporal validation cohort","IDHmut-codel",2,"Clinicoradiologic","ibs",0.14793863441480054
"Temporal validation cohort","IDHmut-codel",3,"Clinicoradiologic","ibs",0.10952348458331593
"Temporal validation cohort","IDHmut-codel",4,"Clinicoradiologic","ibs",0.13300504728223644
"Temporal validation cohort","IDHmut-codel",5,"Clinicoradiologic","ibs",0.16342694886049727
"Temporal validation cohort","IDHmut-codel",6,"Clinicoradiologic","ibs",0.14169612009624027
"Temporal validation cohort","IDHmut-codel",7,"Clinicoradiologic","ibs",0.1352541848142214
"Temporal validation cohort","IDHmut-codel",8,"Clinicoradiologic","ibs",0.14303952293223127
"Temporal validation cohort","IDHmut-codel",9,"Clinicoradiologic","ibs",0.14253795130629246
"Temporal validation cohort","IDHmut-codel",10,"Clinicoradiologic","ibs",0.1837404272667839
"Temporal validation cohort","IDHmut-codel",11,"Clinicoradiologic","ibs",0.09060388193467088
"Temporal validation cohort","IDHmut-codel",12,"Clinicoradiologic","ibs",0.13754491494285165
"Temporal validation cohort","IDHmut-codel",13,"Clinicoradiologic","ibs",0.14901536390754402
"Temporal validation cohort","IDHmut-codel",14,"Clinicoradiologic","ibs",0.14777031981451258
"Temporal validation cohort","IDHmut-codel",15,"Clinicoradiologic","ibs",0.12346410534351361
"Temporal validation cohort","IDHmut-codel",16,"Clinicoradiologic","ibs",0.1619699663240626
"Temporal validation cohort","IDHmut-codel",17,"Clinicoradiologic","ibs",0.11838188955227871
"Temporal validation cohort","IDHmut-codel",18,"Clinicoradiologic","ibs",0.14138828425748898
"Temporal validation cohort","IDHmut-codel",19,"Clinicoradiologic","ibs",0.16899449126340638
"Temporal validation cohort","IDHmut-codel",20,"Clinicoradiologic","ibs",0.14863957655762133
"Temporal validation cohort","IDHmut-codel",21,"Clinicoradiologic","ibs",0.15061211372984099
"Temporal validation cohort","IDHmut-codel",22,"Clinicoradiologic","ibs",0.16589544846860033
"Temporal validation cohort","IDHmut-codel",23,"Clinicoradiologic","ibs",0.08203991350044498
"Temporal validation cohort","IDHmut-codel",24,"Clinicoradiologic","ibs",0.17261098226419622
"Temporal validation cohort","IDHmut-codel",25,"Clinicoradiologic","ibs",0.13422604240463054
"Temporal validation cohort","IDHmut-codel",26,"Clinicoradiologic","ibs",0.16932798428699783
"Temporal validation cohort","IDHmut-codel",27,"Clinicoradiologic","ibs",0.1666411502200645
"Temporal validation cohort","IDHmut-codel",28,"Clinicoradiologic","ibs",0.1639386811360604
"Temporal validation cohort","IDHmut-codel",29,"Clinicoradiologic","ibs",0.15440468559557152
"Temporal validation cohort","IDHmut-codel",30,"Clinicoradiologic","ibs",0.14402357429688212
"Temporal validation cohort","IDHmut-codel",31,"Clinicoradiologic","ibs",0.15220874226382708
"Temporal validation cohort","IDHmut-codel",32,"Clinicoradiologic","ibs",0.1340147661114424
"Temporal validation cohort","IDHmut-codel",33,"Clinicoradiologic","ibs",0.17590572277834482
"Temporal validation cohort","IDHmut-codel",34,"Clinicoradiologic","ibs",0.16010558202000422
"Temporal validation cohort","IDHmut-codel",35,"Clinicoradiologic","ibs",0.144158225951341
"Temporal validation cohort","IDHmut-codel",36,"Clinicoradiologic","ibs",0.14776876278913356
"Temporal validation cohort","IDHmut-codel",37,"Clinicoradiologic","ibs",0.11794595655480637
"Temporal validation cohort","IDHmut-codel",38,"Clinicoradiologic","ibs",0.1839854749419674
"Temporal validation cohort","IDHmut-codel",39,"Clinicoradiologic","ibs",0.12521314743454987
"Temporal validation cohort","IDHmut-codel",40,"Clinicoradiologic","ibs",0.1397257043631295
"Temporal validation cohort","IDHmut-codel",41,"Clinicoradiologic","ibs",0.13123129546911141
"Temporal validation cohort","IDHmut-codel",42,"Clinicoradiologic","ibs",0.13486341665110896
"Temporal validation cohort","IDHmut-codel",43,"Clinicoradiologic","ibs",0.14548060790228629
"Temporal validation cohort","IDHmut-codel",44,"Clinicoradiologic","ibs",0.17444815596800595
"Temporal validation cohort","IDHmut-codel",45,"Clinicoradiologic","ibs",0.15380836540851436
"Temporal validation cohort","IDHmut-codel",46,"Clinicoradiologic","ibs",0.11093470872512691
"Temporal validation cohort","IDHmut-codel",47,"Clinicoradiologic","ibs",0.15234963881181582
"Temporal validation cohort","IDHmut-codel",48,"Clinicoradiologic","ibs",0.13860381205014197
"Temporal validation cohort","IDHmut-codel",49,"Clinicoradiologic","ibs",0.14627662189043955
"Temporal validation cohort","IDHmut-codel",50,"Clinicoradiologic","ibs",0.16040704086540344
"Temporal validation cohort","IDHmut-codel",51,"Clinicoradiologic","ibs",0.19646491105264793
"Temporal validation cohort","IDHmut-codel",52,"Clinicoradiologic","ibs",0.13861544131141726
"Temporal validation cohort","IDHmut-codel",53,"Clinicoradiologic","ibs",0.1580762439271379
"Temporal validation cohort","IDHmut-codel",54,"Clinicoradiologic","ibs",0.13617601535215648
"Temporal validation cohort","IDHmut-codel",55,"Clinicoradiologic","ibs",0.14655725300713987
"Temporal validation cohort","IDHmut-codel",56,"Clinicoradiologic","ibs",0.14299342353646116
"Temporal validation cohort","IDHmut-codel",57,"Clinicoradiologic","ibs",0.14026149899821436
"Temporal validation cohort","IDHmut-codel",58,"Clinicoradiologic","ibs",0.13407941975348397
"Temporal validation cohort","IDHmut-codel",59,"Clinicoradiologic","ibs",0.15201272170904628
"Temporal validation cohort","IDHmut-codel",60,"Clinicoradiologic","ibs",0.1649860886786657
"Temporal validation cohort","IDHmut-codel",61,"Clinicoradiologic","ibs",0.14734513868947888
"Temporal validation cohort","IDHmut-codel",62,"Clinicoradiologic","ibs",0.13200401629432088
"Temporal validation cohort","IDHmut-codel",63,"Clinicoradiologic","ibs",0.16187485959011916
"Temporal validation cohort","IDHmut-codel",64,"Clinicoradiologic","ibs",0.13666568022378783
"Temporal validation cohort","IDHmut-codel",65,"Clinicoradiologic","ibs",0.14495419578471502
"Temporal validation cohort","IDHmut-codel",66,"Clinicoradiologic","ibs",0.17452660494319397
"Temporal validation cohort","IDHmut-codel",67,"Clinicoradiologic","ibs",0.1357195866041089
"Temporal validation cohort","IDHmut-codel",68,"Clinicoradiologic","ibs",0.149381350569626
"Temporal validation cohort","IDHmut-codel",69,"Clinicoradiologic","ibs",0.1544140989090268
"Temporal validation cohort","IDHmut-codel",70,"Clinicoradiologic","ibs",0.1431105072368936
"Temporal validation cohort","IDHmut-codel",71,"Clinicoradiologic","ibs",0.1182303271918591
"Temporal validation cohort","IDHmut-codel",72,"Clinicoradiologic","ibs",0.1283171403957495
"Temporal validation cohort","IDHmut-codel",73,"Clinicoradiologic","ibs",0.149810726000699
"Temporal validation cohort","IDHmut-codel",74,"Clinicoradiologic","ibs",0.1341381870690258
"Temporal validation cohort","IDHmut-codel",75,"Clinicoradiologic","ibs",0.14698438232602176
"Temporal validation cohort","IDHmut-codel",76,"Clinicoradiologic","ibs",0.14950133330958398
"Temporal validation cohort","IDHmut-codel",77,"Clinicoradiologic","ibs",0.15427481773510804
"Temporal validation cohort","IDHmut-codel",78,"Clinicoradiologic","ibs",0.15428218907341093
"Temporal validation cohort","IDHmut-codel",79,"Clinicoradiologic","ibs",0.1417117555701979
"Temporal validation cohort","IDHmut-codel",80,"Clinicoradiologic","ibs",0.16280594953489416
"Temporal validation cohort","IDHmut-codel",81,"Clinicoradiologic","ibs",0.1170438100472552
"Temporal validation cohort","IDHmut-codel",82,"Clinicoradiologic","ibs",0.16761066762778826
"Temporal validation cohort","IDHmut-codel",83,"Clinicoradiologic","ibs",0.1454131544798515
"Temporal validation cohort","IDHmut-codel",84,"Clinicoradiologic","ibs",0.13269316222241
"Temporal validation cohort","IDHmut-codel",85,"Clinicoradiologic","ibs",0.14137666544462427
"Temporal validation cohort","IDHmut-codel",86,"Clinicoradiologic","ibs",0.1723927283905123
"Temporal validation cohort","IDHmut-codel",87,"Clinicoradiologic","ibs",0.13138935685220848
"Temporal validation cohort","IDHmut-codel",88,"Clinicoradiologic","ibs",0.15381389745650334
"Temporal validation cohort","IDHmut-codel",89,"Clinicoradiologic","ibs",0.13841351479934377
"Temporal validation cohort","IDHmut-codel",90,"Clinicoradiologic","ibs",0.11676972481657509
"Temporal validation cohort","IDHmut-codel",91,"Clinicoradiologic","ibs",0.1614951807338458
"Temporal validation cohort","IDHmut-codel",92,"Clinicoradiologic","ibs",0.17394672078514709
"Temporal validation cohort","IDHmut-codel",93,"Clinicoradiologic","ibs",0.14037552841266868
"Temporal validation cohort","IDHmut-codel",94,"Clinicoradiologic","ibs",0.12942779087180903
"Temporal validation cohort","IDHmut-codel",95,"Clinicoradiologic","ibs",0.15551397525687985
"Temporal validation cohort","IDHmut-codel",96,"Clinicoradiologic","ibs",0.11035672371169954
"Temporal validation cohort","IDHmut-codel",97,"Clinicoradiologic","ibs",0.12818245966309655
"Temporal validation cohort","IDHmut-codel",98,"Clinicoradiologic","ibs",0.1179018940810813
"Temporal validation cohort","IDHmut-codel",99,"Clinicoradiologic","ibs",0.13753592091221922
"Temporal validation cohort","IDHmut-codel",100,"Clinicoradiologic","ibs",0.11790245219724357
"Temporal validation cohort","IDHmut-codel",1,"3D-ViT","ibs",0.0838289908100935
"Temporal validation cohort","IDHmut-codel",2,"3D-ViT","ibs",0.12824991383075005
"Temporal validation cohort","IDHmut-codel",3,"3D-ViT","ibs",0.09240875629354123
"Temporal validation cohort","IDHmut-codel",4,"3D-ViT","ibs",0.1068790195115351
"Temporal validation cohort","IDHmut-codel",5,"3D-ViT","ibs",0.14221532516886565
"Temporal validation cohort","IDHmut-codel",6,"3D-ViT","ibs",0.12939087015623268
"Temporal validation cohort","IDHmut-codel",7,"3D-ViT","ibs",0.11863686069781612
"Temporal validation cohort","IDHmut-codel",8,"3D-ViT","ibs",0.11156794071488486
"Temporal validation cohort","IDHmut-codel",9,"3D-ViT","ibs",0.12235431926737032
"Temporal validation cohort","IDHmut-codel",10,"3D-ViT","ibs",0.15478630116102438
"Temporal validation cohort","IDHmut-codel",11,"3D-ViT","ibs",0.09231832055779308
"Temporal validation cohort","IDHmut-codel",12,"3D-ViT","ibs",0.1253229137569128
"Temporal validation cohort","IDHmut-codel",13,"3D-ViT","ibs",0.15566024105540735
"Temporal validation cohort","IDHmut-codel",14,"3D-ViT","ibs",0.12042082430810032
"Temporal validation cohort","IDHmut-codel",15,"3D-ViT","ibs",0.12498369082161026
"Temporal validation cohort","IDHmut-codel",16,"3D-ViT","ibs",0.1441065381202545
"Temporal validation cohort","IDHmut-codel",17,"3D-ViT","ibs",0.10960072790303257
"Temporal validation cohort","IDHmut-codel",18,"3D-ViT","ibs",0.12024390842934689
"Temporal validation cohort","IDHmut-codel",19,"3D-ViT","ibs",0.154710123749867
"Temporal validation cohort","IDHmut-codel",20,"3D-ViT","ibs",0.1115929592331122
"Temporal validation cohort","IDHmut-codel",21,"3D-ViT","ibs",0.1484553692297074
"Temporal validation cohort","IDHmut-codel",22,"3D-ViT","ibs",0.11774682794807442
"Temporal validation cohort","IDHmut-codel",23,"3D-ViT","ibs",0.06852359298091894
"Temporal validation cohort","IDHmut-codel",24,"3D-ViT","ibs",0.14528820232962752
"Temporal validation cohort","IDHmut-codel",25,"3D-ViT","ibs",0.09530377202825456
"Temporal validation cohort","IDHmut-codel",26,"3D-ViT","ibs",0.14161327430973697
"Temporal validation cohort","IDHmut-codel",27,"3D-ViT","ibs",0.14464605807161893
"Temporal validation cohort","IDHmut-codel",28,"3D-ViT","ibs",0.12418313138273622
"Temporal validation cohort","IDHmut-codel",29,"3D-ViT","ibs",0.15471355853691046
"Temporal validation cohort","IDHmut-codel",30,"3D-ViT","ibs",0.11969283022952486
"Temporal validation cohort","IDHmut-codel",31,"3D-ViT","ibs",0.12809882713460258
"Temporal validation cohort","IDHmut-codel",32,"3D-ViT","ibs",0.11577631651456756
"Temporal validation cohort","IDHmut-codel",33,"3D-ViT","ibs",0.15885419069323228
"Temporal validation cohort","IDHmut-codel",34,"3D-ViT","ibs",0.1328750481634428
"Temporal validation cohort","IDHmut-codel",35,"3D-ViT","ibs",0.13685707624257534
"Temporal validation cohort","IDHmut-codel",36,"3D-ViT","ibs",0.1174916381280231
"Temporal validation cohort","IDHmut-codel",37,"3D-ViT","ibs",0.10954735982202272
"Temporal validation cohort","IDHmut-codel",38,"3D-ViT","ibs",0.15644027574875458
"Temporal validation cohort","IDHmut-codel",39,"3D-ViT","ibs",0.11661107819633502
"Temporal validation cohort","IDHmut-codel",40,"3D-ViT","ibs",0.1143745592833824
"Temporal validation cohort","IDHmut-codel",41,"3D-ViT","ibs",0.10875405791857698
"Temporal validation cohort","IDHmut-codel",42,"3D-ViT","ibs",0.12580146647722576
"Temporal validation cohort","IDHmut-codel",43,"3D-ViT","ibs",0.12465556931992362
"Temporal validation cohort","IDHmut-codel",44,"3D-ViT","ibs",0.1563587642543767
"Temporal validation cohort","IDHmut-codel",45,"3D-ViT","ibs",0.15579600809518976
"Temporal validation cohort","IDHmut-codel",46,"3D-ViT","ibs",0.08834477836275492
"Temporal validation cohort","IDHmut-codel",47,"3D-ViT","ibs",0.14815491903581093
"Temporal validation cohort","IDHmut-codel",48,"3D-ViT","ibs",0.1276130630229461
"Temporal validation cohort","IDHmut-codel",49,"3D-ViT","ibs",0.11442470725516025
"Temporal validation cohort","IDHmut-codel",50,"3D-ViT","ibs",0.12853488321984397
"Temporal validation cohort","IDHmut-codel",51,"3D-ViT","ibs",0.16851986813636707
"Temporal validation cohort","IDHmut-codel",52,"3D-ViT","ibs",0.12114228441354961
"Temporal validation cohort","IDHmut-codel",53,"3D-ViT","ibs",0.13016256493106243
"Temporal validation cohort","IDHmut-codel",54,"3D-ViT","ibs",0.11585825594638043
"Temporal validation cohort","IDHmut-codel",55,"3D-ViT","ibs",0.11601845173305549
"Temporal validation cohort","IDHmut-codel",56,"3D-ViT","ibs",0.12252972078096751
"Temporal validation cohort","IDHmut-codel",57,"3D-ViT","ibs",0.11859156902776477
"Temporal validation cohort","IDHmut-codel",58,"3D-ViT","ibs",0.11575743597086559
"Temporal validation cohort","IDHmut-codel",59,"3D-ViT","ibs",0.12035887276009082
"Temporal validation cohort","IDHmut-codel",60,"3D-ViT","ibs",0.14878948109699797
"Temporal validation cohort","IDHmut-codel",61,"3D-ViT","ibs",0.11540304002638851
"Temporal validation cohort","IDHmut-codel",62,"3D-ViT","ibs",0.11000827953772882
"Temporal validation cohort","IDHmut-codel",63,"3D-ViT","ibs",0.14129713958966902
"Temporal validation cohort","IDHmut-codel",64,"3D-ViT","ibs",0.11362960556418308
"Temporal validation cohort","IDHmut-codel",65,"3D-ViT","ibs",0.11889131899864865
"Temporal validation cohort","IDHmut-codel",66,"3D-ViT","ibs",0.15265913491064093
"Temporal validation cohort","IDHmut-codel",67,"3D-ViT","ibs",0.12303750764550156
"Temporal validation cohort","IDHmut-codel",68,"3D-ViT","ibs",0.11336047545877588
"Temporal validation cohort","IDHmut-codel",69,"3D-ViT","ibs",0.13550936824740908
"Temporal validation cohort","IDHmut-codel",70,"3D-ViT","ibs",0.12588909424386185
"Temporal validation cohort","IDHmut-codel",71,"3D-ViT","ibs",0.08238079425481137
"Temporal validation cohort","IDHmut-codel",72,"3D-ViT","ibs",0.11328069395232186
"Temporal validation cohort","IDHmut-codel",73,"3D-ViT","ibs",0.15316503493376618
"Temporal validation cohort","IDHmut-codel",74,"3D-ViT","ibs",0.11685129093988667
"Temporal validation cohort","IDHmut-codel",75,"3D-ViT","ibs",0.1263480124543295
"Temporal validation cohort","IDHmut-codel",76,"3D-ViT","ibs",0.13473858702374678
"Temporal validation cohort","IDHmut-codel",77,"3D-ViT","ibs",0.14301581974483552
"Temporal validation cohort","IDHmut-codel",78,"3D-ViT","ibs",0.14089554805988164
"Temporal validation cohort","IDHmut-codel",79,"3D-ViT","ibs",0.13264156692089343
"Temporal validation cohort","IDHmut-codel",80,"3D-ViT","ibs",0.11899073534856869
"Temporal validation cohort","IDHmut-codel",81,"3D-ViT","ibs",0.10081895352013046
"Temporal validation cohort","IDHmut-codel",82,"3D-ViT","ibs",0.13087996384419395
"Temporal validation cohort","IDHmut-codel",83,"3D-ViT","ibs",0.12063542840595982
"Temporal validation cohort","IDHmut-codel",84,"3D-ViT","ibs",0.0840231649000903
"Temporal validation cohort","IDHmut-codel",85,"3D-ViT","ibs",0.12327124283870991
"Temporal validation cohort","IDHmut-codel",86,"3D-ViT","ibs",0.1495624429536545
"Temporal validation cohort","IDHmut-codel",87,"3D-ViT","ibs",0.10379037798758312
"Temporal validation cohort","IDHmut-codel",88,"3D-ViT","ibs",0.14183191988181862
"Temporal validation cohort","IDHmut-codel",89,"3D-ViT","ibs",0.12159138587622098
"Temporal validation cohort","IDHmut-codel",90,"3D-ViT","ibs",0.09168860787092198
"Temporal validation cohort","IDHmut-codel",91,"3D-ViT","ibs",0.1614325841272833
"Temporal validation cohort","IDHmut-codel",92,"3D-ViT","ibs",0.1466424774073075
"Temporal validation cohort","IDHmut-codel",93,"3D-ViT","ibs",0.1492995963307367
"Temporal validation cohort","IDHmut-codel",94,"3D-ViT","ibs",0.10828037595080965
"Temporal validation cohort","IDHmut-codel",95,"3D-ViT","ibs",0.14069094310040392
"Temporal validation cohort","IDHmut-codel",96,"3D-ViT","ibs",0.08884284839711268
"Temporal validation cohort","IDHmut-codel",97,"3D-ViT","ibs",0.10585100361364681
"Temporal validation cohort","IDHmut-codel",98,"3D-ViT","ibs",0.10642120234110933
"Temporal validation cohort","IDHmut-codel",99,"3D-ViT","ibs",0.09929439020194254
"Temporal validation cohort","IDHmut-codel",100,"3D-ViT","ibs",0.10271379149089108
"Temporal validation cohort","IDHmut-codel",1,"CR-ViT","ibs",0.08410563551635754
"Temporal validation cohort","IDHmut-codel",2,"CR-ViT","ibs",0.12894629710983024
"Temporal validation cohort","IDHmut-codel",3,"CR-ViT","ibs",0.10133512153820697
"Temporal validation cohort","IDHmut-codel",4,"CR-ViT","ibs",0.11893684154702029
"Temporal validation cohort","IDHmut-codel",5,"CR-ViT","ibs",0.13321441497171674
"Temporal validation cohort","IDHmut-codel",6,"CR-ViT","ibs",0.13591263833959122
"Temporal validation cohort","IDHmut-codel",7,"CR-ViT","ibs",0.11404655111979811
"Temporal validation cohort","IDHmut-codel",8,"CR-ViT","ibs",0.10738161485167133
"Temporal validation cohort","IDHmut-codel",9,"CR-ViT","ibs",0.11758026615068884
"Temporal validation cohort","IDHmut-codel",10,"CR-ViT","ibs",0.1627871611824771
"Temporal validation cohort","IDHmut-codel",11,"CR-ViT","ibs",0.08281085618589176
"Temporal validation cohort","IDHmut-codel",12,"CR-ViT","ibs",0.14208294724711715
"Temporal validation cohort","IDHmut-codel",13,"CR-ViT","ibs",0.12766628530620688
"Temporal validation cohort","IDHmut-codel",14,"CR-ViT","ibs",0.15085064584318494
"Temporal validation cohort","IDHmut-codel",15,"CR-ViT","ibs",0.11045407100866764
"Temporal validation cohort","IDHmut-codel",16,"CR-ViT","ibs",0.155654782628148
"Temporal validation cohort","IDHmut-codel",17,"CR-ViT","ibs",0.09010496737072364
"Temporal validation cohort","IDHmut-codel",18,"CR-ViT","ibs",0.12272569593104538
"Temporal validation cohort","IDHmut-codel",19,"CR-ViT","ibs",0.15203985188837646
"Temporal validation cohort","IDHmut-codel",20,"CR-ViT","ibs",0.11428412684702152
"Temporal validation cohort","IDHmut-codel",21,"CR-ViT","ibs",0.12725945251100398
"Temporal validation cohort","IDHmut-codel",22,"CR-ViT","ibs",0.1262862575245152
"Temporal validation cohort","IDHmut-codel",23,"CR-ViT","ibs",0.05712684900803047
"Temporal validation cohort","IDHmut-codel",24,"CR-ViT","ibs",0.1530374973132139
"Temporal validation cohort","IDHmut-codel",25,"CR-ViT","ibs",0.12753182672447883
"Temporal validation cohort","IDHmut-codel",26,"CR-ViT","ibs",0.15876928129804307
"Temporal validation cohort","IDHmut-codel",27,"CR-ViT","ibs",0.14620531837994713
"Temporal validation cohort","IDHmut-codel",28,"CR-ViT","ibs",0.13334727086635273
"Temporal validation cohort","IDHmut-codel",29,"CR-ViT","ibs",0.138156990091728
"Temporal validation cohort","IDHmut-codel",30,"CR-ViT","ibs",0.1442738663412437
"Temporal validation cohort","IDHmut-codel",31,"CR-ViT","ibs",0.12726583830715216
"Temporal validation cohort","IDHmut-codel",32,"CR-ViT","ibs",0.1168678852307708
"Temporal validation cohort","IDHmut-codel",33,"CR-ViT","ibs",0.15444861610564325
"Temporal validation cohort","IDHmut-codel",34,"CR-ViT","ibs",0.1443331187912966
"Temporal validation cohort","IDHmut-codel",35,"CR-ViT","ibs",0.1418290344868252
"Temporal validation cohort","IDHmut-codel",36,"CR-ViT","ibs",0.14170790955591375
"Temporal validation cohort","IDHmut-codel",37,"CR-ViT","ibs",0.09906566907895492
"Temporal validation cohort","IDHmut-codel",38,"CR-ViT","ibs",0.153731389666427
"Temporal validation cohort","IDHmut-codel",39,"CR-ViT","ibs",0.10002844464368535
"Temporal validation cohort","IDHmut-codel",40,"CR-ViT","ibs",0.1307613163505197
"Temporal validation cohort","IDHmut-codel",41,"CR-ViT","ibs",0.09628858470888481
"Temporal validation cohort","IDHmut-codel",42,"CR-ViT","ibs",0.12288813919694895
"Temporal validation cohort","IDHmut-codel",43,"CR-ViT","ibs",0.11136783351801564
"Temporal validation cohort","IDHmut-codel",44,"CR-ViT","ibs",0.16787638882626996
"Temporal validation cohort","IDHmut-codel",45,"CR-ViT","ibs",0.15823738243863497
"Temporal validation cohort","IDHmut-codel",46,"CR-ViT","ibs",0.08847303780838275
"Temporal validation cohort","IDHmut-codel",47,"CR-ViT","ibs",0.14250372856639246
"Temporal validation cohort","IDHmut-codel",48,"CR-ViT","ibs",0.12444136644978183
"Temporal validation cohort","IDHmut-codel",49,"CR-ViT","ibs",0.12016458493667366
"Temporal validation cohort","IDHmut-codel",50,"CR-ViT","ibs",0.1388552621407059
"Temporal validation cohort","IDHmut-codel",51,"CR-ViT","ibs",0.18460169431782986
"Temporal validation cohort","IDHmut-codel",52,"CR-ViT","ibs",0.1286603167422104
"Temporal validation cohort","IDHmut-codel",53,"CR-ViT","ibs",0.1531820840267936
"Temporal validation cohort","IDHmut-codel",54,"CR-ViT","ibs",0.12425082273333968
"Temporal validation cohort","IDHmut-codel",55,"CR-ViT","ibs",0.120742783544772
"Temporal validation cohort","IDHmut-codel",56,"CR-ViT","ibs",0.13715730172583568
"Temporal validation cohort","IDHmut-codel",57,"CR-ViT","ibs",0.12160988651724905
"Temporal validation cohort","IDHmut-codel",58,"CR-ViT","ibs",0.12576495225564369
"Temporal validation cohort","IDHmut-codel",59,"CR-ViT","ibs",0.1209416250366368
"Temporal validation cohort","IDHmut-codel",60,"CR-ViT","ibs",0.1394487233872684
"Temporal validation cohort","IDHmut-codel",61,"CR-ViT","ibs",0.10513335473082615
"Temporal validation cohort","IDHmut-codel",62,"CR-ViT","ibs",0.12617379963389477
"Temporal validation cohort","IDHmut-codel",63,"CR-ViT","ibs",0.14472596396757517
"Temporal validation cohort","IDHmut-codel",64,"CR-ViT","ibs",0.1343105710152702
"Temporal validation cohort","IDHmut-codel",65,"CR-ViT","ibs",0.1171015147747941
"Temporal validation cohort","IDHmut-codel",66,"CR-ViT","ibs",0.17725539710774071
"Temporal validation cohort","IDHmut-codel",67,"CR-ViT","ibs",0.12200560749615387
"Temporal validation cohort","IDHmut-codel",68,"CR-ViT","ibs",0.10911623885420366
"Temporal validation cohort","IDHmut-codel",69,"CR-ViT","ibs",0.13875566583258658
"Temporal validation cohort","IDHmut-codel",70,"CR-ViT","ibs",0.11647109610547629
"Temporal validation cohort","IDHmut-codel",71,"CR-ViT","ibs",0.09505501566408811
"Temporal validation cohort","IDHmut-codel",72,"CR-ViT","ibs",0.09789276737600869
"Temporal validation cohort","IDHmut-codel",73,"CR-ViT","ibs",0.14282337794584096
"Temporal validation cohort","IDHmut-codel",74,"CR-ViT","ibs",0.08899886845237856
"Temporal validation cohort","IDHmut-codel",75,"CR-ViT","ibs",0.1141582386492762
"Temporal validation cohort","IDHmut-codel",76,"CR-ViT","ibs",0.13708782106872006
"Temporal validation cohort","IDHmut-codel",77,"CR-ViT","ibs",0.12832463655875748
"Temporal validation cohort","IDHmut-codel",78,"CR-ViT","ibs",0.1441897969451877
"Temporal validation cohort","IDHmut-codel",79,"CR-ViT","ibs",0.12903517814548185
"Temporal validation cohort","IDHmut-codel",80,"CR-ViT","ibs",0.14762621566234332
"Temporal validation cohort","IDHmut-codel",81,"CR-ViT","ibs",0.0983707947054559
"Temporal validation cohort","IDHmut-codel",82,"CR-ViT","ibs",0.14677286051866598
"Temporal validation cohort","IDHmut-codel",83,"CR-ViT","ibs",0.12307522969210966
"Temporal validation cohort","IDHmut-codel",84,"CR-ViT","ibs",0.1054187463304925
"Temporal validation cohort","IDHmut-codel",85,"CR-ViT","ibs",0.13507054202537297
"Temporal validation cohort","IDHmut-codel",86,"CR-ViT","ibs",0.16017634670738914
"Temporal validation cohort","IDHmut-codel",87,"CR-ViT","ibs",0.09344618096903443
"Temporal validation cohort","IDHmut-codel",88,"CR-ViT","ibs",0.14162881706226665
"Temporal validation cohort","IDHmut-codel",89,"CR-ViT","ibs",0.12374626864266704
"Temporal validation cohort","IDHmut-codel",90,"CR-ViT","ibs",0.09404018690911872
"Temporal validation cohort","IDHmut-codel",91,"CR-ViT","ibs",0.1671620712740671
"Temporal validation cohort","IDHmut-codel",92,"CR-ViT","ibs",0.14573928285480012
"Temporal validation cohort","IDHmut-codel",93,"CR-ViT","ibs",0.12040645736725684
"Temporal validation cohort","IDHmut-codel",94,"CR-ViT","ibs",0.10482075876750292
"Temporal validation cohort","IDHmut-codel",95,"CR-ViT","ibs",0.15036020805189884
"Temporal validation cohort","IDHmut-codel",96,"CR-ViT","ibs",0.1009519883534143
"Temporal validation cohort","IDHmut-codel",97,"CR-ViT","ibs",0.10967533951845507
"Temporal validation cohort","IDHmut-codel",98,"CR-ViT","ibs",0.10506809881686197
"Temporal validation cohort","IDHmut-codel",99,"CR-ViT","ibs",0.11769520279367753
"Temporal validation cohort","IDHmut-codel",100,"CR-ViT","ibs",0.09813396590364426
"Temporal validation cohort","GBM",1,"3D-CNN","cindex",0.6215909090909091
"Temporal validation cohort","GBM",2,"3D-CNN","cindex",0.640157595213775
"Temporal validation cohort","GBM",3,"3D-CNN","cindex",0.6196359382995833
"Temporal validation cohort","GBM",4,"3D-CNN","cindex",0.6058327637275005
"Temporal validation cohort","GBM",5,"3D-CNN","cindex",0.5989237800383311
"Temporal validation cohort","GBM",6,"3D-CNN","cindex",0.6250812685111609
"Temporal validation cohort","GBM",7,"3D-CNN","cindex",0.6264644577014303
"Temporal validation cohort","GBM",8,"3D-CNN","cindex",0.5909891962301739
"Temporal validation cohort","GBM",9,"3D-CNN","cindex",0.6464144880969768
"Temporal validation cohort","GBM",10,"3D-CNN","cindex",0.6603181716334304
"Temporal validation cohort","GBM",11,"3D-CNN","cindex",0.5946043424944096
"Temporal validation cohort","GBM",12,"3D-CNN","cindex",0.6102545454545454
"Temporal validation cohort","GBM",13,"3D-CNN","cindex",0.6149677036157102
"Temporal validation cohort","GBM",14,"3D-CNN","cindex",0.6592609735400756
"Temporal validation cohort","GBM",15,"3D-CNN","cindex",0.6226848528356066
"Temporal validation cohort","GBM",16,"3D-CNN","cindex",0.5699045901885659
"Temporal validation cohort","GBM",17,"3D-CNN","cindex",0.6305077483396415
"Temporal validation cohort","GBM",18,"3D-CNN","cindex",0.6466094977300569
"Temporal validation cohort","GBM",19,"3D-CNN","cindex",0.6021103539239393
"Temporal validation cohort","GBM",20,"3D-CNN","cindex",0.5996973136587211
"Temporal validation cohort","GBM",21,"3D-CNN","cindex",0.6119812931482443
"Temporal validation cohort","GBM",22,"3D-CNN","cindex",0.5880237763264108
"Temporal validation cohort","GBM",23,"3D-CNN","cindex",0.5915430920569666
"Temporal validation cohort","GBM",24,"3D-CNN","cindex",0.6074246637108289
"Temporal validation cohort","GBM",25,"3D-CNN","cindex",0.6045860060458601
"Temporal validation cohort","GBM",26,"3D-CNN","cindex",0.5983085098420777
"Temporal validation cohort","GBM",27,"3D-CNN","cindex",0.6126601941747573
"Temporal validation cohort","GBM",28,"3D-CNN","cindex",0.5883180337577731
"Temporal validation cohort","GBM",29,"3D-CNN","cindex",0.586732078787435
"Temporal validation cohort","GBM",30,"3D-CNN","cindex",0.6003648303538854
"Temporal validation cohort","GBM",31,"3D-CNN","cindex",0.6159072446643528
"Temporal validation cohort","GBM",32,"3D-CNN","cindex",0.6365284387038296
"Temporal validation cohort","GBM",33,"3D-CNN","cindex",0.6692296207823231
"Temporal validation cohort","GBM",34,"3D-CNN","cindex",0.5837017388741527
"Temporal validation cohort","GBM",35,"3D-CNN","cindex",0.6323450547766797
"Temporal validation cohort","GBM",36,"3D-CNN","cindex",0.6563922680797074
"Temporal validation cohort","GBM",37,"3D-CNN","cindex",0.6040039755785886
"Temporal validation cohort","GBM",38,"3D-CNN","cindex",0.5944218914448955
"Temporal validation cohort","GBM",39,"3D-CNN","cindex",0.5776081424936387
"Temporal validation cohort","GBM",40,"3D-CNN","cindex",0.6174883860332684
"Temporal validation cohort","GBM",41,"3D-CNN","cindex",0.6148332813960735
"Temporal validation cohort","GBM",42,"3D-CNN","cindex",0.6021586534832818
"Temporal validation cohort","GBM",43,"3D-CNN","cindex",0.5899486426999266
"Temporal validation cohort","GBM",44,"3D-CNN","cindex",0.653499199767205
"Temporal validation cohort","GBM",45,"3D-CNN","cindex",0.6613873448564684
"Temporal validation cohort","GBM",46,"3D-CNN","cindex",0.6455715029374581
"Temporal validation cohort","GBM",47,"3D-CNN","cindex",0.5950947603121516
"Temporal validation cohort","GBM",48,"3D-CNN","cindex",0.5816400580551524
"Temporal validation cohort","GBM",49,"3D-CNN","cindex",0.6397765363128491
"Temporal validation cohort","GBM",50,"3D-CNN","cindex",0.6309541257511359
"Temporal validation cohort","GBM",51,"3D-CNN","cindex",0.616795150063618
"Temporal validation cohort","GBM",52,"3D-CNN","cindex",0.6448515939904726
"Temporal validation cohort","GBM",53,"3D-CNN","cindex",0.5840675205449026
"Temporal validation cohort","GBM",54,"3D-CNN","cindex",0.5966293788637033
"Temporal validation cohort","GBM",55,"3D-CNN","cindex",0.6282229201665328
"Temporal validation cohort","GBM",56,"3D-CNN","cindex",0.6049762166117819
"Temporal validation cohort","GBM",57,"3D-CNN","cindex",0.6140338199161728
"Temporal validation cohort","GBM",58,"3D-CNN","cindex",0.596568774348217
"Temporal validation cohort","GBM",59,"3D-CNN","cindex",0.5811355172151706
"Temporal validation cohort","GBM",60,"3D-CNN","cindex",0.635562831306517
"Temporal validation cohort","GBM",61,"3D-CNN","cindex",0.573716542343133
"Temporal validation cohort","GBM",62,"3D-CNN","cindex",0.6102359346642467
"Temporal validation cohort","GBM",63,"3D-CNN","cindex",0.5820816264603247
"Temporal validation cohort","GBM",64,"3D-CNN","cindex",0.573542736333434
"Temporal validation cohort","GBM",65,"3D-CNN","cindex",0.601249727530335
"Temporal validation cohort","GBM",66,"3D-CNN","cindex",0.6437780888528697
"Temporal validation cohort","GBM",67,"3D-CNN","cindex",0.6161974488640652
"Temporal validation cohort","GBM",68,"3D-CNN","cindex",0.6157445228369848
"Temporal validation cohort","GBM",69,"3D-CNN","cindex",0.5888504363526934
"Temporal validation cohort","GBM",70,"3D-CNN","cindex",0.6072746441750132
"Temporal validation cohort","GBM",71,"3D-CNN","cindex",0.6204661325564458
"Temporal validation cohort","GBM",72,"3D-CNN","cindex",0.609681737061273
"Temporal validation cohort","GBM",73,"3D-CNN","cindex",0.598297497615029
"Temporal validation cohort","GBM",74,"3D-CNN","cindex",0.6068954902262582
"Temporal validation cohort","GBM",75,"3D-CNN","cindex",0.6516747111306128
"Temporal validation cohort","GBM",76,"3D-CNN","cindex",0.6456065020702346
"Temporal validation cohort","GBM",77,"3D-CNN","cindex",0.6176934097421203
"Temporal validation cohort","GBM",78,"3D-CNN","cindex",0.6166907789537805
"Temporal validation cohort","GBM",79,"3D-CNN","cindex",0.6041958041958042
"Temporal validation cohort","GBM",80,"3D-CNN","cindex",0.648249414104112
"Temporal validation cohort","GBM",81,"3D-CNN","cindex",0.6576178915618333
"Temporal validation cohort","GBM",82,"3D-CNN","cindex",0.6481509548347985
"Temporal validation cohort","GBM",83,"3D-CNN","cindex",0.5928995818968679
"Temporal validation cohort","GBM",84,"3D-CNN","cindex",0.6230534128947751
"Temporal validation cohort","GBM",85,"3D-CNN","cindex",0.5591957763795472
"Temporal validation cohort","GBM",86,"3D-CNN","cindex",0.6281782132027058
"Temporal validation cohort","GBM",87,"3D-CNN","cindex",0.5997510115157174
"Temporal validation cohort","GBM",88,"3D-CNN","cindex",0.5705873693508023
"Temporal validation cohort","GBM",89,"3D-CNN","cindex",0.6376843821807131
"Temporal validation cohort","GBM",90,"3D-CNN","cindex",0.6358951707891637
"Temporal validation cohort","GBM",91,"3D-CNN","cindex",0.5629666150161995
"Temporal validation cohort","GBM",92,"3D-CNN","cindex",0.6027794292508918
"Temporal validation cohort","GBM",93,"3D-CNN","cindex",0.6297356828193832
"Temporal validation cohort","GBM",94,"3D-CNN","cindex",0.590442425585346
"Temporal validation cohort","GBM",95,"3D-CNN","cindex",0.5483319711717067
"Temporal validation cohort","GBM",96,"3D-CNN","cindex",0.6362191614953837
"Temporal validation cohort","GBM",97,"3D-CNN","cindex",0.6193110570185144
"Temporal validation cohort","GBM",98,"3D-CNN","cindex",0.6074711375836459
"Temporal validation cohort","GBM",99,"3D-CNN","cindex",0.6127132257324256
"Temporal validation cohort","GBM",100,"3D-CNN","cindex",0.58633887825702935
"Temporal validation cohort","GBM",1,"Clinicoradiologic","cindex",0.6007954545454546
"Temporal validation cohort","GBM",2,"Clinicoradiologic","cindex",0.60404202539034
"Temporal validation cohort","GBM",3,"Clinicoradiologic","cindex",0.5836683968126325
"Temporal validation cohort","GBM",4,"Clinicoradiologic","cindex",0.6193514088250931
"Temporal validation cohort","GBM",5,"Clinicoradiologic","cindex",0.6605852867462775
"Temporal validation cohort","GBM",6,"Clinicoradiologic","cindex",0.5908762551470057
"Temporal validation cohort","GBM",7,"Clinicoradiologic","cindex",0.6096815927549774
"Temporal validation cohort","GBM",8,"Clinicoradiologic","cindex",0.6217914336066201
"Temporal validation cohort","GBM",9,"Clinicoradiologic","cindex",0.6248356944647291
"Temporal validation cohort","GBM",10,"Clinicoradiologic","cindex",0.62861304055568
"Temporal validation cohort","GBM",11,"Clinicoradiologic","cindex",0.58692202265022
"Temporal validation cohort","GBM",12,"Clinicoradiologic","cindex",0.6056727272727273
"Temporal validation cohort","GBM",13,"Clinicoradiologic","cindex",0.6250278417105947
"Temporal validation cohort","GBM",14,"Clinicoradiologic","cindex",0.6336881894623159
"Temporal validation cohort","GBM",15,"Clinicoradiologic","cindex",0.6022254127781765
"Temporal validation cohort","GBM",16,"Clinicoradiologic","cindex",0.6515288107580197
"Temporal validation cohort","GBM",17,"Clinicoradiologic","cindex",0.6139398700278511
"Temporal validation cohort","GBM",18,"Clinicoradiologic","cindex",0.5928154500252216
"Temporal validation cohort","GBM",19,"Clinicoradiologic","cindex",0.6347915292738331
"Temporal validation cohort","GBM",20,"Clinicoradiologic","cindex",0.6097616345062429
"Temporal validation cohort","GBM",21,"Clinicoradiologic","cindex",0.6233390245713013
"Temporal validation cohort","GBM",22,"Clinicoradiologic","cindex",0.6023702942687312
"Temporal validation cohort","GBM",23,"Clinicoradiologic","cindex",0.5972691234767289
"Temporal validation cohort","GBM",24,"Clinicoradiologic","cindex",0.5929210190125498
"Temporal validation cohort","GBM",25,"Clinicoradiologic","cindex",0.5711494507114945
"Temporal validation cohort","GBM",26,"Clinicoradiologic","cindex",0.5824040116757727
"Temporal validation cohort","GBM",27,"Clinicoradiologic","cindex",0.626252427184466
"Temporal validation cohort","GBM",28,"Clinicoradiologic","cindex",0.5888732602901984
"Temporal validation cohort","GBM",29,"Clinicoradiologic","cindex",0.6043054843669913
"Temporal validation cohort","GBM",30,"Clinicoradiologic","cindex",0.5976286026997446
"Temporal validation cohort","GBM",31,"Clinicoradiologic","cindex",0.6458533343179972
"Temporal validation cohort","GBM",32,"Clinicoradiologic","cindex",0.6430621648160737
"Temporal validation cohort","GBM",33,"Clinicoradiologic","cindex",0.6079426694535682
"Temporal validation cohort","GBM",34,"Clinicoradiologic","cindex",0.6081638667845565
"Temporal validation cohort","GBM",35,"Clinicoradiologic","cindex",0.597295640848847
"Temporal validation cohort","GBM",36,"Clinicoradiologic","cindex",0.6141876259422345
"Temporal validation cohort","GBM",37,"Clinicoradiologic","cindex",0.6260826352406645
"Temporal validation cohort","GBM",38,"Clinicoradiologic","cindex",0.6162607126747858
"Temporal validation cohort","GBM",39,"Clinicoradiologic","cindex",0.6334423845874227
"Temporal validation cohort","GBM",40,"Clinicoradiologic","cindex",0.6064363854338378
"Temporal validation cohort","GBM",41,"Clinicoradiologic","cindex",0.6504362729822375
"Temporal validation cohort","GBM",42,"Clinicoradiologic","cindex",0.5966110649860367
"Temporal validation cohort","GBM",43,"Clinicoradiologic","cindex",0.5818782098312546
"Temporal validation cohort","GBM",44,"Clinicoradiologic","cindex",0.6455332460352102
"Temporal validation cohort","GBM",45,"Clinicoradiologic","cindex",0.6061828980430976
"Temporal validation cohort","GBM",46,"Clinicoradiologic","cindex",0.6303264668699338
"Temporal validation cohort","GBM",47,"Clinicoradiologic","cindex",0.6377926421404683
"Temporal validation cohort","GBM",48,"Clinicoradiologic","cindex",0.605188679245283
"Temporal validation cohort","GBM",49,"Clinicoradiologic","cindex",0.6211918063314712
"Temporal validation cohort","GBM",50,"Clinicoradiologic","cindex",0.6430822218965264
"Temporal validation cohort","GBM",51,"Clinicoradiologic","cindex",0.5944914302821644
"Temporal validation cohort","GBM",52,"Clinicoradiologic","cindex",0.6458776108464639
"Temporal validation cohort","GBM",53,"Clinicoradiologic","cindex",0.5940993558895388
"Temporal validation cohort","GBM",54,"Clinicoradiologic","cindex",0.5569620253164557
"Temporal validation cohort","GBM",55,"Clinicoradiologic","cindex",0.609232342414725
"Temporal validation cohort","GBM",56,"Clinicoradiologic","cindex",0.5979875594584705
"Temporal validation cohort","GBM",57,"Clinicoradiologic","cindex",0.6192730163318398
"Temporal validation cohort","GBM",58,"Clinicoradiologic","cindex",0.6027869343721906
"Temporal validation cohort","GBM",59,"Clinicoradiologic","cindex",0.607661320969826
"Temporal validation cohort","GBM",60,"Clinicoradiologic","cindex",0.6584814468350484
"Temporal validation cohort","GBM",61,"Clinicoradiologic","cindex",0.5605894398127833
"Temporal validation cohort","GBM",62,"Clinicoradiologic","cindex",0.5785117967332123
"Temporal validation cohort","GBM",63,"Clinicoradiologic","cindex",0.6275982400242756
"Temporal validation cohort","GBM",64,"Clinicoradiologic","cindex",0.591626396858955
"Temporal validation cohort","GBM",65,"Clinicoradiologic","cindex",0.6164716994841242
"Temporal validation cohort","GBM",66,"Clinicoradiologic","cindex",0.6036616812790098
"Temporal validation cohort","GBM",67,"Clinicoradiologic","cindex",0.6258585553626689
"Temporal validation cohort","GBM",68,"Clinicoradiologic","cindex",0.6041960638692907
"Temporal validation cohort","GBM",69,"Clinicoradiologic","cindex",0.6283478784231117
"Temporal validation cohort","GBM",70,"Clinicoradiologic","cindex",0.5977106709842609
"Temporal validation cohort","GBM",71,"Clinicoradiologic","cindex",0.6279315367807721
"Temporal validation cohort","GBM",72,"Clinicoradiologic","cindex",0.6089381320642475
"Temporal validation cohort","GBM",73,"Clinicoradiologic","cindex",0.6326043883466648
"Temporal validation cohort","GBM",74,"Clinicoradiologic","cindex",0.6224411266738494
"Temporal validation cohort","GBM",75,"Clinicoradiologic","cindex",0.603590756179611
"Temporal validation cohort","GBM",76,"Clinicoradiologic","cindex",0.6403159024689464
"Temporal validation cohort","GBM",77,"Clinicoradiologic","cindex",0.623567335243553
"Temporal validation cohort","GBM",78,"Clinicoradiologic","cindex",0.610979974111018
"Temporal validation cohort","GBM",79,"Clinicoradiologic","cindex",0.6019138755980862
"Temporal validation cohort","GBM",80,"Clinicoradiologic","cindex",0.5961224344861871
"Temporal validation cohort","GBM",81,"Clinicoradiologic","cindex",0.5900831310233208
"Temporal validation cohort","GBM",82,"Clinicoradiologic","cindex",0.6190133373749621
"Temporal validation cohort","GBM",83,"Clinicoradiologic","cindex",0.6322892980268466
"Temporal validation cohort","GBM",84,"Clinicoradiologic","cindex",0.6094454955610538
"Temporal validation cohort","GBM",85,"Clinicoradiologic","cindex",0.606711506472843
"Temporal validation cohort","GBM",86,"Clinicoradiologic","cindex",0.5861130549723972
"Temporal validation cohort","GBM",87,"Clinicoradiologic","cindex",0.6270619358854653
"Temporal validation cohort","GBM",88,"Clinicoradiologic","cindex",0.577285440895039
"Temporal validation cohort","GBM",89,"Clinicoradiologic","cindex",0.6321251204506708
"Temporal validation cohort","GBM",90,"Clinicoradiologic","cindex",0.6196260306242638
"Temporal validation cohort","GBM",91,"Clinicoradiologic","cindex",0.5793069446400901
"Temporal validation cohort","GBM",92,"Clinicoradiologic","cindex",0.621172711058264
"Temporal validation cohort","GBM",93,"Clinicoradiologic","cindex",0.5848751835535977
"Temporal validation cohort","GBM",94,"Clinicoradiologic","cindex",0.5741930718664598
"Temporal validation cohort","GBM",95,"Clinicoradiologic","cindex",0.5802437030982985
"Temporal validation cohort","GBM",96,"Clinicoradiologic","cindex",0.620289087331618
"Temporal validation cohort","GBM",97,"Clinicoradiologic","cindex",0.6220033930810651
"Temporal validation cohort","GBM",98,"Clinicoradiologic","cindex",0.590741966321053
"Temporal validation cohort","GBM",99,"Clinicoradiologic","cindex",0.5887707488717203
"Temporal validation cohort","GBM",100,"Clinicoradiologic","cindex",0.6111438245252465
"Temporal validation cohort","GBM",1,"3D-ViT","cindex",0.6792803030303031
"Temporal validation cohort","GBM",2,"3D-ViT","cindex",0.6887859331679557
"Temporal validation cohort","GBM",3,"3D-ViT","cindex",0.6801666788507932
"Temporal validation cohort","GBM",4,"3D-ViT","cindex",0.6551606288448394
"Temporal validation cohort","GBM",5,"3D-ViT","cindex",0.6703154946189002
"Temporal validation cohort","GBM",6,"3D-ViT","cindex",0.6792963952900383
"Temporal validation cohort","GBM",7,"3D-ViT","cindex",0.6828865090203406
"Temporal validation cohort","GBM",8,"3D-ViT","cindex",0.6410236763466401
"Temporal validation cohort","GBM",9,"3D-ViT","cindex",0.712903461369943
"Temporal validation cohort","GBM",10,"3D-ViT","cindex",0.7390768541339906
"Temporal validation cohort","GBM",11,"3D-ViT","cindex",0.6471903628363269
"Temporal validation cohort","GBM",12,"3D-ViT","cindex",0.6792363636363636
"Temporal validation cohort","GBM",13,"3D-ViT","cindex",0.6797089613185834
"Temporal validation cohort","GBM",14,"3D-ViT","cindex",0.7093651160996683
"Temporal validation cohort","GBM",15,"3D-ViT","cindex",0.6715362526920317
"Temporal validation cohort","GBM",16,"3D-ViT","cindex",0.6133273232664713
"Temporal validation cohort","GBM",17,"3D-ViT","cindex",0.6741769620795544
"Temporal validation cohort","GBM",18,"3D-ViT","cindex",0.6837212654031851
"Temporal validation cohort","GBM",19,"3D-ViT","cindex",0.6759727412618157
"Temporal validation cohort","GBM",20,"3D-ViT","cindex",0.6604994324631102
"Temporal validation cohort","GBM",21,"3D-ViT","cindex",0.6732981961250093
"Temporal validation cohort","GBM",22,"3D-ViT","cindex",0.6392823071842666
"Temporal validation cohort","GBM",23,"3D-ViT","cindex",0.6514094846571722
"Temporal validation cohort","GBM",24,"3D-ViT","cindex",0.6625084541970392
"Temporal validation cohort","GBM",25,"3D-ViT","cindex",0.671790901717909
"Temporal validation cohort","GBM",26,"3D-ViT","cindex",0.6459471596437393
"Temporal validation cohort","GBM",27,"3D-ViT","cindex",0.673864077669903
"Temporal validation cohort","GBM",28,"3D-ViT","cindex",0.6798563814036127
"Temporal validation cohort","GBM",29,"3D-ViT","cindex",0.6447243171999707
"Temporal validation cohort","GBM",30,"3D-ViT","cindex",0.6607077708865378
"Temporal validation cohort","GBM",31,"3D-ViT","cindex",0.6873569160327893
"Temporal validation cohort","GBM",32,"3D-ViT","cindex",0.6934813807689403
"Temporal validation cohort","GBM",33,"3D-ViT","cindex",0.7217826216781129
"Temporal validation cohort","GBM",34,"3D-ViT","cindex",0.6503094606542883
"Temporal validation cohort","GBM",35,"3D-ViT","cindex",0.6909905768788784
"Temporal validation cohort","GBM",36,"3D-ViT","cindex",0.6899022315098142
"Temporal validation cohort","GBM",37,"3D-ViT","cindex",0.6741800369160869
"Temporal validation cohort","GBM",38,"3D-ViT","cindex",0.6492256803488197
"Temporal validation cohort","GBM",39,"3D-ViT","cindex",0.640385314431116
"Temporal validation cohort","GBM",40,"3D-ViT","cindex",0.6726359958039863
"Temporal validation cohort","GBM",41,"3D-ViT","cindex",0.6744312870052976
"Temporal validation cohort","GBM",42,"3D-ViT","cindex",0.6720507208091177
"Temporal validation cohort","GBM",43,"3D-ViT","cindex",0.6720836390315481
"Temporal validation cohort","GBM",44,"3D-ViT","cindex",0.7217736068674523
"Temporal validation cohort","GBM",45,"3D-ViT","cindex",0.7110332749562172
"Temporal validation cohort","GBM",46,"3D-ViT","cindex",0.7081876998587046
"Temporal validation cohort","GBM",47,"3D-ViT","cindex",0.666740988480119
"Temporal validation cohort","GBM",48,"3D-ViT","cindex",0.6501451378809869
"Temporal validation cohort","GBM",49,"3D-ViT","cindex",0.700782122905028
"Temporal validation cohort","GBM",50,"3D-ViT","cindex",0.6857687234354389
"Temporal validation cohort","GBM",51,"3D-ViT","cindex",0.6907417109497792
"Temporal validation cohort","GBM",52,"3D-ViT","cindex",0.6677537559545621
"Temporal validation cohort","GBM",53,"3D-ViT","cindex",0.6439994077145184
"Temporal validation cohort","GBM",54,"3D-ViT","cindex",0.6771415955254636
"Temporal validation cohort","GBM",55,"3D-ViT","cindex",0.6751150390767657
"Temporal validation cohort","GBM",56,"3D-ViT","cindex",0.6698133918770581
"Temporal validation cohort","GBM",57,"3D-ViT","cindex",0.67582020523197
"Temporal validation cohort","GBM",58,"3D-ViT","cindex",0.6532813904704825
"Temporal validation cohort","GBM",59,"3D-ViT","cindex",0.651022269514327
"Temporal validation cohort","GBM",60,"3D-ViT","cindex",0.6945743685687559
"Temporal validation cohort","GBM",61,"3D-ViT","cindex",0.6336843644873482
"Temporal validation cohort","GBM",62,"3D-ViT","cindex",0.6784029038112522
"Temporal validation cohort","GBM",63,"3D-ViT","cindex",0.6535047792444242
"Temporal validation cohort","GBM",64,"3D-ViT","cindex",0.6589021443672607
"Temporal validation cohort","GBM",65,"3D-ViT","cindex",0.6528373174453244
"Temporal validation cohort","GBM",66,"3D-ViT","cindex",0.6928460915051942
"Temporal validation cohort","GBM",67,"3D-ViT","cindex",0.6636349913200996
"Temporal validation cohort","GBM",68,"3D-ViT","cindex",0.6650204233197178
"Temporal validation cohort","GBM",69,"3D-ViT","cindex",0.638654829972916
"Temporal validation cohort","GBM",70,"3D-ViT","cindex",0.6529859176142782
"Temporal validation cohort","GBM",71,"3D-ViT","cindex",0.6879096868171887
"Temporal validation cohort","GBM",72,"3D-ViT","cindex",0.6564173111243308
"Temporal validation cohort","GBM",73,"3D-ViT","cindex",0.6705070815293168
"Temporal validation cohort","GBM",74,"3D-ViT","cindex",0.6668077574265046
"Temporal validation cohort","GBM",75,"3D-ViT","cindex",0.6978938130759105
"Temporal validation cohort","GBM",76,"3D-ViT","cindex",0.6660021469099832
"Temporal validation cohort","GBM",77,"3D-ViT","cindex",0.689756446991404
"Temporal validation cohort","GBM",78,"3D-ViT","cindex",0.681299017741567
"Temporal validation cohort","GBM",79,"3D-ViT","cindex",0.6733897681266102
"Temporal validation cohort","GBM",80,"3D-ViT","cindex",0.6949435409416944
"Temporal validation cohort","GBM",81,"3D-ViT","cindex",0.7181637607592143
"Temporal validation cohort","GBM",82,"3D-ViT","cindex",0.6879357381024553
"Temporal validation cohort","GBM",83,"3D-ViT","cindex",0.6490134233110834
"Temporal validation cohort","GBM",84,"3D-ViT","cindex",0.6919662349003056
"Temporal validation cohort","GBM",85,"3D-ViT","cindex",0.6227308888406741
"Temporal validation cohort","GBM",86,"3D-ViT","cindex",0.6779021849000855
"Temporal validation cohort","GBM",87,"3D-ViT","cindex",0.6618425147836913
"Temporal validation cohort","GBM",88,"3D-ViT","cindex",0.6603120859708523
"Temporal validation cohort","GBM",89,"3D-ViT","cindex",0.700133422281521
"Temporal validation cohort","GBM",90,"3D-ViT","cindex",0.6755742049469965
"Temporal validation cohort","GBM",91,"3D-ViT","cindex",0.6446682631356528
"Temporal validation cohort","GBM",92,"3D-ViT","cindex",0.6559527348394768
"Temporal validation cohort","GBM",93,"3D-ViT","cindex",0.6940161527165932
"Temporal validation cohort","GBM",94,"3D-ViT","cindex",0.6562892384961961
"Temporal validation cohort","GBM",95,"3D-ViT","cindex",0.603796715952151
"Temporal validation cohort","GBM",96,"3D-ViT","cindex",0.6983123959436961
"Temporal validation cohort","GBM",97,"3D-ViT","cindex",0.6916721988640555
"Temporal validation cohort","GBM",98,"3D-ViT","cindex",0.6674387822634017
"Temporal validation cohort","GBM",99,"3D-ViT","cindex",0.6794920829189933
"Temporal validation cohort","GBM",100,"3D-ViT","cindex",0.6425364345649933
"Temporal validation cohort","GBM",1,"CR-ViT","cindex",0.6990909090909091
"Temporal validation cohort","GBM",2,"CR-ViT","cindex",0.7155260469867212
"Temporal validation cohort","GBM",3,"CR-ViT","cindex",0.7212515534761312
"Temporal validation cohort","GBM",4,"CR-ViT","cindex",0.6911976911976911
"Temporal validation cohort","GBM",5,"CR-ViT","cindex",0.7386849476632759
"Temporal validation cohort","GBM",6,"CR-ViT","cindex",0.6910351802354981
"Temporal validation cohort","GBM",7,"CR-ViT","cindex",0.7222022568820528
"Temporal validation cohort","GBM",8,"CR-ViT","cindex",0.6727453834955176
"Temporal validation cohort","GBM",9,"CR-ViT","cindex",0.7273988608149554
"Temporal validation cohort","GBM",10,"CR-ViT","cindex",0.7605497049817014
"Temporal validation cohort","GBM",11,"CR-ViT","cindex",0.6687585659669624
"Temporal validation cohort","GBM",12,"CR-ViT","cindex",0.7015272727272728
"Temporal validation cohort","GBM",13,"CR-ViT","cindex",0.714826638948697
"Temporal validation cohort","GBM",14,"CR-ViT","cindex",0.7367893234590759
"Temporal validation cohort","GBM",15,"CR-ViT","cindex",0.6994256999282125
"Temporal validation cohort","GBM",16,"CR-ViT","cindex",0.6843212380737735
"Temporal validation cohort","GBM",17,"CR-ViT","cindex",0.7045633078626009
"Temporal validation cohort","GBM",18,"CR-ViT","cindex",0.6971247387763926
"Temporal validation cohort","GBM",19,"CR-ViT","cindex",0.7082875357221368
"Temporal validation cohort","GBM",20,"CR-ViT","cindex",0.6880817253121453
"Temporal validation cohort","GBM",21,"CR-ViT","cindex",0.7245935713755475
"Temporal validation cohort","GBM",22,"CR-ViT","cindex",0.6790195934541718
"Temporal validation cohort","GBM",23,"CR-ViT","cindex",0.696006460138012
"Temporal validation cohort","GBM",24,"CR-ViT","cindex",0.6884346584504396
"Temporal validation cohort","GBM",25,"CR-ViT","cindex",0.7086927670869276
"Temporal validation cohort","GBM",26,"CR-ViT","cindex",0.6646957563056657
"Temporal validation cohort","GBM",27,"CR-ViT","cindex",0.7368543689320388
"Temporal validation cohort","GBM",28,"CR-ViT","cindex",0.6973645247260882
"Temporal validation cohort","GBM",29,"CR-ViT","cindex",0.7003734348685655
"Temporal validation cohort","GBM",30,"CR-ViT","cindex",0.6844947099598686
"Temporal validation cohort","GBM",31,"CR-ViT","cindex",0.7473598700243704
"Temporal validation cohort","GBM",32,"CR-ViT","cindex",0.7384998866983912
"Temporal validation cohort","GBM",33,"CR-ViT","cindex",0.7419378919080323
"Temporal validation cohort","GBM",34,"CR-ViT","cindex",0.6962127910403773
"Temporal validation cohort","GBM",35,"CR-ViT","cindex",0.7048188155979468
"Temporal validation cohort","GBM",36,"CR-ViT","cindex",0.7192327785655646
"Temporal validation cohort","GBM",37,"CR-ViT","cindex",0.716953002981684
"Temporal validation cohort","GBM",38,"CR-ViT","cindex",0.6874906029168546
"Temporal validation cohort","GBM",39,"CR-ViT","cindex",0.6958924027626318
"Temporal validation cohort","GBM",40,"CR-ViT","cindex",0.7065038213696988
"Temporal validation cohort","GBM",41,"CR-ViT","cindex",0.7288875038952944
"Temporal validation cohort","GBM",42,"CR-ViT","cindex",0.6998264019926033
"Temporal validation cohort","GBM",43,"CR-ViT","cindex",0.6809244314013206
"Temporal validation cohort","GBM",44,"CR-ViT","cindex",0.7507638585770406
"Temporal validation cohort","GBM",45,"CR-ViT","cindex",0.7435467905276784
"Temporal validation cohort","GBM",46,"CR-ViT","cindex",0.7375622815497881
"Temporal validation cohort","GBM",47,"CR-ViT","cindex",0.7219620958751394
"Temporal validation cohort","GBM",48,"CR-ViT","cindex",0.6950653120464441
"Temporal validation cohort","GBM",49,"CR-ViT","cindex",0.7479329608938547
"Temporal validation cohort","GBM",50,"CR-ViT","cindex",0.7276124871757291
"Temporal validation cohort","GBM",51,"CR-ViT","cindex",0.7138687224010178
"Temporal validation cohort","GBM",52,"CR-ViT","cindex",0.7101502381824845
"Temporal validation cohort","GBM",53,"CR-ViT","cindex",0.669726808321611
"Temporal validation cohort","GBM",54,"CR-ViT","cindex",0.6969384751251104
"Temporal validation cohort","GBM",55,"CR-ViT","cindex",0.718647286538602
"Temporal validation cohort","GBM",56,"CR-ViT","cindex",0.6983534577387487
"Temporal validation cohort","GBM",57,"CR-ViT","cindex",0.7150599797658621
"Temporal validation cohort","GBM",58,"CR-ViT","cindex",0.6856457896314054
"Temporal validation cohort","GBM",59,"CR-ViT","cindex",0.6981834764764003
"Temporal validation cohort","GBM",60,"CR-ViT","cindex",0.7413470533208606
"Temporal validation cohort","GBM",61,"CR-ViT","cindex",0.6602310955097265
"Temporal validation cohort","GBM",62,"CR-ViT","cindex",0.7004718693284937
"Temporal validation cohort","GBM",63,"CR-ViT","cindex",0.7073281747837961
"Temporal validation cohort","GBM",64,"CR-ViT","cindex",0.6760042283298098
"Temporal validation cohort","GBM",65,"CR-ViT","cindex",0.6867688730654654
"Temporal validation cohort","GBM",66,"CR-ViT","cindex",0.7089810653503279
"Temporal validation cohort","GBM",67,"CR-ViT","cindex",0.7015623820665711
"Temporal validation cohort","GBM",68,"CR-ViT","cindex",0.6941700705532863
"Temporal validation cohort","GBM",69,"CR-ViT","cindex",0.6944778814324406
"Temporal validation cohort","GBM",70,"CR-ViT","cindex",0.6926726410121244
"Temporal validation cohort","GBM",71,"CR-ViT","cindex",0.7316824471959213
"Temporal validation cohort","GBM",72,"CR-ViT","cindex",0.6943783462224866
"Temporal validation cohort","GBM",73,"CR-ViT","cindex",0.7394877816100389
"Temporal validation cohort","GBM",74,"CR-ViT","cindex",0.7115591811605356
"Temporal validation cohort","GBM",75,"CR-ViT","cindex",0.7158841597191751
"Temporal validation cohort","GBM",76,"CR-ViT","cindex",0.7051832541021316
"Temporal validation cohort","GBM",77,"CR-ViT","cindex",0.7121776504297994
"Temporal validation cohort","GBM",78,"CR-ViT","cindex",0.6987740805604203
"Temporal validation cohort","GBM",79,"CR-ViT","cindex",0.68582995951417
"Temporal validation cohort","GBM",80,"CR-ViT","cindex",0.7071940913287409
"Temporal validation cohort","GBM",81,"CR-ViT","cindex",0.7323622452733024
"Temporal validation cohort","GBM",82,"CR-ViT","cindex",0.7240072749317975
"Temporal validation cohort","GBM",83,"CR-ViT","cindex",0.700726179124184
"Temporal validation cohort","GBM",84,"CR-ViT","cindex",0.7189637607335176
"Temporal validation cohort","GBM",85,"CR-ViT","cindex",0.6561076155348231
"Temporal validation cohort","GBM",86,"CR-ViT","cindex",0.7150299354638053
"Temporal validation cohort","GBM",87,"CR-ViT","cindex",0.7122626828509182
"Temporal validation cohort","GBM",88,"CR-ViT","cindex",0.6822464301486825
"Temporal validation cohort","GBM",89,"CR-ViT","cindex",0.7239641242309688
"Temporal validation cohort","GBM",90,"CR-ViT","cindex",0.7203327444051826
"Temporal validation cohort","GBM",91,"CR-ViT","cindex",0.6660092970840963
"Temporal validation cohort","GBM",92,"CR-ViT","cindex",0.7120243757431629
"Temporal validation cohort","GBM",93,"CR-ViT","cindex",0.7117474302496329
"Temporal validation cohort","GBM",94,"CR-ViT","cindex",0.6836546273727749
"Temporal validation cohort","GBM",95,"CR-ViT","cindex",0.6287242737201872
"Temporal validation cohort","GBM",96,"CR-ViT","cindex",0.7283941274405933
"Temporal validation cohort","GBM",97,"CR-ViT","cindex",0.7168990189569964
"Temporal validation cohort","GBM",98,"CR-ViT","cindex",0.6779174939333774
"Temporal validation cohort","GBM",99,"CR-ViT","cindex",0.6911955939723093
"Temporal validation cohort","GBM",100,"CR-ViT","cindex",0.682025614603268
"Temporal validation cohort","GBM",1,"3D-CNN","iauc",0.8120393074846323
"Temporal validation cohort","GBM",2,"3D-CNN","iauc",0.7648586946292916
"Temporal validation cohort","GBM",3,"3D-CNN","iauc",0.7664275216129636
"Temporal validation cohort","GBM",4,"3D-CNN","iauc",0.7587068159334789
"Temporal validation cohort","GBM",5,"3D-CNN","iauc",0.6994996433803666
"Temporal validation cohort","GBM",6,"3D-CNN","iauc",0.8048518049273258
"Temporal validation cohort","GBM",7,"3D-CNN","iauc",0.766126655568068
"Temporal validation cohort","GBM",8,"3D-CNN","iauc",0.7656517207695501
"Temporal validation cohort","GBM",9,"3D-CNN","iauc",0.8435555956987334
"Temporal validation cohort","GBM",10,"3D-CNN","iauc",0.762603951889989
"Temporal validation cohort","GBM",11,"3D-CNN","iauc",0.7585064993766898
"Temporal validation cohort","GBM",12,"3D-CNN","iauc",0.6894607640292
"Temporal validation cohort","GBM",13,"3D-CNN","iauc",0.7523365030837526
"Temporal validation cohort","GBM",14,"3D-CNN","iauc",0.8086949725029063
"Temporal validation cohort","GBM",15,"3D-CNN","iauc",0.7333342238886882
"Temporal validation cohort","GBM",16,"3D-CNN","iauc",0.7545679915710596
"Temporal validation cohort","GBM",17,"3D-CNN","iauc",0.7556710932566857
"Temporal validation cohort","GBM",18,"3D-CNN","iauc",0.7887312407289913
"Temporal validation cohort","GBM",19,"3D-CNN","iauc",0.6896783126724917
"Temporal validation cohort","GBM",20,"3D-CNN","iauc",0.7371841468576752
"Temporal validation cohort","GBM",21,"3D-CNN","iauc",0.7756612075704753
"Temporal validation cohort","GBM",22,"3D-CNN","iauc",0.7174489202831483
"Temporal validation cohort","GBM",23,"3D-CNN","iauc",
"Temporal validation cohort","GBM",24,"3D-CNN","iauc",0.738787494889439
"Temporal validation cohort","GBM",25,"3D-CNN","iauc",0.7400743214127891
"Temporal validation cohort","GBM",26,"3D-CNN","iauc",0.7188229285930406
"Temporal validation cohort","GBM",27,"3D-CNN","iauc",0.712081029102315
"Temporal validation cohort","GBM",28,"3D-CNN","iauc",0.6746317537232724
"Temporal validation cohort","GBM",29,"3D-CNN","iauc",0.7182009671087051
"Temporal validation cohort","GBM",30,"3D-CNN","iauc",0.7657227889569749
"Temporal validation cohort","GBM",31,"3D-CNN","iauc",0.6808466730739113
"Temporal validation cohort","GBM",32,"3D-CNN","iauc",0.7650880930631748
"Temporal validation cohort","GBM",33,"3D-CNN","iauc",0.7847044909571571
"Temporal validation cohort","GBM",34,"3D-CNN","iauc",0.6812210400034993
"Temporal validation cohort","GBM",35,"3D-CNN","iauc",0.7492822724508016
"Temporal validation cohort","GBM",36,"3D-CNN","iauc",0.8230719984624166
"Temporal validation cohort","GBM",37,"3D-CNN","iauc",0.7428587808276891
"Temporal validation cohort","GBM",38,"3D-CNN","iauc",0.7370721466124766
"Temporal validation cohort","GBM",39,"3D-CNN","iauc",0.7388969262844561
"Temporal validation cohort","GBM",40,"3D-CNN","iauc",0.7406311150297814
"Temporal validation cohort","GBM",41,"3D-CNN","iauc",0.7434065820494716
"Temporal validation cohort","GBM",42,"3D-CNN","iauc",0.7342894809529414
"Temporal validation cohort","GBM",43,"3D-CNN","iauc",0.8043876747217038
"Temporal validation cohort","GBM",44,"3D-CNN","iauc",0.8317586675308757
"Temporal validation cohort","GBM",45,"3D-CNN","iauc",0.7607501152568913
"Temporal validation cohort","GBM",46,"3D-CNN","iauc",0.7477606551768456
"Temporal validation cohort","GBM",47,"3D-CNN","iauc",0.6875530324938525
"Temporal validation cohort","GBM",48,"3D-CNN","iauc",0.719685777368802
"Temporal validation cohort","GBM",49,"3D-CNN","iauc",0.73141115852109
"Temporal validation cohort","GBM",50,"3D-CNN","iauc",0.7753809134593936
"Temporal validation cohort","GBM",51,"3D-CNN","iauc",0.7464557485263428
"Temporal validation cohort","GBM",52,"3D-CNN","iauc",0.7662965908682525
"Temporal validation cohort","GBM",53,"3D-CNN","iauc",0.77187389485646
"Temporal validation cohort","GBM",54,"3D-CNN","iauc",0.7385583767663264
"Temporal validation cohort","GBM",55,"3D-CNN","iauc",0.7631909733500247
"Temporal validation cohort","GBM",56,"3D-CNN","iauc",0.7582584693618825
"Temporal validation cohort","GBM",57,"3D-CNN","iauc",0.7331500589584704
"Temporal validation cohort","GBM",58,"3D-CNN","iauc",0.7472286225424437
"Temporal validation cohort","GBM",59,"3D-CNN","iauc",0.652641492641641
"Temporal validation cohort","GBM",60,"3D-CNN","iauc",0.7488806824260661
"Temporal validation cohort","GBM",61,"3D-CNN","iauc",0.758516493090419
"Temporal validation cohort","GBM",62,"3D-CNN","iauc",0.7554611496911633
"Temporal validation cohort","GBM",63,"3D-CNN","iauc",0.6306299952643132
"Temporal validation cohort","GBM",64,"3D-CNN","iauc",0.728966445918018
"Temporal validation cohort","GBM",65,"3D-CNN","iauc",0.7736625092483266
"Temporal validation cohort","GBM",66,"3D-CNN","iauc",0.780448342111629
"Temporal validation cohort","GBM",67,"3D-CNN","iauc",0.7609059696320581
"Temporal validation cohort","GBM",68,"3D-CNN","iauc",0.7322453678200163
"Temporal validation cohort","GBM",69,"3D-CNN","iauc",0.7496233290686211
"Temporal validation cohort","GBM",70,"3D-CNN","iauc",0.7444880945544846
"Temporal validation cohort","GBM",71,"3D-CNN","iauc",0.7480808298788019
"Temporal validation cohort","GBM",72,"3D-CNN","iauc",0.7763334713400333
"Temporal validation cohort","GBM",73,"3D-CNN","iauc",0.7627591302700597
"Temporal validation cohort","GBM",74,"3D-CNN","iauc",0.7389566196491442
"Temporal validation cohort","GBM",75,"3D-CNN","iauc",0.798774763679575
"Temporal validation cohort","GBM",76,"3D-CNN","iauc",0.8138794530021394
"Temporal validation cohort","GBM",77,"3D-CNN","iauc",0.7694878281520131
"Temporal validation cohort","GBM",78,"3D-CNN","iauc",0.7278322033542082
"Temporal validation cohort","GBM",79,"3D-CNN","iauc",0.7255995525125994
"Temporal validation cohort","GBM",80,"3D-CNN","iauc",0.8111190090837058
"Temporal validation cohort","GBM",81,"3D-CNN","iauc",0.8008861507422618
"Temporal validation cohort","GBM",82,"3D-CNN","iauc",0.7538434033546273
"Temporal validation cohort","GBM",83,"3D-CNN","iauc",0.7350742813744611
"Temporal validation cohort","GBM",84,"3D-CNN","iauc",0.7103262983401156
"Temporal validation cohort","GBM",85,"3D-CNN","iauc",0.7065685795090563
"Temporal validation cohort","GBM",86,"3D-CNN","iauc",0.7388094595262729
"Temporal validation cohort","GBM",87,"3D-CNN","iauc",0.7776878460417976
"Temporal validation cohort","GBM",88,"3D-CNN","iauc",0.7667306940927184
"Temporal validation cohort","GBM",89,"3D-CNN","iauc",0.7866228494290826
"Temporal validation cohort","GBM",90,"3D-CNN","iauc",0.7149852665711262
"Temporal validation cohort","GBM",91,"3D-CNN","iauc",0.6769146977861848
"Temporal validation cohort","GBM",92,"3D-CNN","iauc",0.7997418075422726
"Temporal validation cohort","GBM",93,"3D-CNN","iauc",0.7452627925112204
"Temporal validation cohort","GBM",94,"3D-CNN","iauc",0.6965742382502049
"Temporal validation cohort","GBM",95,"3D-CNN","iauc",0.6708897716818437
"Temporal validation cohort","GBM",96,"3D-CNN","iauc",0.7889679758986486
"Temporal validation cohort","GBM",97,"3D-CNN","iauc",0.7389864025349985
"Temporal validation cohort","GBM",98,"3D-CNN","iauc",0.7507867531533404
"Temporal validation cohort","GBM",99,"3D-CNN","iauc",0.7913233103689812
"Temporal validation cohort","GBM",100,"3D-CNN","iauc",0.6818761919839751
"Temporal validation cohort","GBM",1,"Clinicoradiologic","iauc",0.6795190202612506
"Temporal validation cohort","GBM",2,"Clinicoradiologic","iauc",0.6960505341962372
"Temporal validation cohort","GBM",3,"Clinicoradiologic","iauc",0.6978567955100681
"Temporal validation cohort","GBM",4,"Clinicoradiologic","iauc",0.6372083199551019
"Temporal validation cohort","GBM",5,"Clinicoradiologic","iauc",0.7223209213524266
"Temporal validation cohort","GBM",6,"Clinicoradiologic","iauc",0.7203621761012786
"Temporal validation cohort","GBM",7,"Clinicoradiologic","iauc",0.7268082300435688
"Temporal validation cohort","GBM",8,"Clinicoradiologic","iauc",0.7722703688498742
"Temporal validation cohort","GBM",9,"Clinicoradiologic","iauc",0.7387472957930825
"Temporal validation cohort","GBM",10,"Clinicoradiologic","iauc",0.7513524777044389
"Temporal validation cohort","GBM",11,"Clinicoradiologic","iauc",0.7470582280943826
"Temporal validation cohort","GBM",12,"Clinicoradiologic","iauc",0.6562125460444326
"Temporal validation cohort","GBM",13,"Clinicoradiologic","iauc",0.7175870624432357
"Temporal validation cohort","GBM",14,"Clinicoradiologic","iauc",0.677454146269621
"Temporal validation cohort","GBM",15,"Clinicoradiologic","iauc",0.7290367226978088
"Temporal validation cohort","GBM",16,"Clinicoradiologic","iauc",0.7728125111771276
"Temporal validation cohort","GBM",17,"Clinicoradiologic","iauc",0.8016130486387619
"Temporal validation cohort","GBM",18,"Clinicoradiologic","iauc",0.7768120379066107
"Temporal validation cohort","GBM",19,"Clinicoradiologic","iauc",0.7903395453749689
"Temporal validation cohort","GBM",20,"Clinicoradiologic","iauc",0.6952906047732508
"Temporal validation cohort","GBM",21,"Clinicoradiologic","iauc",0.761984105386442
"Temporal validation cohort","GBM",22,"Clinicoradiologic","iauc",0.682265319143816
"Temporal validation cohort","GBM",23,"Clinicoradiologic","iauc",
"Temporal validation cohort","GBM",24,"Clinicoradiologic","iauc",0.6698352263708318
"Temporal validation cohort","GBM",25,"Clinicoradiologic","iauc",0.6892934276447296
"Temporal validation cohort","GBM",26,"Clinicoradiologic","iauc",0.7127306370361706
"Temporal validation cohort","GBM",27,"Clinicoradiologic","iauc",0.7076714719921903
"Temporal validation cohort","GBM",28,"Clinicoradiologic","iauc",0.726946931700016
"Temporal validation cohort","GBM",29,"Clinicoradiologic","iauc",0.6363636008554259
"Temporal validation cohort","GBM",30,"Clinicoradiologic","iauc",0.7061172144414283
"Temporal validation cohort","GBM",31,"Clinicoradiologic","iauc",0.7611574349139343
"Temporal validation cohort","GBM",32,"Clinicoradiologic","iauc",0.728247491688942
"Temporal validation cohort","GBM",33,"Clinicoradiologic","iauc",0.7576117444962692
"Temporal validation cohort","GBM",34,"Clinicoradiologic","iauc",0.7277849964051307
"Temporal validation cohort","GBM",35,"Clinicoradiologic","iauc",0.7429001756028543
"Temporal validation cohort","GBM",36,"Clinicoradiologic","iauc",0.7695738373330416
"Temporal validation cohort","GBM",37,"Clinicoradiologic","iauc",0.6743374051394604
"Temporal validation cohort","GBM",38,"Clinicoradiologic","iauc",0.7322854607633061
"Temporal validation cohort","GBM",39,"Clinicoradiologic","iauc",0.7942254046773695
"Temporal validation cohort","GBM",40,"Clinicoradiologic","iauc",0.7631066389878707
"Temporal validation cohort","GBM",41,"Clinicoradiologic","iauc",0.7741776239245166
"Temporal validation cohort","GBM",42,"Clinicoradiologic","iauc",0.7179395125414345
"Temporal validation cohort","GBM",43,"Clinicoradiologic","iauc",0.7469375900853852
"Temporal validation cohort","GBM",44,"Clinicoradiologic","iauc",0.7801121082516874
"Temporal validation cohort","GBM",45,"Clinicoradiologic","iauc",0.7056900002480357
"Temporal validation cohort","GBM",46,"Clinicoradiologic","iauc",0.7996248247681187
"Temporal validation cohort","GBM",47,"Clinicoradiologic","iauc",0.7631855136946738
"Temporal validation cohort","GBM",48,"Clinicoradiologic","iauc",0.739131728757298
"Temporal validation cohort","GBM",49,"Clinicoradiologic","iauc",0.7375382499745152
"Temporal validation cohort","GBM",50,"Clinicoradiologic","iauc",0.8249356035918998
"Temporal validation cohort","GBM",51,"Clinicoradiologic","iauc",0.6880197058008913
"Temporal validation cohort","GBM",52,"Clinicoradiologic","iauc",0.8288048973601875
"Temporal validation cohort","GBM",53,"Clinicoradiologic","iauc",0.7307060352969953
"Temporal validation cohort","GBM",54,"Clinicoradiologic","iauc",0.6896278099619761
"Temporal validation cohort","GBM",55,"Clinicoradiologic","iauc",0.7185092884422999
"Temporal validation cohort","GBM",56,"Clinicoradiologic","iauc",0.6939742379315894
"Temporal validation cohort","GBM",57,"Clinicoradiologic","iauc",0.7585598151293887
"Temporal validation cohort","GBM",58,"Clinicoradiologic","iauc",0.8080409500543114
"Temporal validation cohort","GBM",59,"Clinicoradiologic","iauc",0.7336598711447423
"Temporal validation cohort","GBM",60,"Clinicoradiologic","iauc",0.7701216844060875
"Temporal validation cohort","GBM",61,"Clinicoradiologic","iauc",0.6669543073234724
"Temporal validation cohort","GBM",62,"Clinicoradiologic","iauc",0.7356837721959322
"Temporal validation cohort","GBM",63,"Clinicoradiologic","iauc",0.7220735212050379
"Temporal validation cohort","GBM",64,"Clinicoradiologic","iauc",0.6706956451515252
"Temporal validation cohort","GBM",65,"Clinicoradiologic","iauc",0.6934226465403157
"Temporal validation cohort","GBM",66,"Clinicoradiologic","iauc",0.7572386800621689
"Temporal validation cohort","GBM",67,"Clinicoradiologic","iauc",0.7185389336530664
"Temporal validation cohort","GBM",68,"Clinicoradiologic","iauc",0.7324908376280864
"Temporal validation cohort","GBM",69,"Clinicoradiologic","iauc",0.7299662544994026
"Temporal validation cohort","GBM",70,"Clinicoradiologic","iauc",0.6942712235351701
"Temporal validation cohort","GBM",71,"Clinicoradiologic","iauc",0.775219132631755
"Temporal validation cohort","GBM",72,"Clinicoradiologic","iauc",0.710483516980472
"Temporal validation cohort","GBM",73,"Clinicoradiologic","iauc",0.7037847497363136
"Temporal validation cohort","GBM",74,"Clinicoradiologic","iauc",0.7248093958799728
"Temporal validation cohort","GBM",75,"Clinicoradiologic","iauc",0.6947614722596162
"Temporal validation cohort","GBM",76,"Clinicoradiologic","iauc",0.720568659232726
"Temporal validation cohort","GBM",77,"Clinicoradiologic","iauc",0.6987428457789762
"Temporal validation cohort","GBM",78,"Clinicoradiologic","iauc",0.7497491090148414
"Temporal validation cohort","GBM",79,"Clinicoradiologic","iauc",0.7091272518390536
"Temporal validation cohort","GBM",80,"Clinicoradiologic","iauc",0.6884491947167759
"Temporal validation cohort","GBM",81,"Clinicoradiologic","iauc",0.6743552084609962
"Temporal validation cohort","GBM",82,"Clinicoradiologic","iauc",0.7281717603703033
"Temporal validation cohort","GBM",83,"Clinicoradiologic","iauc",0.7959578094297053
"Temporal validation cohort","GBM",84,"Clinicoradiologic","iauc",0.747904084607978
"Temporal validation cohort","GBM",85,"Clinicoradiologic","iauc",0.7262752508202216
"Temporal validation cohort","GBM",86,"Clinicoradiologic","iauc",0.6699585724691471
"Temporal validation cohort","GBM",87,"Clinicoradiologic","iauc",0.7099333425603688
"Temporal validation cohort","GBM",88,"Clinicoradiologic","iauc",0.666930702448951
"Temporal validation cohort","GBM",89,"Clinicoradiologic","iauc",0.7080771512302758
"Temporal validation cohort","GBM",90,"Clinicoradiologic","iauc",0.7374403129046094
"Temporal validation cohort","GBM",91,"Clinicoradiologic","iauc",0.7107163619871968
"Temporal validation cohort","GBM",92,"Clinicoradiologic","iauc",0.7564331989126519
"Temporal validation cohort","GBM",93,"Clinicoradiologic","iauc",0.68051512555847
"Temporal validation cohort","GBM",94,"Clinicoradiologic","iauc",0.7374432965824069
"Temporal validation cohort","GBM",95,"Clinicoradiologic","iauc",0.6609513334342999
"Temporal validation cohort","GBM",96,"Clinicoradiologic","iauc",0.7583075809675621
"Temporal validation cohort","GBM",97,"Clinicoradiologic","iauc",0.7525151799975911
"Temporal validation cohort","GBM",98,"Clinicoradiologic","iauc",0.7705841228745908
"Temporal validation cohort","GBM",99,"Clinicoradiologic","iauc",0.6944090399978952
"Temporal validation cohort","GBM",100,"Clinicoradiologic","iauc",0.7975078186493952
"Temporal validation cohort","GBM",1,"3D-ViT","iauc",0.8524109387184318
"Temporal validation cohort","GBM",2,"3D-ViT","iauc",0.8402847670825139
"Temporal validation cohort","GBM",3,"3D-ViT","iauc",0.8378372070617236
"Temporal validation cohort","GBM",4,"3D-ViT","iauc",0.8074218860610312
"Temporal validation cohort","GBM",5,"3D-ViT","iauc",0.8188783046584885
"Temporal validation cohort","GBM",6,"3D-ViT","iauc",0.8516049535374667
"Temporal validation cohort","GBM",7,"3D-ViT","iauc",0.8423163770314228
"Temporal validation cohort","GBM",8,"3D-ViT","iauc",0.8464675172493146
"Temporal validation cohort","GBM",9,"3D-ViT","iauc",0.9034747737216161
"Temporal validation cohort","GBM",10,"3D-ViT","iauc",0.8688831300851992
"Temporal validation cohort","GBM",11,"3D-ViT","iauc",0.8023177034678597
"Temporal validation cohort","GBM",12,"3D-ViT","iauc",0.8136919918201648
"Temporal validation cohort","GBM",13,"3D-ViT","iauc",0.859726915518023
"Temporal validation cohort","GBM",14,"3D-ViT","iauc",0.8684547926929758
"Temporal validation cohort","GBM",15,"3D-ViT","iauc",0.8394930436360518
"Temporal validation cohort","GBM",16,"3D-ViT","iauc",0.7906006467308034
"Temporal validation cohort","GBM",17,"3D-ViT","iauc",0.8188205981357528
"Temporal validation cohort","GBM",18,"3D-ViT","iauc",0.8720570643930693
"Temporal validation cohort","GBM",19,"3D-ViT","iauc",0.8533944800667501
"Temporal validation cohort","GBM",20,"3D-ViT","iauc",0.8139987082475473
"Temporal validation cohort","GBM",21,"3D-ViT","iauc",0.8645885322328033
"Temporal validation cohort","GBM",22,"3D-ViT","iauc",0.8022568558218627
"Temporal validation cohort","GBM",23,"3D-ViT","iauc",
"Temporal validation cohort","GBM",24,"3D-ViT","iauc",0.8080995603714991
"Temporal validation cohort","GBM",25,"3D-ViT","iauc",0.8157226453075773
"Temporal validation cohort","GBM",26,"3D-ViT","iauc",0.8288430243072749
"Temporal validation cohort","GBM",27,"3D-ViT","iauc",0.7975396582131308
"Temporal validation cohort","GBM",28,"3D-ViT","iauc",0.8280984148531838
"Temporal validation cohort","GBM",29,"3D-ViT","iauc",0.8298660852997202
"Temporal validation cohort","GBM",30,"3D-ViT","iauc",0.8250764976098052
"Temporal validation cohort","GBM",31,"3D-ViT","iauc",0.7908207451043255
"Temporal validation cohort","GBM",32,"3D-ViT","iauc",0.8652036888487438
"Temporal validation cohort","GBM",33,"3D-ViT","iauc",0.8414837802270445
"Temporal validation cohort","GBM",34,"3D-ViT","iauc",0.8135527993100102
"Temporal validation cohort","GBM",35,"3D-ViT","iauc",0.8156289360354163
"Temporal validation cohort","GBM",36,"3D-ViT","iauc",0.8725976677159343
"Temporal validation cohort","GBM",37,"3D-ViT","iauc",0.8382251658044751
"Temporal validation cohort","GBM",38,"3D-ViT","iauc",0.8399234468163113
"Temporal validation cohort","GBM",39,"3D-ViT","iauc",0.8313928656269295
"Temporal validation cohort","GBM",40,"3D-ViT","iauc",0.8422901134382118
"Temporal validation cohort","GBM",41,"3D-ViT","iauc",0.8173607267455142
"Temporal validation cohort","GBM",42,"3D-ViT","iauc",0.8236883852862327
"Temporal validation cohort","GBM",43,"3D-ViT","iauc",0.8756395185259985
"Temporal validation cohort","GBM",44,"3D-ViT","iauc",0.8943789983548832
"Temporal validation cohort","GBM",45,"3D-ViT","iauc",0.8656447140513985
"Temporal validation cohort","GBM",46,"3D-ViT","iauc",0.8528350689953409
"Temporal validation cohort","GBM",47,"3D-ViT","iauc",0.8232482771797699
"Temporal validation cohort","GBM",48,"3D-ViT","iauc",0.8247531516114951
"Temporal validation cohort","GBM",49,"3D-ViT","iauc",0.8600538350457615
"Temporal validation cohort","GBM",50,"3D-ViT","iauc",0.8427518615964841
"Temporal validation cohort","GBM",51,"3D-ViT","iauc",0.8385466626936966
"Temporal validation cohort","GBM",52,"3D-ViT","iauc",0.8455130595478131
"Temporal validation cohort","GBM",53,"3D-ViT","iauc",0.859581404229004
"Temporal validation cohort","GBM",54,"3D-ViT","iauc",0.855686392697737
"Temporal validation cohort","GBM",55,"3D-ViT","iauc",0.8351016603357915
"Temporal validation cohort","GBM",56,"3D-ViT","iauc",0.8526656218253935
"Temporal validation cohort","GBM",57,"3D-ViT","iauc",0.8553184700903419
"Temporal validation cohort","GBM",58,"3D-ViT","iauc",0.8468056811262448
"Temporal validation cohort","GBM",59,"3D-ViT","iauc",0.7939752956289177
"Temporal validation cohort","GBM",60,"3D-ViT","iauc",0.8500871598144476
"Temporal validation cohort","GBM",61,"3D-ViT","iauc",0.8242644255962669
"Temporal validation cohort","GBM",62,"3D-ViT","iauc",0.8561266257620948
"Temporal validation cohort","GBM",63,"3D-ViT","iauc",0.7823360345458482
"Temporal validation cohort","GBM",64,"3D-ViT","iauc",0.8431776215909756
"Temporal validation cohort","GBM",65,"3D-ViT","iauc",0.8443842991163507
"Temporal validation cohort","GBM",66,"3D-ViT","iauc",0.8508882020010166
"Temporal validation cohort","GBM",67,"3D-ViT","iauc",0.8191583221385133
"Temporal validation cohort","GBM",68,"3D-ViT","iauc",0.8075264099247285
"Temporal validation cohort","GBM",69,"3D-ViT","iauc",0.8114359223808859
"Temporal validation cohort","GBM",70,"3D-ViT","iauc",0.815396593561133
"Temporal validation cohort","GBM",71,"3D-ViT","iauc",0.8261878591374021
"Temporal validation cohort","GBM",72,"3D-ViT","iauc",0.8426546565485953
"Temporal validation cohort","GBM",73,"3D-ViT","iauc",0.8608312744737524
"Temporal validation cohort","GBM",74,"3D-ViT","iauc",0.8396532600221188
"Temporal validation cohort","GBM",75,"3D-ViT","iauc",0.8791240401758394
"Temporal validation cohort","GBM",76,"3D-ViT","iauc",0.851284149482016
"Temporal validation cohort","GBM",77,"3D-ViT","iauc",0.8696278803958769
"Temporal validation cohort","GBM",78,"3D-ViT","iauc",0.8209048511020841
"Temporal validation cohort","GBM",79,"3D-ViT","iauc",0.83807898021551
"Temporal validation cohort","GBM",80,"3D-ViT","iauc",0.8818623222291863
"Temporal validation cohort","GBM",81,"3D-ViT","iauc",0.8513744339135499
"Temporal validation cohort","GBM",82,"3D-ViT","iauc",0.8328671597191935
"Temporal validation cohort","GBM",83,"3D-ViT","iauc",0.8444484603602266
"Temporal validation cohort","GBM",84,"3D-ViT","iauc",0.8151958009683837
"Temporal validation cohort","GBM",85,"3D-ViT","iauc",0.8111586743353392
"Temporal validation cohort","GBM",86,"3D-ViT","iauc",0.8112441977589104
"Temporal validation cohort","GBM",87,"3D-ViT","iauc",0.8507056441512179
"Temporal validation cohort","GBM",88,"3D-ViT","iauc",0.8429897686393303
"Temporal validation cohort","GBM",89,"3D-ViT","iauc",0.8623147649878258
"Temporal validation cohort","GBM",90,"3D-ViT","iauc",0.8011209753843791
"Temporal validation cohort","GBM",91,"3D-ViT","iauc",0.8214027676497726
"Temporal validation cohort","GBM",92,"3D-ViT","iauc",0.8677223264947538
"Temporal validation cohort","GBM",93,"3D-ViT","iauc",0.8319305705244092
"Temporal validation cohort","GBM",94,"3D-ViT","iauc",0.8179200138325948
"Temporal validation cohort","GBM",95,"3D-ViT","iauc",0.765812973077018
"Temporal validation cohort","GBM",96,"3D-ViT","iauc",0.8572370253106626
"Temporal validation cohort","GBM",97,"3D-ViT","iauc",0.8713442760088657
"Temporal validation cohort","GBM",98,"3D-ViT","iauc",0.8296721459524227
"Temporal validation cohort","GBM",99,"3D-ViT","iauc",0.8564754723928092
"Temporal validation cohort","GBM",100,"3D-ViT","iauc",0.8322727493852994
"Temporal validation cohort","GBM",1,"CR-ViT","iauc",0.8736202717047914
"Temporal validation cohort","GBM",2,"CR-ViT","iauc",0.8757843055514043
"Temporal validation cohort","GBM",3,"CR-ViT","iauc",0.8990484818325368
"Temporal validation cohort","GBM",4,"CR-ViT","iauc",0.8196185968904747
"Temporal validation cohort","GBM",5,"CR-ViT","iauc",0.8795011441860275
"Temporal validation cohort","GBM",6,"CR-ViT","iauc",0.8785310004637823
"Temporal validation cohort","GBM",7,"CR-ViT","iauc",0.8869031360004761
"Temporal validation cohort","GBM",8,"CR-ViT","iauc",0.8888965720068133
"Temporal validation cohort","GBM",9,"CR-ViT","iauc",0.9150345803644928
"Temporal validation cohort","GBM",10,"CR-ViT","iauc",0.9136013945860031
"Temporal validation cohort","GBM",11,"CR-ViT","iauc",0.8542184912373139
"Temporal validation cohort","GBM",12,"CR-ViT","iauc",0.8436617512323886
"Temporal validation cohort","GBM",13,"CR-ViT","iauc",0.8902976004942885
"Temporal validation cohort","GBM",14,"CR-ViT","iauc",0.8795998898422492
"Temporal validation cohort","GBM",15,"CR-ViT","iauc",0.8697167832481357
"Temporal validation cohort","GBM",16,"CR-ViT","iauc",0.878158938815728
"Temporal validation cohort","GBM",17,"CR-ViT","iauc",0.8857478291141537
"Temporal validation cohort","GBM",18,"CR-ViT","iauc",0.9143993630880467
"Temporal validation cohort","GBM",19,"CR-ViT","iauc",0.8996360717550478
"Temporal validation cohort","GBM",20,"CR-ViT","iauc",0.8298730091864015
"Temporal validation cohort","GBM",21,"CR-ViT","iauc",0.9188195179527276
"Temporal validation cohort","GBM",22,"CR-ViT","iauc",0.8376053574868936
"Temporal validation cohort","GBM",23,"CR-ViT","iauc",
"Temporal validation cohort","GBM",24,"CR-ViT","iauc",0.8379924344367525
"Temporal validation cohort","GBM",25,"CR-ViT","iauc",0.8780495351938025
"Temporal validation cohort","GBM",26,"CR-ViT","iauc",0.8454238155284762
"Temporal validation cohort","GBM",27,"CR-ViT","iauc",0.8797538649268375
"Temporal validation cohort","GBM",28,"CR-ViT","iauc",0.8765398943534881
"Temporal validation cohort","GBM",29,"CR-ViT","iauc",0.874858275427951
"Temporal validation cohort","GBM",30,"CR-ViT","iauc",0.8556774771374857
"Temporal validation cohort","GBM",31,"CR-ViT","iauc",0.8922968548454904
"Temporal validation cohort","GBM",32,"CR-ViT","iauc",0.8956086184854687
"Temporal validation cohort","GBM",33,"CR-ViT","iauc",0.8909403028953184
"Temporal validation cohort","GBM",34,"CR-ViT","iauc",0.8696297404744371
"Temporal validation cohort","GBM",35,"CR-ViT","iauc",0.8592067849262919
"Temporal validation cohort","GBM",36,"CR-ViT","iauc",0.9181768069965509
"Temporal validation cohort","GBM",37,"CR-ViT","iauc",0.8683278202319731
"Temporal validation cohort","GBM",38,"CR-ViT","iauc",0.8728930909623187
"Temporal validation cohort","GBM",39,"CR-ViT","iauc",0.893427517687636
"Temporal validation cohort","GBM",40,"CR-ViT","iauc",0.9114529119487126
"Temporal validation cohort","GBM",41,"CR-ViT","iauc",0.8920036275876051
"Temporal validation cohort","GBM",42,"CR-ViT","iauc",0.8591864946898572
"Temporal validation cohort","GBM",43,"CR-ViT","iauc",0.9175791933965424
"Temporal validation cohort","GBM",44,"CR-ViT","iauc",0.92256988818090635
"Temporal validation cohort","GBM",45,"CR-ViT","iauc",0.9009621108039021
"Temporal validation cohort","GBM",46,"CR-ViT","iauc",0.8940007952461644
"Temporal validation cohort","GBM",47,"CR-ViT","iauc",0.8920107208042831
"Temporal validation cohort","GBM",48,"CR-ViT","iauc",0.8886811187844329
"Temporal validation cohort","GBM",49,"CR-ViT","iauc",0.917458655741091
"Temporal validation cohort","GBM",50,"CR-ViT","iauc",0.9076548695624749
"Temporal validation cohort","GBM",51,"CR-ViT","iauc",0.8786049196983343
"Temporal validation cohort","GBM",52,"CR-ViT","iauc",0.8944256202089262
"Temporal validation cohort","GBM",53,"CR-ViT","iauc",0.8813558358689484
"Temporal validation cohort","GBM",54,"CR-ViT","iauc",0.8798017091922335
"Temporal validation cohort","GBM",55,"CR-ViT","iauc",0.8824527272314915
"Temporal validation cohort","GBM",56,"CR-ViT","iauc",0.8910705917762375
"Temporal validation cohort","GBM",57,"CR-ViT","iauc",0.906276720552899
"Temporal validation cohort","GBM",58,"CR-ViT","iauc",0.8995407315695648
"Temporal validation cohort","GBM",59,"CR-ViT","iauc",0.865703299547904
"Temporal validation cohort","GBM",60,"CR-ViT","iauc",0.8963950199549918
"Temporal validation cohort","GBM",61,"CR-ViT","iauc",0.8680484723329568
"Temporal validation cohort","GBM",62,"CR-ViT","iauc",0.8961895186539749
"Temporal validation cohort","GBM",63,"CR-ViT","iauc",0.8573982135731101
"Temporal validation cohort","GBM",64,"CR-ViT","iauc",0.8551780210602938
"Temporal validation cohort","GBM",65,"CR-ViT","iauc",0.8686058008799059
"Temporal validation cohort","GBM",66,"CR-ViT","iauc",0.8925087570437619
"Temporal validation cohort","GBM",67,"CR-ViT","iauc",0.8526120769473327
"Temporal validation cohort","GBM",68,"CR-ViT","iauc",0.8704888457642238
"Temporal validation cohort","GBM",69,"CR-ViT","iauc",0.8596083939104222
"Temporal validation cohort","GBM",70,"CR-ViT","iauc",0.8578534948097296
"Temporal validation cohort","GBM",71,"CR-ViT","iauc",0.8943351115658518
"Temporal validation cohort","GBM",72,"CR-ViT","iauc",0.8853030669503448
"Temporal validation cohort","GBM",73,"CR-ViT","iauc",0.9060035198195386
"Temporal validation cohort","GBM",74,"CR-ViT","iauc",0.8775688331670758
"Temporal validation cohort","GBM",75,"CR-ViT","iauc",0.8963880684953939
"Temporal validation cohort","GBM",76,"CR-ViT","iauc",0.8714090455277911
"Temporal validation cohort","GBM",77,"CR-ViT","iauc",0.8675993986500214
"Temporal validation cohort","GBM",78,"CR-ViT","iauc",0.87165656769026
"Temporal validation cohort","GBM",79,"CR-ViT","iauc",0.87786784601777
"Temporal validation cohort","GBM",80,"CR-ViT","iauc",0.8844404357187508
"Temporal validation cohort","GBM",81,"CR-ViT","iauc",0.8821035811180757
"Temporal validation cohort","GBM",82,"CR-ViT","iauc",0.87476671703821
"Temporal validation cohort","GBM",83,"CR-ViT","iauc",0.9089451322075075
"Temporal validation cohort","GBM",84,"CR-ViT","iauc",0.8712741881049528
"Temporal validation cohort","GBM",85,"CR-ViT","iauc",0.8524860491721538
"Temporal validation cohort","GBM",86,"CR-ViT","iauc",0.8591447081513816
"Temporal validation cohort","GBM",87,"CR-ViT","iauc",0.8769989888433669
"Temporal validation cohort","GBM",88,"CR-ViT","iauc",0.8852911829311673
"Temporal validation cohort","GBM",89,"CR-ViT","iauc",0.882585992186384
"Temporal validation cohort","GBM",90,"CR-ViT","iauc",0.8803619464917544
"Temporal validation cohort","GBM",91,"CR-ViT","iauc",0.8584691455723552
"Temporal validation cohort","GBM",92,"CR-ViT","iauc",0.9147049201007842
"Temporal validation cohort","GBM",93,"CR-ViT","iauc",0.8651616004623263
"Temporal validation cohort","GBM",94,"CR-ViT","iauc",0.8921980029229459
"Temporal validation cohort","GBM",95,"CR-ViT","iauc",0.7761125957470002
"Temporal validation cohort","GBM",96,"CR-ViT","iauc",0.9026114028228833
"Temporal validation cohort","GBM",97,"CR-ViT","iauc",0.906634330847737
"Temporal validation cohort","GBM",98,"CR-ViT","iauc",0.8643749660985721
"Temporal validation cohort","GBM",99,"CR-ViT","iauc",0.8700327835878868
"Temporal validation cohort","GBM",100,"CR-ViT","iauc",0.9008979047989386
"Temporal validation cohort","GBM",1,"3D-CNN","ibs",0.14316634070623557
"Temporal validation cohort","GBM",2,"3D-CNN","ibs",0.15088697590604216
"Temporal validation cohort","GBM",3,"3D-CNN","ibs",0.16076749901042955
"Temporal validation cohort","GBM",4,"3D-CNN","ibs",0.16284051231481997
"Temporal validation cohort","GBM",5,"3D-CNN","ibs",0.16827563014377991
"Temporal validation cohort","GBM",6,"3D-CNN","ibs",0.14318423317889745
"Temporal validation cohort","GBM",7,"3D-CNN","ibs",0.1528220880995671
"Temporal validation cohort","GBM",8,"3D-CNN","ibs",0.1485278036264483
"Temporal validation cohort","GBM",9,"3D-CNN","ibs",0.13070998194437208
"Temporal validation cohort","GBM",10,"3D-CNN","ibs",0.1585086242542804
"Temporal validation cohort","GBM",11,"3D-CNN","ibs",0.1351477286916625
"Temporal validation cohort","GBM",12,"3D-CNN","ibs",0.14627730001038572
"Temporal validation cohort","GBM",13,"3D-CNN","ibs",0.14946651422557308
"Temporal validation cohort","GBM",14,"3D-CNN","ibs",0.15573167053707831
"Temporal validation cohort","GBM",15,"3D-CNN","ibs",0.15630605711200446
"Temporal validation cohort","GBM",16,"3D-CNN","ibs",0.15586462359341366
"Temporal validation cohort","GBM",17,"3D-CNN","ibs",0.14068983813619235
"Temporal validation cohort","GBM",18,"3D-CNN","ibs",0.1382263399839411
"Temporal validation cohort","GBM",19,"3D-CNN","ibs",0.1550947481802835
"Temporal validation cohort","GBM",20,"3D-CNN","ibs",0.15905063189355334
"Temporal validation cohort","GBM",21,"3D-CNN","ibs",0.14528375446277822
"Temporal validation cohort","GBM",22,"3D-CNN","ibs",0.15032125393456452
"Temporal validation cohort","GBM",23,"3D-CNN","ibs",0.1433912495129609
"Temporal validation cohort","GBM",24,"3D-CNN","ibs",0.1580623378485724
"Temporal validation cohort","GBM",25,"3D-CNN","ibs",0.14915100269071546
"Temporal validation cohort","GBM",26,"3D-CNN","ibs",0.15579002603535044
"Temporal validation cohort","GBM",27,"3D-CNN","ibs",0.17056070915209814
"Temporal validation cohort","GBM",28,"3D-CNN","ibs",0.16447009708679244
"Temporal validation cohort","GBM",29,"3D-CNN","ibs",0.16600258988341407
"Temporal validation cohort","GBM",30,"3D-CNN","ibs",0.14627950101921575
"Temporal validation cohort","GBM",31,"3D-CNN","ibs",0.168497605836869
"Temporal validation cohort","GBM",32,"3D-CNN","ibs",0.16225802052503457
"Temporal validation cohort","GBM",33,"3D-CNN","ibs",0.14788740454450186
"Temporal validation cohort","GBM",34,"3D-CNN","ibs",0.16115182786544763
"Temporal validation cohort","GBM",35,"3D-CNN","ibs",0.15191197720605365
"Temporal validation cohort","GBM",36,"3D-CNN","ibs",0.14109369514526382
"Temporal validation cohort","GBM",37,"3D-CNN","ibs",0.14537174534713512
"Temporal validation cohort","GBM",38,"3D-CNN","ibs",0.14454634291563798
"Temporal validation cohort","GBM",39,"3D-CNN","ibs",0.16093817418634307
"Temporal validation cohort","GBM",40,"3D-CNN","ibs",0.16288099182719415
"Temporal validation cohort","GBM",41,"3D-CNN","ibs",0.16359888684304588
"Temporal validation cohort","GBM",42,"3D-CNN","ibs",0.15790959215753456
"Temporal validation cohort","GBM",43,"3D-CNN","ibs",0.14753496426521984
"Temporal validation cohort","GBM",44,"3D-CNN","ibs",0.13850610508963715
"Temporal validation cohort","GBM",45,"3D-CNN","ibs",0.15529208191475627
"Temporal validation cohort","GBM",46,"3D-CNN","ibs",0.1554402923617388
"Temporal validation cohort","GBM",47,"3D-CNN","ibs",0.16473033244312424
"Temporal validation cohort","GBM",48,"3D-CNN","ibs",0.14653294297396913
"Temporal validation cohort","GBM",49,"3D-CNN","ibs",0.15214588037209145
"Temporal validation cohort","GBM",50,"3D-CNN","ibs",0.15867083445659935
"Temporal validation cohort","GBM",51,"3D-CNN","ibs",0.16383700252634376
"Temporal validation cohort","GBM",52,"3D-CNN","ibs",0.15325974475959786
"Temporal validation cohort","GBM",53,"3D-CNN","ibs",0.1486263891298938
"Temporal validation cohort","GBM",54,"3D-CNN","ibs",0.1546411380296596
"Temporal validation cohort","GBM",55,"3D-CNN","ibs",0.15266233320192094
"Temporal validation cohort","GBM",56,"3D-CNN","ibs",0.15445790767566284
"Temporal validation cohort","GBM",57,"3D-CNN","ibs",0.1568593541812358
"Temporal validation cohort","GBM",58,"3D-CNN","ibs",0.16210334473819538
"Temporal validation cohort","GBM",59,"3D-CNN","ibs",0.17950361447979635
"Temporal validation cohort","GBM",60,"3D-CNN","ibs",0.17385633086107405
"Temporal validation cohort","GBM",61,"3D-CNN","ibs",0.1357196474380228
"Temporal validation cohort","GBM",62,"3D-CNN","ibs",0.1557250802801159
"Temporal validation cohort","GBM",63,"3D-CNN","ibs",0.1808391950203582
"Temporal validation cohort","GBM",64,"3D-CNN","ibs",0.15559731315214684
"Temporal validation cohort","GBM",65,"3D-CNN","ibs",0.15354582099336198
"Temporal validation cohort","GBM",66,"3D-CNN","ibs",0.15220447833101208
"Temporal validation cohort","GBM",67,"3D-CNN","ibs",0.16460238713322467
"Temporal validation cohort","GBM",68,"3D-CNN","ibs",0.1545487910333023
"Temporal validation cohort","GBM",69,"3D-CNN","ibs",0.15729226760636159
"Temporal validation cohort","GBM",70,"3D-CNN","ibs",0.16621178651176394
"Temporal validation cohort","GBM",71,"3D-CNN","ibs",0.15227237949600322
"Temporal validation cohort","GBM",72,"3D-CNN","ibs",0.1514188393860184
"Temporal validation cohort","GBM",73,"3D-CNN","ibs",0.15274139454170765
"Temporal validation cohort","GBM",74,"3D-CNN","ibs",0.17025643788645858
"Temporal validation cohort","GBM",75,"3D-CNN","ibs",0.1454596837650809
"Temporal validation cohort","GBM",76,"3D-CNN","ibs",0.15634176694437046
"Temporal validation cohort","GBM",77,"3D-CNN","ibs",0.14939165718468458
"Temporal validation cohort","GBM",78,"3D-CNN","ibs",0.16839781125561454
"Temporal validation cohort","GBM",79,"3D-CNN","ibs",0.15327103743586507
"Temporal validation cohort","GBM",80,"3D-CNN","ibs",0.13369197301576993
"Temporal validation cohort","GBM",81,"3D-CNN","ibs",0.14135243359166758
"Temporal validation cohort","GBM",82,"3D-CNN","ibs",0.15561169504833353
"Temporal validation cohort","GBM",83,"3D-CNN","ibs",0.15899327195402002
"Temporal validation cohort","GBM",84,"3D-CNN","ibs",0.1568529222607278
"Temporal validation cohort","GBM",85,"3D-CNN","ibs",0.15938887224758033
"Temporal validation cohort","GBM",86,"3D-CNN","ibs",0.17197980114487788
"Temporal validation cohort","GBM",87,"3D-CNN","ibs",0.1533684972229321
"Temporal validation cohort","GBM",88,"3D-CNN","ibs",0.14218818963096969
"Temporal validation cohort","GBM",89,"3D-CNN","ibs",0.1482264636770604
"Temporal validation cohort","GBM",90,"3D-CNN","ibs",0.15559049968208324
"Temporal validation cohort","GBM",91,"3D-CNN","ibs",0.15596463852908543
"Temporal validation cohort","GBM",92,"3D-CNN","ibs",0.15008423512376706
"Temporal validation cohort","GBM",93,"3D-CNN","ibs",0.16150639843877676
"Temporal validation cohort","GBM",94,"3D-CNN","ibs",0.16387937947996375
"Temporal validation cohort","GBM",95,"3D-CNN","ibs",0.1492712022896446
"Temporal validation cohort","GBM",96,"3D-CNN","ibs",0.14679391600160535
"Temporal validation cohort","GBM",97,"3D-CNN","ibs",0.14842811836816472
"Temporal validation cohort","GBM",98,"3D-CNN","ibs",0.13866217426999375
"Temporal validation cohort","GBM",99,"3D-CNN","ibs",0.1525836293845641
"Temporal validation cohort","GBM",100,"3D-CNN","ibs",0.15503766843823993
"Temporal validation cohort","GBM",1,"Clinicoradiologic","ibs",0.16961913966060221
"Temporal validation cohort","GBM",2,"Clinicoradiologic","ibs",0.16391021922952995
"Temporal validation cohort","GBM",3,"Clinicoradiologic","ibs",0.1790961748015267
"Temporal validation cohort","GBM",4,"Clinicoradiologic","ibs",0.19226360767368586
"Temporal validation cohort","GBM",5,"Clinicoradiologic","ibs",0.1629246111533738
"Temporal validation cohort","GBM",6,"Clinicoradiologic","ibs",0.1680050971817647
"Temporal validation cohort","GBM",7,"Clinicoradiologic","ibs",0.16237067957642434
"Temporal validation cohort","GBM",8,"Clinicoradiologic","ibs",0.14751555020845472
"Temporal validation cohort","GBM",9,"Clinicoradiologic","ibs",0.15550772669105775
"Temporal validation cohort","GBM",10,"Clinicoradiologic","ibs",0.16548232620729303
"Temporal validation cohort","GBM",11,"Clinicoradiologic","ibs",0.1403123961208989
"Temporal validation cohort","GBM",12,"Clinicoradiologic","ibs",0.14895087618326955
"Temporal validation cohort","GBM",13,"Clinicoradiologic","ibs",0.15820860752002172
"Temporal validation cohort","GBM",14,"Clinicoradiologic","ibs",0.188789772356231
"Temporal validation cohort","GBM",15,"Clinicoradiologic","ibs",0.1564705294986984
"Temporal validation cohort","GBM",16,"Clinicoradiologic","ibs",0.15010465713417295
"Temporal validation cohort","GBM",17,"Clinicoradiologic","ibs",0.13711312369574044
"Temporal validation cohort","GBM",18,"Clinicoradiologic","ibs",0.14552293227524385
"Temporal validation cohort","GBM",19,"Clinicoradiologic","ibs",0.15259434049560125
"Temporal validation cohort","GBM",20,"Clinicoradiologic","ibs",0.17109374886265888
"Temporal validation cohort","GBM",21,"Clinicoradiologic","ibs",0.16139677216818107
"Temporal validation cohort","GBM",22,"Clinicoradiologic","ibs",0.15471928748235542
"Temporal validation cohort","GBM",23,"Clinicoradiologic","ibs",0.13408384305945667
"Temporal validation cohort","GBM",24,"Clinicoradiologic","ibs",0.1698830969014584
"Temporal validation cohort","GBM",25,"Clinicoradiologic","ibs",0.150856480222234
"Temporal validation cohort","GBM",26,"Clinicoradiologic","ibs",0.15630709307044538
"Temporal validation cohort","GBM",27,"Clinicoradiologic","ibs",0.17184846243262966
"Temporal validation cohort","GBM",28,"Clinicoradiologic","ibs",0.15721371560904612
"Temporal validation cohort","GBM",29,"Clinicoradiologic","ibs",0.17527345176729883
"Temporal validation cohort","GBM",30,"Clinicoradiologic","ibs",0.15739519945341982
"Temporal validation cohort","GBM",31,"Clinicoradiologic","ibs",0.1554939458420523
"Temporal validation cohort","GBM",32,"Clinicoradiologic","ibs",0.18191804788131788
"Temporal validation cohort","GBM",33,"Clinicoradiologic","ibs",0.16447319633185
"Temporal validation cohort","GBM",34,"Clinicoradiologic","ibs",0.15419695937900896
"Temporal validation cohort","GBM",35,"Clinicoradiologic","ibs",0.16052969531862102
"Temporal validation cohort","GBM",36,"Clinicoradiologic","ibs",0.16437554272577984
"Temporal validation cohort","GBM",37,"Clinicoradiologic","ibs",0.1523307990356523
"Temporal validation cohort","GBM",38,"Clinicoradiologic","ibs",0.14954734249636345
"Temporal validation cohort","GBM",39,"Clinicoradiologic","ibs",0.15880638348541815
"Temporal validation cohort","GBM",40,"Clinicoradiologic","ibs",0.1704648957368633
"Temporal validation cohort","GBM",41,"Clinicoradiologic","ibs",0.16643270803503263
"Temporal validation cohort","GBM",42,"Clinicoradiologic","ibs",0.16612458765391586
"Temporal validation cohort","GBM",43,"Clinicoradiologic","ibs",0.16588912862942962
"Temporal validation cohort","GBM",44,"Clinicoradiologic","ibs",0.16070453531690926
"Temporal validation cohort","GBM",45,"Clinicoradiologic","ibs",0.1761289478329094
"Temporal validation cohort","GBM",46,"Clinicoradiologic","ibs",0.15442026187114993
"Temporal validation cohort","GBM",47,"Clinicoradiologic","ibs",0.16122560602608874
"Temporal validation cohort","GBM",48,"Clinicoradiologic","ibs",0.14498659303276573
"Temporal validation cohort","GBM",49,"Clinicoradiologic","ibs",0.15700816827212252
"Temporal validation cohort","GBM",50,"Clinicoradiologic","ibs",0.16441451750267885
"Temporal validation cohort","GBM",51,"Clinicoradiologic","ibs",0.17826482740613409
"Temporal validation cohort","GBM",52,"Clinicoradiologic","ibs",0.15269627916111253
"Temporal validation cohort","GBM",53,"Clinicoradiologic","ibs",0.15859930568687788
"Temporal validation cohort","GBM",54,"Clinicoradiologic","ibs",0.16557066083038038
"Temporal validation cohort","GBM",55,"Clinicoradiologic","ibs",0.16219659405103373
"Temporal validation cohort","GBM",56,"Clinicoradiologic","ibs",0.16822174340546045
"Temporal validation cohort","GBM",57,"Clinicoradiologic","ibs",0.15836572452246866
"Temporal validation cohort","GBM",58,"Clinicoradiologic","ibs",0.16205964680215384
"Temporal validation cohort","GBM",59,"Clinicoradiologic","ibs",0.1661221627323556
"Temporal validation cohort","GBM",60,"Clinicoradiologic","ibs",0.18426878515046025
"Temporal validation cohort","GBM",61,"Clinicoradiologic","ibs",0.14659797764812071
"Temporal validation cohort","GBM",62,"Clinicoradiologic","ibs",0.1616142863629339
"Temporal validation cohort","GBM",63,"Clinicoradiologic","ibs",0.16792265094264971
"Temporal validation cohort","GBM",64,"Clinicoradiologic","ibs",0.1609222240872023
"Temporal validation cohort","GBM",65,"Clinicoradiologic","ibs",0.1669372039234633
"Temporal validation cohort","GBM",66,"Clinicoradiologic","ibs",0.16337894350354834
"Temporal validation cohort","GBM",67,"Clinicoradiologic","ibs",0.179194118667318
"Temporal validation cohort","GBM",68,"Clinicoradiologic","ibs",0.15877717687439905
"Temporal validation cohort","GBM",69,"Clinicoradiologic","ibs",0.1618133657890721
"Temporal validation cohort","GBM",70,"Clinicoradiologic","ibs",0.18084178914225338
"Temporal validation cohort","GBM",71,"Clinicoradiologic","ibs",0.15146272829941568
"Temporal validation cohort","GBM",72,"Clinicoradiologic","ibs",0.1654753060775965
"Temporal validation cohort","GBM",73,"Clinicoradiologic","ibs",0.169474199782222
"Temporal validation cohort","GBM",74,"Clinicoradiologic","ibs",0.18672232375105258
"Temporal validation cohort","GBM",75,"Clinicoradiologic","ibs",0.17263937170958282
"Temporal validation cohort","GBM",76,"Clinicoradiologic","ibs",0.1825113598278313
"Temporal validation cohort","GBM",77,"Clinicoradiologic","ibs",0.16515157690941012
"Temporal validation cohort","GBM",78,"Clinicoradiologic","ibs",0.1732890292349049
"Temporal validation cohort","GBM",79,"Clinicoradiologic","ibs",0.1553372582886211
"Temporal validation cohort","GBM",80,"Clinicoradiologic","ibs",0.16252442831490418
"Temporal validation cohort","GBM",81,"Clinicoradiologic","ibs",0.16081184963572612
"Temporal validation cohort","GBM",82,"Clinicoradiologic","ibs",0.16818523190566317
"Temporal validation cohort","GBM",83,"Clinicoradiologic","ibs",0.15162301923274682
"Temporal validation cohort","GBM",84,"Clinicoradiologic","ibs",0.1550728148033166
"Temporal validation cohort","GBM",85,"Clinicoradiologic","ibs",0.15918477554432223
"Temporal validation cohort","GBM",86,"Clinicoradiologic","ibs",0.19018414891814786
"Temporal validation cohort","GBM",87,"Clinicoradiologic","ibs",0.17718625918369024
"Temporal validation cohort","GBM",88,"Clinicoradiologic","ibs",0.15574313372107565
"Temporal validation cohort","GBM",89,"Clinicoradiologic","ibs",0.17284427107816117
"Temporal validation cohort","GBM",90,"Clinicoradiologic","ibs",0.15241184446171577
"Temporal validation cohort","GBM",91,"Clinicoradiologic","ibs",0.15068962133876046
"Temporal validation cohort","GBM",92,"Clinicoradiologic","ibs",0.16947840036493533
"Temporal validation cohort","GBM",93,"Clinicoradiologic","ibs",0.1742800614955726
"Temporal validation cohort","GBM",94,"Clinicoradiologic","ibs",0.15766062949102896
"Temporal validation cohort","GBM",95,"Clinicoradiologic","ibs",0.14364637022177934
"Temporal validation cohort","GBM",96,"Clinicoradiologic","ibs",0.16107260130012435
"Temporal validation cohort","GBM",97,"Clinicoradiologic","ibs",0.15469036193376076
"Temporal validation cohort","GBM",98,"Clinicoradiologic","ibs",0.1503051043339634
"Temporal validation cohort","GBM",99,"Clinicoradiologic","ibs",0.17343245143518954
"Temporal validation cohort","GBM",100,"Clinicoradiologic","ibs",0.14492533672449365
"Temporal validation cohort","GBM",1,"3D-ViT","ibs",0.1265706405911396
"Temporal validation cohort","GBM",2,"3D-ViT","ibs",0.13178654363245118
"Temporal validation cohort","GBM",3,"3D-ViT","ibs",0.13948240403202272
"Temporal validation cohort","GBM",4,"3D-ViT","ibs",0.15054645262313712
"Temporal validation cohort","GBM",5,"3D-ViT","ibs",0.14091418613412235
"Temporal validation cohort","GBM",6,"3D-ViT","ibs",0.12804595927962303
"Temporal validation cohort","GBM",7,"3D-ViT","ibs",0.12903306293946448
"Temporal validation cohort","GBM",8,"3D-ViT","ibs",0.12536171484709913
"Temporal validation cohort","GBM",9,"3D-ViT","ibs",0.10897947885999446
"Temporal validation cohort","GBM",10,"3D-ViT","ibs",0.12526256304254577
"Temporal validation cohort","GBM",11,"3D-ViT","ibs",0.12454369158364002
"Temporal validation cohort","GBM",12,"3D-ViT","ibs",0.1282153236487947
"Temporal validation cohort","GBM",13,"3D-ViT","ibs",0.1212745018370973
"Temporal validation cohort","GBM",14,"3D-ViT","ibs",0.1346961464282268
"Temporal validation cohort","GBM",15,"3D-ViT","ibs",0.1321937837277712
"Temporal validation cohort","GBM",16,"3D-ViT","ibs",0.14611262372108813
"Temporal validation cohort","GBM",17,"3D-ViT","ibs",0.12955744443861056
"Temporal validation cohort","GBM",18,"3D-ViT","ibs",0.11793740889967703
"Temporal validation cohort","GBM",19,"3D-ViT","ibs",0.12279787615930585
"Temporal validation cohort","GBM",20,"3D-ViT","ibs",0.14181386435688076
"Temporal validation cohort","GBM",21,"3D-ViT","ibs",0.12568853853982667
"Temporal validation cohort","GBM",22,"3D-ViT","ibs",0.13634320338685627
"Temporal validation cohort","GBM",23,"3D-ViT","ibs",0.1327982843084302
"Temporal validation cohort","GBM",24,"3D-ViT","ibs",0.14316496481382862
"Temporal validation cohort","GBM",25,"3D-ViT","ibs",0.13166911157766112
"Temporal validation cohort","GBM",26,"3D-ViT","ibs",0.1322791629557374
"Temporal validation cohort","GBM",27,"3D-ViT","ibs",0.14957714724978982
"Temporal validation cohort","GBM",28,"3D-ViT","ibs",0.13218045602963038
"Temporal validation cohort","GBM",29,"3D-ViT","ibs",0.1376878355583705
"Temporal validation cohort","GBM",30,"3D-ViT","ibs",0.13096171173335555
"Temporal validation cohort","GBM",31,"3D-ViT","ibs",0.14658523249525837
"Temporal validation cohort","GBM",32,"3D-ViT","ibs",0.13433659572228449
"Temporal validation cohort","GBM",33,"3D-ViT","ibs",0.1294843568504644
"Temporal validation cohort","GBM",34,"3D-ViT","ibs",0.136987571028317
"Temporal validation cohort","GBM",35,"3D-ViT","ibs",0.1358000440626617
"Temporal validation cohort","GBM",36,"3D-ViT","ibs",0.12353169729403055
"Temporal validation cohort","GBM",37,"3D-ViT","ibs",0.12231012508568113
"Temporal validation cohort","GBM",38,"3D-ViT","ibs",0.1263601173784254
"Temporal validation cohort","GBM",39,"3D-ViT","ibs",0.1357301904016639
"Temporal validation cohort","GBM",40,"3D-ViT","ibs",0.13615342901341287
"Temporal validation cohort","GBM",41,"3D-ViT","ibs",0.14548914274259406
"Temporal validation cohort","GBM",42,"3D-ViT","ibs",0.1389255838258116
"Temporal validation cohort","GBM",43,"3D-ViT","ibs",0.12158347338930918
"Temporal validation cohort","GBM",44,"3D-ViT","ibs",0.11366593831965431
"Temporal validation cohort","GBM",45,"3D-ViT","ibs",0.12879990867189378
"Temporal validation cohort","GBM",46,"3D-ViT","ibs",0.12773940430313654
"Temporal validation cohort","GBM",47,"3D-ViT","ibs",0.13630946662456173
"Temporal validation cohort","GBM",48,"3D-ViT","ibs",0.12820006430390174
"Temporal validation cohort","GBM",49,"3D-ViT","ibs",0.12301755577028041
"Temporal validation cohort","GBM",50,"3D-ViT","ibs",0.1370555207681311
"Temporal validation cohort","GBM",51,"3D-ViT","ibs",0.1393178498802562
"Temporal validation cohort","GBM",52,"3D-ViT","ibs",0.1331133352793031
"Temporal validation cohort","GBM",53,"3D-ViT","ibs",0.12237693269266943
"Temporal validation cohort","GBM",54,"3D-ViT","ibs",0.1279910250236256
"Temporal validation cohort","GBM",55,"3D-ViT","ibs",0.13462793282513733
"Temporal validation cohort","GBM",56,"3D-ViT","ibs",0.12823499927185442
"Temporal validation cohort","GBM",57,"3D-ViT","ibs",0.12735547212764362
"Temporal validation cohort","GBM",58,"3D-ViT","ibs",0.13739810022307414
"Temporal validation cohort","GBM",59,"3D-ViT","ibs",0.1519688598450299
"Temporal validation cohort","GBM",60,"3D-ViT","ibs",0.1434558432758683
"Temporal validation cohort","GBM",61,"3D-ViT","ibs",0.12007355671001031
"Temporal validation cohort","GBM",62,"3D-ViT","ibs",0.12939780202304935
"Temporal validation cohort","GBM",63,"3D-ViT","ibs",0.15319650914540625
"Temporal validation cohort","GBM",64,"3D-ViT","ibs",0.12861942639296955
"Temporal validation cohort","GBM",65,"3D-ViT","ibs",0.13381946171989006
"Temporal validation cohort","GBM",66,"3D-ViT","ibs",0.13268002318307537
"Temporal validation cohort","GBM",67,"3D-ViT","ibs",0.14821717151447159
"Temporal validation cohort","GBM",68,"3D-ViT","ibs",0.13806187272568396
"Temporal validation cohort","GBM",69,"3D-ViT","ibs",0.13987275015156575
"Temporal validation cohort","GBM",70,"3D-ViT","ibs",0.14714950060913695
"Temporal validation cohort","GBM",71,"3D-ViT","ibs",0.13310991318862567
"Temporal validation cohort","GBM",72,"3D-ViT","ibs",0.1333391970807954
"Temporal validation cohort","GBM",73,"3D-ViT","ibs",0.12665670389124045
"Temporal validation cohort","GBM",74,"3D-ViT","ibs",0.1412052976429331
"Temporal validation cohort","GBM",75,"3D-ViT","ibs",0.1209564420314023
"Temporal validation cohort","GBM",76,"3D-ViT","ibs",0.13821680276944817
"Temporal validation cohort","GBM",77,"3D-ViT","ibs",0.12569758962052424
"Temporal validation cohort","GBM",78,"3D-ViT","ibs",0.14584488706528037
"Temporal validation cohort","GBM",79,"3D-ViT","ibs",0.12714779470008877
"Temporal validation cohort","GBM",80,"3D-ViT","ibs",0.11297801768855095
"Temporal validation cohort","GBM",81,"3D-ViT","ibs",0.12676876822817076
"Temporal validation cohort","GBM",82,"3D-ViT","ibs",0.13778597711745502
"Temporal validation cohort","GBM",83,"3D-ViT","ibs",0.130308117664187
"Temporal validation cohort","GBM",84,"3D-ViT","ibs",0.1348674481169758
"Temporal validation cohort","GBM",85,"3D-ViT","ibs",0.13891654855624103
"Temporal validation cohort","GBM",86,"3D-ViT","ibs",0.15269266322323136
"Temporal validation cohort","GBM",87,"3D-ViT","ibs",0.13206052274348914
"Temporal validation cohort","GBM",88,"3D-ViT","ibs",0.12068716397867145
"Temporal validation cohort","GBM",89,"3D-ViT","ibs",0.12913337425964205
"Temporal validation cohort","GBM",90,"3D-ViT","ibs",0.13987526755295032
"Temporal validation cohort","GBM",91,"3D-ViT","ibs",0.13171259205359986
"Temporal validation cohort","GBM",92,"3D-ViT","ibs",0.12811603578772437
"Temporal validation cohort","GBM",93,"3D-ViT","ibs",0.1392287680892854
"Temporal validation cohort","GBM",94,"3D-ViT","ibs",0.13771791465042627
"Temporal validation cohort","GBM",95,"3D-ViT","ibs",0.1378311313771619
"Temporal validation cohort","GBM",96,"3D-ViT","ibs",0.12449058215015216
"Temporal validation cohort","GBM",97,"3D-ViT","ibs",0.12119244483802702
"Temporal validation cohort","GBM",98,"3D-ViT","ibs",0.12649948132253608
"Temporal validation cohort","GBM",99,"3D-ViT","ibs",0.13049778482830116
"Temporal validation cohort","GBM",100,"3D-ViT","ibs",0.1283768656428482
"Temporal validation cohort","GBM",1,"CR-ViT","ibs",0.12343701367556029
"Temporal validation cohort","GBM",2,"CR-ViT","ibs",0.11922264777405808
"Temporal validation cohort","GBM",3,"CR-ViT","ibs",0.11563978402062118
"Temporal validation cohort","GBM",4,"CR-ViT","ibs",0.14569048914481922
"Temporal validation cohort","GBM",5,"CR-ViT","ibs",0.11674357109040329
"Temporal validation cohort","GBM",6,"CR-ViT","ibs",0.11757683141093972
"Temporal validation cohort","GBM",7,"CR-ViT","ibs",0.11189351863466482
"Temporal validation cohort","GBM",8,"CR-ViT","ibs",0.109914024114699
"Temporal validation cohort","GBM",9,"CR-ViT","ibs",0.10135041025778285
"Temporal validation cohort","GBM",10,"CR-ViT","ibs",0.10526566471686456
"Temporal validation cohort","GBM",11,"CR-ViT","ibs",0.11783131810233455
"Temporal validation cohort","GBM",12,"CR-ViT","ibs",0.11945937391828534
"Temporal validation cohort","GBM",13,"CR-ViT","ibs",0.11233701050742292
"Temporal validation cohort","GBM",14,"CR-ViT","ibs",0.12600047611225973
"Temporal validation cohort","GBM",15,"CR-ViT","ibs",0.11891061932270924
"Temporal validation cohort","GBM",16,"CR-ViT","ibs",0.11785661963753
"Temporal validation cohort","GBM",17,"CR-ViT","ibs",0.1074821702804348
"Temporal validation cohort","GBM",18,"CR-ViT","ibs",0.09778483309934902
"Temporal validation cohort","GBM",19,"CR-ViT","ibs",0.10909537816945267
"Temporal validation cohort","GBM",20,"CR-ViT","ibs",0.13509653457415027
"Temporal validation cohort","GBM",21,"CR-ViT","ibs",0.10321605402047425
"Temporal validation cohort","GBM",22,"CR-ViT","ibs",0.12746652923987722
"Temporal validation cohort","GBM",23,"CR-ViT","ibs",0.11282213538618434
"Temporal validation cohort","GBM",24,"CR-ViT","ibs",0.13525059517110702
"Temporal validation cohort","GBM",25,"CR-ViT","ibs",0.11140958460261126
"Temporal validation cohort","GBM",26,"CR-ViT","ibs",0.1256985237694574
"Temporal validation cohort","GBM",27,"CR-ViT","ibs",0.12232799942035734
"Temporal validation cohort","GBM",28,"CR-ViT","ibs",0.1152955399315785
"Temporal validation cohort","GBM",29,"CR-ViT","ibs",0.12414906392937919
"Temporal validation cohort","GBM",30,"CR-ViT","ibs",0.1203217035562239
"Temporal validation cohort","GBM",31,"CR-ViT","ibs",0.1170985797675532
"Temporal validation cohort","GBM",32,"CR-ViT","ibs",0.1177393472795775
"Temporal validation cohort","GBM",33,"CR-ViT","ibs",0.11563327183509897
"Temporal validation cohort","GBM",34,"CR-ViT","ibs",0.11839124374540241
"Temporal validation cohort","GBM",35,"CR-ViT","ibs",0.12526346372368805
"Temporal validation cohort","GBM",36,"CR-ViT","ibs",0.10239501397469694
"Temporal validation cohort","GBM",37,"CR-ViT","ibs",0.11425504925891418
"Temporal validation cohort","GBM",38,"CR-ViT","ibs",0.11156519520766613
"Temporal validation cohort","GBM",39,"CR-ViT","ibs",0.11029510322692747
"Temporal validation cohort","GBM",40,"CR-ViT","ibs",0.10981128622322474
"Temporal validation cohort","GBM",41,"CR-ViT","ibs",0.11670784571005098
"Temporal validation cohort","GBM",42,"CR-ViT","ibs",0.12653656140431688
"Temporal validation cohort","GBM",43,"CR-ViT","ibs",0.10226660162644136
"Temporal validation cohort","GBM",44,"CR-ViT","ibs",0.09937440397168439
"Temporal validation cohort","GBM",45,"CR-ViT","ibs",0.11109353079358465
"Temporal validation cohort","GBM",46,"CR-ViT","ibs",0.10920096661993986
"Temporal validation cohort","GBM",47,"CR-ViT","ibs",0.11476969422502402
"Temporal validation cohort","GBM",48,"CR-ViT","ibs",0.10726225814493855
"Temporal validation cohort","GBM",49,"CR-ViT","ibs",0.1023697170618048
"Temporal validation cohort","GBM",50,"CR-ViT","ibs",0.11354689999945335
"Temporal validation cohort","GBM",51,"CR-ViT","ibs",0.12121107222457146
"Temporal validation cohort","GBM",52,"CR-ViT","ibs",0.11136187542784269
"Temporal validation cohort","GBM",53,"CR-ViT","ibs",0.11176954293536041
"Temporal validation cohort","GBM",54,"CR-ViT","ibs",0.11493396875904892
"Temporal validation cohort","GBM",55,"CR-ViT","ibs",0.1163642245879856
"Temporal validation cohort","GBM",56,"CR-ViT","ibs",0.11225348659512914
"Temporal validation cohort","GBM",57,"CR-ViT","ibs",0.10292635358654786
"Temporal validation cohort","GBM",58,"CR-ViT","ibs",0.11295184515781223
"Temporal validation cohort","GBM",59,"CR-ViT","ibs",0.12611247905990688
"Temporal validation cohort","GBM",60,"CR-ViT","ibs",0.11955664330087884
"Temporal validation cohort","GBM",61,"CR-ViT","ibs",0.1091049132647067
"Temporal validation cohort","GBM",62,"CR-ViT","ibs",0.11061296962941895
"Temporal validation cohort","GBM",63,"CR-ViT","ibs",0.12979984396162755
"Temporal validation cohort","GBM",64,"CR-ViT","ibs",0.1248815861070268
"Temporal validation cohort","GBM",65,"CR-ViT","ibs",0.12334630011884888
"Temporal validation cohort","GBM",66,"CR-ViT","ibs",0.11365129656446432
"Temporal validation cohort","GBM",67,"CR-ViT","ibs",0.13418641675512125
"Temporal validation cohort","GBM",68,"CR-ViT","ibs",0.12194247091576431
"Temporal validation cohort","GBM",69,"CR-ViT","ibs",0.12768509900132805
"Temporal validation cohort","GBM",70,"CR-ViT","ibs",0.1303597526565748
"Temporal validation cohort","GBM",71,"CR-ViT","ibs",0.10989349344690393
"Temporal validation cohort","GBM",72,"CR-ViT","ibs",0.1174430517606851
"Temporal validation cohort","GBM",73,"CR-ViT","ibs",0.10942527479793114
"Temporal validation cohort","GBM",74,"CR-ViT","ibs",0.12578906742356402
"Temporal validation cohort","GBM",75,"CR-ViT","ibs",0.11134658062984569
"Temporal validation cohort","GBM",76,"CR-ViT","ibs",0.12611379506877357
"Temporal validation cohort","GBM",77,"CR-ViT","ibs",0.11770483117730851
"Temporal validation cohort","GBM",78,"CR-ViT","ibs",0.12852829694840945
"Temporal validation cohort","GBM",79,"CR-ViT","ibs",0.11385699349367319
"Temporal validation cohort","GBM",80,"CR-ViT","ibs",0.11332265255478871
"Temporal validation cohort","GBM",81,"CR-ViT","ibs",0.11624163438792126
"Temporal validation cohort","GBM",82,"CR-ViT","ibs",0.12254881238248458
"Temporal validation cohort","GBM",83,"CR-ViT","ibs",0.10601321667011178
"Temporal validation cohort","GBM",84,"CR-ViT","ibs",0.1191769051537889
"Temporal validation cohort","GBM",85,"CR-ViT","ibs",0.12885284098384206
"Temporal validation cohort","GBM",86,"CR-ViT","ibs",0.13332000788154633
"Temporal validation cohort","GBM",87,"CR-ViT","ibs",0.1177418674511237
"Temporal validation cohort","GBM",88,"CR-ViT","ibs",0.11059268219227131
"Temporal validation cohort","GBM",89,"CR-ViT","ibs",0.11710093089796834
"Temporal validation cohort","GBM",90,"CR-ViT","ibs",0.11949465457158157
"Temporal validation cohort","GBM",91,"CR-ViT","ibs",0.11897564627122839
"Temporal validation cohort","GBM",92,"CR-ViT","ibs",0.10180004812969293
"Temporal validation cohort","GBM",93,"CR-ViT","ibs",0.12560420194991426
"Temporal validation cohort","GBM",94,"CR-ViT","ibs",0.11522644987712623
"Temporal validation cohort","GBM",95,"CR-ViT","ibs",0.13450599957936601
"Temporal validation cohort","GBM",96,"CR-ViT","ibs",0.10644714863885148
"Temporal validation cohort","GBM",97,"CR-ViT","ibs",0.10362428868366287
"Temporal validation cohort","GBM",98,"CR-ViT","ibs",0.11462902732175081
"Temporal validation cohort","GBM",99,"CR-ViT","ibs",0.12194263877032868
"Temporal validation cohort","GBM",100,"CR-ViT","ibs",0.10555892891789188
"Spatial validation cohort","IDHmut-intact",1,"3D-CNN","cindex",0.602443507406206
"Spatial validation cohort","IDHmut-intact",2,"3D-CNN","cindex",0.648342670401494
"Spatial validation cohort","IDHmut-intact",3,"3D-CNN","cindex",0.6674021600278713
"Spatial validation cohort","IDHmut-intact",4,"3D-CNN","cindex",0.6353240152477764
"Spatial validation cohort","IDHmut-intact",5,"3D-CNN","cindex",0.614342743085258
"Spatial validation cohort","IDHmut-intact",6,"3D-CNN","cindex",0.5187940485512921
"Spatial validation cohort","IDHmut-intact",7,"3D-CNN","cindex",0.5991458206223307
"Spatial validation cohort","IDHmut-intact",8,"3D-CNN","cindex",0.6283077758176143
"Spatial validation cohort","IDHmut-intact",9,"3D-CNN","cindex",0.5785690950669715
"Spatial validation cohort","IDHmut-intact",10,"3D-CNN","cindex",0.5761306532663317
"Spatial validation cohort","IDHmut-intact",11,"3D-CNN","cindex",0.6014531043593131
"Spatial validation cohort","IDHmut-intact",12,"3D-CNN","cindex",0.6575688073394496
"Spatial validation cohort","IDHmut-intact",13,"3D-CNN","cindex",0.6116742787122647
"Spatial validation cohort","IDHmut-intact",14,"3D-CNN","cindex",0.6879334257975035
"Spatial validation cohort","IDHmut-intact",15,"3D-CNN","cindex",0.6292799597180262
"Spatial validation cohort","IDHmut-intact",16,"3D-CNN","cindex",0.5819866920152091
"Spatial validation cohort","IDHmut-intact",17,"3D-CNN","cindex",0.6268619351608462
"Spatial validation cohort","IDHmut-intact",18,"3D-CNN","cindex",0.6188840184812225
"Spatial validation cohort","IDHmut-intact",19,"3D-CNN","cindex",0.5992998090388288
"Spatial validation cohort","IDHmut-intact",20,"3D-CNN","cindex",0.612568639414277
"Spatial validation cohort","IDHmut-intact",21,"3D-CNN","cindex",0.6254512635379061
"Spatial validation cohort","IDHmut-intact",22,"3D-CNN","cindex",0.6157130657557643
"Spatial validation cohort","IDHmut-intact",23,"3D-CNN","cindex",0.5778167470407716
"Spatial validation cohort","IDHmut-intact",24,"3D-CNN","cindex",0.609071484071484
"Spatial validation cohort","IDHmut-intact",25,"3D-CNN","cindex",0.6908084419328797
"Spatial validation cohort","IDHmut-intact",26,"3D-CNN","cindex",0.6395795431574691
"Spatial validation cohort","IDHmut-intact",27,"3D-CNN","cindex",0.6569406506083934
"Spatial validation cohort","IDHmut-intact",28,"3D-CNN","cindex",0.6518117451062058
"Spatial validation cohort","IDHmut-intact",29,"3D-CNN","cindex",0.6331967213114754
"Spatial validation cohort","IDHmut-intact",30,"3D-CNN","cindex",0.6466721446179129
"Spatial validation cohort","IDHmut-intact",31,"3D-CNN","cindex",0.6008485977439719
"Spatial validation cohort","IDHmut-intact",32,"3D-CNN","cindex",0.5892482150356992
"Spatial validation cohort","IDHmut-intact",33,"3D-CNN","cindex",0.5659957744912709
"Spatial validation cohort","IDHmut-intact",34,"3D-CNN","cindex",0.6283660551442978
"Spatial validation cohort","IDHmut-intact",35,"3D-CNN","cindex",0.5777754214823454
"Spatial validation cohort","IDHmut-intact",36,"3D-CNN","cindex",0.6248690185120502
"Spatial validation cohort","IDHmut-intact",37,"3D-CNN","cindex",0.6395180722891567
"Spatial validation cohort","IDHmut-intact",38,"3D-CNN","cindex",0.6148833298297246
"Spatial validation cohort","IDHmut-intact",39,"3D-CNN","cindex",0.6661741164881172
"Spatial validation cohort","IDHmut-intact",40,"3D-CNN","cindex",0.6390658174097664
"Spatial validation cohort","IDHmut-intact",41,"3D-CNN","cindex",0.6147195504160813
"Spatial validation cohort","IDHmut-intact",42,"3D-CNN","cindex",0.6088531642703499
"Spatial validation cohort","IDHmut-intact",43,"3D-CNN","cindex",0.5695826334151699
"Spatial validation cohort","IDHmut-intact",44,"3D-CNN","cindex",0.6232795443758898
"Spatial validation cohort","IDHmut-intact",45,"3D-CNN","cindex",0.6289404553415061
"Spatial validation cohort","IDHmut-intact",46,"3D-CNN","cindex",0.5984067976633032
"Spatial validation cohort","IDHmut-intact",47,"3D-CNN","cindex",0.6205514393295275
"Spatial validation cohort","IDHmut-intact",48,"3D-CNN","cindex",0.6100478468899522
"Spatial validation cohort","IDHmut-intact",49,"3D-CNN","cindex",0.6164465786314526
"Spatial validation cohort","IDHmut-intact",50,"3D-CNN","cindex",0.634826907491027
"Spatial validation cohort","IDHmut-intact",51,"3D-CNN","cindex",0.6690731500159253
"Spatial validation cohort","IDHmut-intact",52,"3D-CNN","cindex",0.6268001800180019
"Spatial validation cohort","IDHmut-intact",53,"3D-CNN","cindex",0.612861873731439
"Spatial validation cohort","IDHmut-intact",54,"3D-CNN","cindex",0.6694195092758827
"Spatial validation cohort","IDHmut-intact",55,"3D-CNN","cindex",0.560105680317041
"Spatial validation cohort","IDHmut-intact",56,"3D-CNN","cindex",0.6196432994798118
"Spatial validation cohort","IDHmut-intact",57,"3D-CNN","cindex",0.561469100505828
"Spatial validation cohort","IDHmut-intact",58,"3D-CNN","cindex",0.6031970421922574
"Spatial validation cohort","IDHmut-intact",59,"3D-CNN","cindex",0.6259044004269956
"Spatial validation cohort","IDHmut-intact",60,"3D-CNN","cindex",0.6543851717902351
"Spatial validation cohort","IDHmut-intact",61,"3D-CNN","cindex",0.6505146293512201
"Spatial validation cohort","IDHmut-intact",62,"3D-CNN","cindex",0.5841596430342092
"Spatial validation cohort","IDHmut-intact",63,"3D-CNN","cindex",0.645687117953362
"Spatial validation cohort","IDHmut-intact",64,"3D-CNN","cindex",0.6452822105601371
"Spatial validation cohort","IDHmut-intact",65,"3D-CNN","cindex",0.5281615302869288
"Spatial validation cohort","IDHmut-intact",66,"3D-CNN","cindex",0.629300638058301
"Spatial validation cohort","IDHmut-intact",67,"3D-CNN","cindex",0.6062759676361251
"Spatial validation cohort","IDHmut-intact",68,"3D-CNN","cindex",0.6530811868275188
"Spatial validation cohort","IDHmut-intact",69,"3D-CNN","cindex",0.5772428340985234
"Spatial validation cohort","IDHmut-intact",70,"3D-CNN","cindex",0.6573620849318693
"Spatial validation cohort","IDHmut-intact",71,"3D-CNN","cindex",0.6075746228736493
"Spatial validation cohort","IDHmut-intact",72,"3D-CNN","cindex",0.6311791258394803
"Spatial validation cohort","IDHmut-intact",73,"3D-CNN","cindex",0.6112476951444377
"Spatial validation cohort","IDHmut-intact",74,"3D-CNN","cindex",0.5910387449488947
"Spatial validation cohort","IDHmut-intact",75,"3D-CNN","cindex",0.6152045688605936
"Spatial validation cohort","IDHmut-intact",76,"3D-CNN","cindex",0.6315064449473581
"Spatial validation cohort","IDHmut-intact",77,"3D-CNN","cindex",0.6306306306306306
"Spatial validation cohort","IDHmut-intact",78,"3D-CNN","cindex",0.5489644304367403
"Spatial validation cohort","IDHmut-intact",79,"3D-CNN","cindex",0.6664159458443024
"Spatial validation cohort","IDHmut-intact",80,"3D-CNN","cindex",0.6535444723989936
"Spatial validation cohort","IDHmut-intact",81,"3D-CNN","cindex",0.6470826034227193
"Spatial validation cohort","IDHmut-intact",82,"3D-CNN","cindex",0.6561542390194075
"Spatial validation cohort","IDHmut-intact",83,"3D-CNN","cindex",0.6040418282223006
"Spatial validation cohort","IDHmut-intact",84,"3D-CNN","cindex",0.6508555338964696
"Spatial validation cohort","IDHmut-intact",85,"3D-CNN","cindex",0.6062192440582138
"Spatial validation cohort","IDHmut-intact",86,"3D-CNN","cindex",0.6355
"Spatial validation cohort","IDHmut-intact",87,"3D-CNN","cindex",0.6566593886462881
"Spatial validation cohort","IDHmut-intact",88,"3D-CNN","cindex",0.6278481012658228
"Spatial validation cohort","IDHmut-intact",89,"3D-CNN","cindex",0.5907555930772478
"Spatial validation cohort","IDHmut-intact",90,"3D-CNN","cindex",0.5980586807853518
"Spatial validation cohort","IDHmut-intact",91,"3D-CNN","cindex",0.6514491852220425
"Spatial validation cohort","IDHmut-intact",92,"3D-CNN","cindex",0.590549233052944
"Spatial validation cohort","IDHmut-intact",93,"3D-CNN","cindex",0.5586137731223535
"Spatial validation cohort","IDHmut-intact",94,"3D-CNN","cindex",0.6307709932409211
"Spatial validation cohort","IDHmut-intact",95,"3D-CNN","cindex",0.5998233215547704
"Spatial validation cohort","IDHmut-intact",96,"3D-CNN","cindex",0.6263574992662166
"Spatial validation cohort","IDHmut-intact",97,"3D-CNN","cindex",0.6222044728434505
"Spatial validation cohort","IDHmut-intact",98,"3D-CNN","cindex",0.595386887853653
"Spatial validation cohort","IDHmut-intact",99,"3D-CNN","cindex",0.592996950919642
"Spatial validation cohort","IDHmut-intact",100,"3D-CNN","cindex",0.6307129798903108
"Spatial validation cohort","IDHmut-intact",1,"Clinicoradiologic","cindex",0.6627743539842145
"Spatial validation cohort","IDHmut-intact",2,"Clinicoradiologic","cindex",0.6271008403361344
"Spatial validation cohort","IDHmut-intact",3,"Clinicoradiologic","cindex",0.6369759609801416
"Spatial validation cohort","IDHmut-intact",4,"Clinicoradiologic","cindex",0.6635092988333141
"Spatial validation cohort","IDHmut-intact",5,"Clinicoradiologic","cindex",0.6786427145708582
"Spatial validation cohort","IDHmut-intact",6,"Clinicoradiologic","cindex",0.668363351605325
"Spatial validation cohort","IDHmut-intact",7,"Clinicoradiologic","cindex",0.6248932275777913
"Spatial validation cohort","IDHmut-intact",8,"Clinicoradiologic","cindex",0.634821549735378
"Spatial validation cohort","IDHmut-intact",9,"Clinicoradiologic","cindex",0.6174452793204834
"Spatial validation cohort","IDHmut-intact",10,"Clinicoradiologic","cindex",0.6614321608040201
"Spatial validation cohort","IDHmut-intact",11,"Clinicoradiologic","cindex",0.5866578599735799
"Spatial validation cohort","IDHmut-intact",12,"Clinicoradiologic","cindex",0.668348623853211
"Spatial validation cohort","IDHmut-intact",13,"Clinicoradiologic","cindex",0.6902083101258772
"Spatial validation cohort","IDHmut-intact",14,"Clinicoradiologic","cindex",0.7185726894464759
"Spatial validation cohort","IDHmut-intact",15,"Clinicoradiologic","cindex",0.6305387713997985
"Spatial validation cohort","IDHmut-intact",16,"Clinicoradiologic","cindex",0.6213165399239544
"Spatial validation cohort","IDHmut-intact",17,"Clinicoradiologic","cindex",0.6699211415696583
"Spatial validation cohort","IDHmut-intact",18,"Clinicoradiologic","cindex",0.6143821822058998
"Spatial validation cohort","IDHmut-intact",19,"Clinicoradiologic","cindex",0.6276257161043921
"Spatial validation cohort","IDHmut-intact",20,"Clinicoradiologic","cindex",0.636973764490543
"Spatial validation cohort","IDHmut-intact",21,"Clinicoradiologic","cindex",0.6227436823104693
"Spatial validation cohort","IDHmut-intact",22,"Clinicoradiologic","cindex",0.5988471391972673
"Spatial validation cohort","IDHmut-intact",23,"Clinicoradiologic","cindex",0.6395221394125383
"Spatial validation cohort","IDHmut-intact",24,"Clinicoradiologic","cindex",0.5559440559440559
"Spatial validation cohort","IDHmut-intact",25,"Clinicoradiologic","cindex",0.7201014877176797
"Spatial validation cohort","IDHmut-intact",26,"Clinicoradiologic","cindex",0.6654538103901354
"Spatial validation cohort","IDHmut-intact",27,"Clinicoradiologic","cindex",0.6442761360814502
"Spatial validation cohort","IDHmut-intact",28,"Clinicoradiologic","cindex",0.6301541024573094
"Spatial validation cohort","IDHmut-intact",29,"Clinicoradiologic","cindex",0.6858350409836066
"Spatial validation cohort","IDHmut-intact",30,"Clinicoradiologic","cindex",0.6615995617639003
"Spatial validation cohort","IDHmut-intact",31,"Clinicoradiologic","cindex",0.6241332919383215
"Spatial validation cohort","IDHmut-intact",32,"Clinicoradiologic","cindex",0.6108077838443231
"Spatial validation cohort","IDHmut-intact",33,"Clinicoradiologic","cindex",0.6361614589124875
"Spatial validation cohort","IDHmut-intact",34,"Clinicoradiologic","cindex",0.6794335371741229
"Spatial validation cohort","IDHmut-intact",35,"Clinicoradiologic","cindex",0.6181741066694942
"Spatial validation cohort","IDHmut-intact",36,"Clinicoradiologic","cindex",0.6304575619979043
"Spatial validation cohort","IDHmut-intact",37,"Clinicoradiologic","cindex",0.6137349397590361
"Spatial validation cohort","IDHmut-intact",38,"Clinicoradiologic","cindex",0.662392264031953
"Spatial validation cohort","IDHmut-intact",39,"Clinicoradiologic","cindex",0.6268932397487994
"Spatial validation cohort","IDHmut-intact",40,"Clinicoradiologic","cindex",0.6229549144498564
"Spatial validation cohort","IDHmut-intact",41,"Clinicoradiologic","cindex",0.6560034583378364
"Spatial validation cohort","IDHmut-intact",42,"Clinicoradiologic","cindex",0.6645533793728065
"Spatial validation cohort","IDHmut-intact",43,"Clinicoradiologic","cindex",0.568419692466727
"Spatial validation cohort","IDHmut-intact",44,"Clinicoradiologic","cindex",0.5929046037019459
"Spatial validation cohort","IDHmut-intact",45,"Clinicoradiologic","cindex",0.6347416812609457
"Spatial validation cohort","IDHmut-intact",46,"Clinicoradiologic","cindex",0.6550185873605948
"Spatial validation cohort","IDHmut-intact",47,"Clinicoradiologic","cindex",0.5881209765577553
"Spatial validation cohort","IDHmut-intact",48,"Clinicoradiologic","cindex",0.6507177033492824
"Spatial validation cohort","IDHmut-intact",49,"Clinicoradiologic","cindex",0.6129651860744298
"Spatial validation cohort","IDHmut-intact",50,"Clinicoradiologic","cindex",0.6841495889776543
"Spatial validation cohort","IDHmut-intact",51,"Clinicoradiologic","cindex",0.6600488374562056
"Spatial validation cohort","IDHmut-intact",52,"Clinicoradiologic","cindex",0.6412016201620162
"Spatial validation cohort","IDHmut-intact",53,"Clinicoradiologic","cindex",0.5873304134173699
"Spatial validation cohort","IDHmut-intact",54,"Clinicoradiologic","cindex",0.6793536804308797
"Spatial validation cohort","IDHmut-intact",55,"Clinicoradiologic","cindex",0.667947640206557
"Spatial validation cohort","IDHmut-intact",56,"Clinicoradiologic","cindex",0.5651473866732722
"Spatial validation cohort","IDHmut-intact",57,"Clinicoradiologic","cindex",0.610292500549813
"Spatial validation cohort","IDHmut-intact",58,"Clinicoradiologic","cindex",0.6227707698999565
"Spatial validation cohort","IDHmut-intact",59,"Clinicoradiologic","cindex",0.6608943185861701
"Spatial validation cohort","IDHmut-intact",60,"Clinicoradiologic","cindex",0.6244349005424955
"Spatial validation cohort","IDHmut-intact",61,"Clinicoradiologic","cindex",0.6752630970278709
"Spatial validation cohort","IDHmut-intact",62,"Clinicoradiologic","cindex",0.5713931581556768
"Spatial validation cohort","IDHmut-intact",63,"Clinicoradiologic","cindex",0.6354992076069731
"Spatial validation cohort","IDHmut-intact",64,"Clinicoradiologic","cindex",0.6456035129056442
"Spatial validation cohort","IDHmut-intact",65,"Clinicoradiologic","cindex",0.6473963868225292
"Spatial validation cohort","IDHmut-intact",66,"Clinicoradiologic","cindex",0.6794695358438634
"Spatial validation cohort","IDHmut-intact",67,"Clinicoradiologic","cindex",0.6024491581019025
"Spatial validation cohort","IDHmut-intact",68,"Clinicoradiologic","cindex",0.6944897293772416
"Spatial validation cohort","IDHmut-intact",69,"Clinicoradiologic","cindex",0.6279935475865492
"Spatial validation cohort","IDHmut-intact",70,"Clinicoradiologic","cindex",0.6918904617012832
"Spatial validation cohort","IDHmut-intact",71,"Clinicoradiologic","cindex",0.6330373381833744
"Spatial validation cohort","IDHmut-intact",72,"Clinicoradiologic","cindex",0.6369041065727182
"Spatial validation cohort","IDHmut-intact",73,"Clinicoradiologic","cindex",0.6630813357918459
"Spatial validation cohort","IDHmut-intact",74,"Clinicoradiologic","cindex",0.6276444021868315
"Spatial validation cohort","IDHmut-intact",75,"Clinicoradiologic","cindex",0.6873888212714165
"Spatial validation cohort","IDHmut-intact",76,"Clinicoradiologic","cindex",0.645281904949326
"Spatial validation cohort","IDHmut-intact",77,"Clinicoradiologic","cindex",0.6500061705541158
"Spatial validation cohort","IDHmut-intact",78,"Clinicoradiologic","cindex",0.6407023863124719
"Spatial validation cohort","IDHmut-intact",79,"Clinicoradiologic","cindex",0.5728970791024195
"Spatial validation cohort","IDHmut-intact",80,"Clinicoradiologic","cindex",0.7111143998816043
"Spatial validation cohort","IDHmut-intact",81,"Clinicoradiologic","cindex",0.647217356151462
"Spatial validation cohort","IDHmut-intact",82,"Clinicoradiologic","cindex",0.5683094994892748
"Spatial validation cohort","IDHmut-intact",83,"Clinicoradiologic","cindex",0.6129714487134297
"Spatial validation cohort","IDHmut-intact",84,"Clinicoradiologic","cindex",0.6653671215074723
"Spatial validation cohort","IDHmut-intact",85,"Clinicoradiologic","cindex",0.6398282902313894
"Spatial validation cohort","IDHmut-intact",86,"Clinicoradiologic","cindex",0.6368
"Spatial validation cohort","IDHmut-intact",87,"Clinicoradiologic","cindex",0.6389737991266375
"Spatial validation cohort","IDHmut-intact",88,"Clinicoradiologic","cindex",0.6394056136488717
"Spatial validation cohort","IDHmut-intact",89,"Clinicoradiologic","cindex",0.6212536935415787
"Spatial validation cohort","IDHmut-intact",90,"Clinicoradiologic","cindex",0.6467019633796602
"Spatial validation cohort","IDHmut-intact",91,"Clinicoradiologic","cindex",0.6628933947008334
"Spatial validation cohort","IDHmut-intact",92,"Clinicoradiologic","cindex",0.6214745175655616
"Spatial validation cohort","IDHmut-intact",93,"Clinicoradiologic","cindex",0.7206373969244484
"Spatial validation cohort","IDHmut-intact",94,"Clinicoradiologic","cindex",0.6888532477947074
"Spatial validation cohort","IDHmut-intact",95,"Clinicoradiologic","cindex",0.6631330977620731
"Spatial validation cohort","IDHmut-intact",96,"Clinicoradiologic","cindex",0.6771353096565894
"Spatial validation cohort","IDHmut-intact",97,"Clinicoradiologic","cindex",0.648334094020995
"Spatial validation cohort","IDHmut-intact",98,"Clinicoradiologic","cindex",0.6874218838768322
"Spatial validation cohort","IDHmut-intact",99,"Clinicoradiologic","cindex",0.6174879512147142
"Spatial validation cohort","IDHmut-intact",100,"Clinicoradiologic","cindex",0.5967778793418648
"Spatial validation cohort","IDHmut-intact",1,"3D-ViT","cindex",0.6421234728078711
"Spatial validation cohort","IDHmut-intact",2,"3D-ViT","cindex",0.680905695611578
"Spatial validation cohort","IDHmut-intact",3,"3D-ViT","cindex",0.6535826268726048
"Spatial validation cohort","IDHmut-intact",4,"3D-ViT","cindex",0.658831003811944
"Spatial validation cohort","IDHmut-intact",5,"3D-ViT","cindex",0.6537639007698888
"Spatial validation cohort","IDHmut-intact",6,"3D-ViT","cindex",0.5569042025580788
"Spatial validation cohort","IDHmut-intact",7,"3D-ViT","cindex",0.6410616229408176
"Spatial validation cohort","IDHmut-intact",8,"3D-ViT","cindex",0.6333288098792238
"Spatial validation cohort","IDHmut-intact",9,"3D-ViT","cindex",0.6202221496243058
"Spatial validation cohort","IDHmut-intact",10,"3D-ViT","cindex",0.5829773869346734
"Spatial validation cohort","IDHmut-intact",11,"3D-ViT","cindex",0.616446499339498
"Spatial validation cohort","IDHmut-intact",12,"3D-ViT","cindex",0.6944954128440367
"Spatial validation cohort","IDHmut-intact",13,"3D-ViT","cindex",0.5989751587389996
"Spatial validation cohort","IDHmut-intact",14,"3D-ViT","cindex",0.6836464506367419
"Spatial validation cohort","IDHmut-intact",15,"3D-ViT","cindex",0.6694360523665659
"Spatial validation cohort","IDHmut-intact",16,"3D-ViT","cindex",0.6043250950570342
"Spatial validation cohort","IDHmut-intact",17,"3D-ViT","cindex",0.6207285016898235
"Spatial validation cohort","IDHmut-intact",18,"3D-ViT","cindex",0.6146191209572326
"Spatial validation cohort","IDHmut-intact",19,"3D-ViT","cindex",0.6410990876299597
"Spatial validation cohort","IDHmut-intact",20,"3D-ViT","cindex",0.6562538133007931
"Spatial validation cohort","IDHmut-intact",21,"3D-ViT","cindex",0.6232594120680763
"Spatial validation cohort","IDHmut-intact",22,"3D-ViT","cindex",0.6302305721605466
"Spatial validation cohort","IDHmut-intact",23,"3D-ViT","cindex",0.621766768960982
"Spatial validation cohort","IDHmut-intact",24,"3D-ViT","cindex",0.641996891996892
"Spatial validation cohort","IDHmut-intact",25,"3D-ViT","cindex",0.7078191673394072
"Spatial validation cohort","IDHmut-intact",26,"3D-ViT","cindex",0.6599454214675561
"Spatial validation cohort","IDHmut-intact",27,"3D-ViT","cindex",0.6609138316364539
"Spatial validation cohort","IDHmut-intact",28,"3D-ViT","cindex",0.6853915035401916
"Spatial validation cohort","IDHmut-intact",29,"3D-ViT","cindex",0.6740522540983607
"Spatial validation cohort","IDHmut-intact",30,"3D-ViT","cindex",0.6337989591892632
"Spatial validation cohort","IDHmut-intact",31,"3D-ViT","cindex",0.6286349994825624
"Spatial validation cohort","IDHmut-intact",32,"3D-ViT","cindex",0.6362172756544869
"Spatial validation cohort","IDHmut-intact",33,"3D-ViT","cindex",0.6259312798843545
"Spatial validation cohort","IDHmut-intact",34,"3D-ViT","cindex",0.6522368844544577
"Spatial validation cohort","IDHmut-intact",35,"3D-ViT","cindex",0.6066164775739582
"Spatial validation cohort","IDHmut-intact",36,"3D-ViT","cindex",0.6580509954593085
"Spatial validation cohort","IDHmut-intact",37,"3D-ViT","cindex",0.6889156626506024
"Spatial validation cohort","IDHmut-intact",38,"3D-ViT","cindex",0.6254992642421694
"Spatial validation cohort","IDHmut-intact",39,"3D-ViT","cindex",0.6918482945450067
"Spatial validation cohort","IDHmut-intact",40,"3D-ViT","cindex",0.6588609966279506
"Spatial validation cohort","IDHmut-intact",41,"3D-ViT","cindex",0.6522209013292986
"Spatial validation cohort","IDHmut-intact",42,"3D-ViT","cindex",0.6257217253481263
"Spatial validation cohort","IDHmut-intact",43,"3D-ViT","cindex",0.5885773355730715
"Spatial validation cohort","IDHmut-intact",44,"3D-ViT","cindex",0.6121855719031799
"Spatial validation cohort","IDHmut-intact",45,"3D-ViT","cindex",0.6642950963222417
"Spatial validation cohort","IDHmut-intact",46,"3D-ViT","cindex",0.6438661710037175
"Spatial validation cohort","IDHmut-intact",47,"3D-ViT","cindex",0.612777845256893
"Spatial validation cohort","IDHmut-intact",48,"3D-ViT","cindex",0.6565846434267487
"Spatial validation cohort","IDHmut-intact",49,"3D-ViT","cindex",0.6541416566626651
"Spatial validation cohort","IDHmut-intact",50,"3D-ViT","cindex",0.654625448651152
"Spatial validation cohort","IDHmut-intact",51,"3D-ViT","cindex",0.6711965176770358
"Spatial validation cohort","IDHmut-intact",52,"3D-ViT","cindex",0.6766426642664266
"Spatial validation cohort","IDHmut-intact",53,"3D-ViT","cindex",0.6456041021258413
"Spatial validation cohort","IDHmut-intact",54,"3D-ViT","cindex",0.6703171753441053
"Spatial validation cohort","IDHmut-intact",55,"3D-ViT","cindex",0.5849045274408551
"Spatial validation cohort","IDHmut-intact",56,"3D-ViT","cindex",0.6320906613822145
"Spatial validation cohort","IDHmut-intact",57,"3D-ViT","cindex",0.5694963712337805
"Spatial validation cohort","IDHmut-intact",58,"3D-ViT","cindex",0.6230426272292301
"Spatial validation cohort","IDHmut-intact",59,"3D-ViT","cindex",0.6256671806428656
"Spatial validation cohort","IDHmut-intact",60,"3D-ViT","cindex",0.6917947558770343
"Spatial validation cohort","IDHmut-intact",61,"3D-ViT","cindex",0.6635827454608535
"Spatial validation cohort","IDHmut-intact",62,"3D-ViT","cindex",0.5997768963807635
"Spatial validation cohort","IDHmut-intact",63,"3D-ViT","cindex",0.6567240208286167
"Spatial validation cohort","IDHmut-intact",64,"3D-ViT","cindex",0.7022062761058155
"Spatial validation cohort","IDHmut-intact",65,"3D-ViT","cindex",0.5513283740701381
"Spatial validation cohort","IDHmut-intact",66,"3D-ViT","cindex",0.6314900537970725
"Spatial validation cohort","IDHmut-intact",67,"3D-ViT","cindex",0.6550404548436475
"Spatial validation cohort","IDHmut-intact",68,"3D-ViT","cindex",0.6733507227475275
"Spatial validation cohort","IDHmut-intact",69,"3D-ViT","cindex",0.6212929643876411
"Spatial validation cohort","IDHmut-intact",70,"3D-ViT","cindex",0.6529302817833047
"Spatial validation cohort","IDHmut-intact",71,"3D-ViT","cindex",0.5969294960950038
"Spatial validation cohort","IDHmut-intact",72,"3D-ViT","cindex",0.6568864912473852
"Spatial validation cohort","IDHmut-intact",73,"3D-ViT","cindex",0.6380352386805983
"Spatial validation cohort","IDHmut-intact",74,"3D-ViT","cindex",0.5822438792488709
"Spatial validation cohort","IDHmut-intact",75,"3D-ViT","cindex",0.6430109540305216
"Spatial validation cohort","IDHmut-intact",76,"3D-ViT","cindex",0.6717504673816787
"Spatial validation cohort","IDHmut-intact",77,"3D-ViT","cindex",0.6685178329013945
"Spatial validation cohort","IDHmut-intact",78,"3D-ViT","cindex",0.6383385862224223
"Spatial validation cohort","IDHmut-intact",79,"3D-ViT","cindex",0.6502444528018052
"Spatial validation cohort","IDHmut-intact",80,"3D-ViT","cindex",0.6943910019239308
"Spatial validation cohort","IDHmut-intact",81,"3D-ViT","cindex",0.6491038943538607
"Spatial validation cohort","IDHmut-intact",82,"3D-ViT","cindex",0.7026302349336058
"Spatial validation cohort","IDHmut-intact",83,"3D-ViT","cindex",0.6202561391140877
"Spatial validation cohort","IDHmut-intact",84,"3D-ViT","cindex",0.6806909248429717
"Spatial validation cohort","IDHmut-intact",85,"3D-ViT","cindex",0.6322898125850697
"Spatial validation cohort","IDHmut-intact",86,"3D-ViT","cindex",0.64545
"Spatial validation cohort","IDHmut-intact",87,"3D-ViT","cindex",0.6818231441048035
"Spatial validation cohort","IDHmut-intact",88,"3D-ViT","cindex",0.653494771601541
"Spatial validation cohort","IDHmut-intact",89,"3D-ViT","cindex",0.6004115660616294
"Spatial validation cohort","IDHmut-intact",90,"3D-ViT","cindex",0.6234281932495036
"Spatial validation cohort","IDHmut-intact",91,"3D-ViT","cindex",0.6576066674959572
"Spatial validation cohort","IDHmut-intact",92,"3D-ViT","cindex",0.6001979218208807
"Spatial validation cohort","IDHmut-intact",93,"3D-ViT","cindex",0.604022732337865
"Spatial validation cohort","IDHmut-intact",94,"3D-ViT","cindex",0.6586092335891854
"Spatial validation cohort","IDHmut-intact",95,"3D-ViT","cindex",0.6615871613663133
"Spatial validation cohort","IDHmut-intact",96,"3D-ViT","cindex",0.6493249192838274
"Spatial validation cohort","IDHmut-intact",97,"3D-ViT","cindex",0.6423436786855317
"Spatial validation cohort","IDHmut-intact",98,"3D-ViT","cindex",0.6147028746733325
"Spatial validation cohort","IDHmut-intact",99,"3D-ViT","cindex",0.6485197206648963
"Spatial validation cohort","IDHmut-intact",100,"3D-ViT","cindex",0.6459095063985375
"Spatial validation cohort","IDHmut-intact",1,"CR-ViT","cindex",0.6926154178830144
"Spatial validation cohort","IDHmut-intact",2,"CR-ViT","cindex",0.7145191409897292
"Spatial validation cohort","IDHmut-intact",3,"CR-ViT","cindex",0.6891185692718615
"Spatial validation cohort","IDHmut-intact",4,"CR-ViT","cindex",0.7194178121751185
"Spatial validation cohort","IDHmut-intact",5,"CR-ViT","cindex",0.7211291702309667
"Spatial validation cohort","IDHmut-intact",6,"CR-ViT","cindex",0.6425215348472983
"Spatial validation cohort","IDHmut-intact",7,"CR-ViT","cindex",0.6689444783404515
"Spatial validation cohort","IDHmut-intact",8,"CR-ViT","cindex",0.6996878816664405
"Spatial validation cohort","IDHmut-intact",9,"CR-ViT","cindex",0.6683001197865621
"Spatial validation cohort","IDHmut-intact",10,"CR-ViT","cindex",0.6516331658291458
"Spatial validation cohort","IDHmut-intact",11,"CR-ViT","cindex",0.6478203434610303
"Spatial validation cohort","IDHmut-intact",12,"CR-ViT","cindex",0.7225917431192661
"Spatial validation cohort","IDHmut-intact",13,"CR-ViT","cindex",0.701347889049794
"Spatial validation cohort","IDHmut-intact",14,"CR-ViT","cindex",0.7521119657041987
"Spatial validation cohort","IDHmut-intact",15,"CR-ViT","cindex",0.725453172205438
"Spatial validation cohort","IDHmut-intact",16,"CR-ViT","cindex",0.6634980988593155
"Spatial validation cohort","IDHmut-intact",17,"CR-ViT","cindex",0.7224934284641382
"Spatial validation cohort","IDHmut-intact",18,"CR-ViT","cindex",0.6505153417841488
"Spatial validation cohort","IDHmut-intact",19,"CR-ViT","cindex",0.6938255887969447
"Spatial validation cohort","IDHmut-intact",20,"CR-ViT","cindex",0.7088468578401464
"Spatial validation cohort","IDHmut-intact",21,"CR-ViT","cindex",0.6689014956162971
"Spatial validation cohort","IDHmut-intact",22,"CR-ViT","cindex",0.6601195559350982
"Spatial validation cohort","IDHmut-intact",23,"CR-ViT","cindex",0.6680184129767646
"Spatial validation cohort","IDHmut-intact",24,"CR-ViT","cindex",0.6566627816627817
"Spatial validation cohort","IDHmut-intact",25,"CR-ViT","cindex",0.7645023642025142
"Spatial validation cohort","IDHmut-intact",26,"CR-ViT","cindex",0.7243784111582777
"Spatial validation cohort","IDHmut-intact",27,"CR-ViT","cindex",0.7364042711696052
"Spatial validation cohort","IDHmut-intact",28,"CR-ViT","cindex",0.7290712203248646
"Spatial validation cohort","IDHmut-intact",29,"CR-ViT","cindex",0.7202868852459017
"Spatial validation cohort","IDHmut-intact",30,"CR-ViT","cindex",0.708709942481512
"Spatial validation cohort","IDHmut-intact",31,"CR-ViT","cindex",0.6722549932733106
"Spatial validation cohort","IDHmut-intact",32,"CR-ViT","cindex",0.6802463950720985
"Spatial validation cohort","IDHmut-intact",33,"CR-ViT","cindex",0.6939842099410652
"Spatial validation cohort","IDHmut-intact",34,"CR-ViT","cindex",0.7263169187855381
"Spatial validation cohort","IDHmut-intact",35,"CR-ViT","cindex",0.6656770225850918
"Spatial validation cohort","IDHmut-intact",36,"CR-ViT","cindex",0.7118407265106532
"Spatial validation cohort","IDHmut-intact",37,"CR-ViT","cindex",0.7285542168674699
"Spatial validation cohort","IDHmut-intact",38,"CR-ViT","cindex",0.6855160815640109
"Spatial validation cohort","IDHmut-intact",39,"CR-ViT","cindex",0.7215860115749292
"Spatial validation cohort","IDHmut-intact",40,"CR-ViT","cindex",0.7095041838391407
"Spatial validation cohort","IDHmut-intact",41,"CR-ViT","cindex",0.6828055765697612
"Spatial validation cohort","IDHmut-intact",42,"CR-ViT","cindex",0.6871957432355937
"Spatial validation cohort","IDHmut-intact",43,"CR-ViT","cindex",0.6464659516733429
"Spatial validation cohort","IDHmut-intact",44,"CR-ViT","cindex",0.667062173706692
"Spatial validation cohort","IDHmut-intact",45,"CR-ViT","cindex",0.6987740805604203
"Spatial validation cohort","IDHmut-intact",46,"CR-ViT","cindex",0.7133297928836962
"Spatial validation cohort","IDHmut-intact",47,"CR-ViT","cindex",0.6353698530304871
"Spatial validation cohort","IDHmut-intact",48,"CR-ViT","cindex",0.6909318751424014
"Spatial validation cohort","IDHmut-intact",49,"CR-ViT","cindex",0.6873949579831933
"Spatial validation cohort","IDHmut-intact",50,"CR-ViT","cindex",0.7217783952761375
"Spatial validation cohort","IDHmut-intact",51,"CR-ViT","cindex",0.7404183034292388
"Spatial validation cohort","IDHmut-intact",52,"CR-ViT","cindex",0.7051080108010801
"Spatial validation cohort","IDHmut-intact",53,"CR-ViT","cindex",0.6618950966777054
"Spatial validation cohort","IDHmut-intact",54,"CR-ViT","cindex",0.7293836026331538
"Spatial validation cohort","IDHmut-intact",55,"CR-ViT","cindex",0.6702293743244866
"Spatial validation cohort","IDHmut-intact",56,"CR-ViT","cindex",0.6408223928659896
"Spatial validation cohort","IDHmut-intact",57,"CR-ViT","cindex",0.6481196393226303
"Spatial validation cohort","IDHmut-intact",58,"CR-ViT","cindex",0.6647455415397999
"Spatial validation cohort","IDHmut-intact",59,"CR-ViT","cindex",0.6895979124658996
"Spatial validation cohort","IDHmut-intact",60,"CR-ViT","cindex",0.718128390596745
"Spatial validation cohort","IDHmut-intact",61,"CR-ViT","cindex",0.7148143864924251
"Spatial validation cohort","IDHmut-intact",62,"CR-ViT","cindex",0.6287803668815072
"Spatial validation cohort","IDHmut-intact",63,"CR-ViT","cindex",0.7191532714512112
"Spatial validation cohort","IDHmut-intact",64,"CR-ViT","cindex",0.7387811931027096
"Spatial validation cohort","IDHmut-intact",65,"CR-ViT","cindex",0.6177470775770457
"Spatial validation cohort","IDHmut-intact",66,"CR-ViT","cindex",0.7094958088327287
"Spatial validation cohort","IDHmut-intact",67,"CR-ViT","cindex",0.6848895692105839
"Spatial validation cohort","IDHmut-intact",68,"CR-ViT","cindex",0.7338332789914139
"Spatial validation cohort","IDHmut-intact",69,"CR-ViT","cindex",0.6623650576994664
"Spatial validation cohort","IDHmut-intact",70,"CR-ViT","cindex",0.6987696785289059
"Spatial validation cohort","IDHmut-intact",71,"CR-ViT","cindex",0.6456617096394566
"Spatial validation cohort","IDHmut-intact",72,"CR-ViT","cindex",0.7132004844214467
"Spatial validation cohort","IDHmut-intact",73,"CR-ViT","cindex",0.7072321245646384
"Spatial validation cohort","IDHmut-intact",74,"CR-ViT","cindex",0.647135726170668
"Spatial validation cohort","IDHmut-intact",75,"CR-ViT","cindex",0.7157569515962925
"Spatial validation cohort","IDHmut-intact",76,"CR-ViT","cindex",0.7041227983863032
"Spatial validation cohort","IDHmut-intact",77,"CR-ViT","cindex",0.7231889423670246
"Spatial validation cohort","IDHmut-intact",78,"CR-ViT","cindex",0.6853894642053129
"Spatial validation cohort","IDHmut-intact",79,"CR-ViT","cindex",0.6766954995612385
"Spatial validation cohort","IDHmut-intact",80,"CR-ViT","cindex",0.7706082581027083
"Spatial validation cohort","IDHmut-intact",81,"CR-ViT","cindex",0.7284732515833445
"Spatial validation cohort","IDHmut-intact",82,"CR-ViT","cindex",0.7097803881511746
"Spatial validation cohort","IDHmut-intact",83,"CR-ViT","cindex",0.678298672306427
"Spatial validation cohort","IDHmut-intact",84,"CR-ViT","cindex",0.7409573316006064
"Spatial validation cohort","IDHmut-intact",85,"CR-ViT","cindex",0.6864202701287823
"Spatial validation cohort","IDHmut-intact",86,"CR-ViT","cindex",0.6935
"Spatial validation cohort","IDHmut-intact",87,"CR-ViT","cindex",0.708296943231441
"Spatial validation cohort","IDHmut-intact",88,"CR-ViT","cindex",0.7030269675288938
"Spatial validation cohort","IDHmut-intact",89,"CR-ViT","cindex",0.6644153651329675
"Spatial validation cohort","IDHmut-intact",90,"CR-ViT","cindex",0.6971100816236488
"Spatial validation cohort","IDHmut-intact",91,"CR-ViT","cindex",0.726209727578057
"Spatial validation cohort","IDHmut-intact",92,"CR-ViT","cindex",0.6563582384957942
"Spatial validation cohort","IDHmut-intact",93,"CR-ViT","cindex",0.7158457766882104
"Spatial validation cohort","IDHmut-intact",94,"CR-ViT","cindex",0.7334173444839043
"Spatial validation cohort","IDHmut-intact",95,"CR-ViT","cindex",0.7043580683156655
"Spatial validation cohort","IDHmut-intact",96,"CR-ViT","cindex",0.7377458174346933
"Spatial validation cohort","IDHmut-intact",97,"CR-ViT","cindex",0.7016202647193063
"Spatial validation cohort","IDHmut-intact",98,"CR-ViT","cindex",0.696852630382911
"Spatial validation cohort","IDHmut-intact",99,"CR-ViT","cindex",0.6785679158060391
"Spatial validation cohort","IDHmut-intact",100,"CR-ViT","cindex",0.6688756855575868
"Spatial validation cohort","IDHmut-intact",1,"3D-CNN","iauc",0.6203542967833051
"Spatial validation cohort","IDHmut-intact",2,"3D-CNN","iauc",0.6622503861891234
"Spatial validation cohort","IDHmut-intact",3,"3D-CNN","iauc",0.7114867190758875
"Spatial validation cohort","IDHmut-intact",4,"3D-CNN","iauc",0.6650505763568988
"Spatial validation cohort","IDHmut-intact",5,"3D-CNN","iauc",0.6554281880309145
"Spatial validation cohort","IDHmut-intact",6,"3D-CNN","iauc",0.5598415820147722
"Spatial validation cohort","IDHmut-intact",7,"3D-CNN","iauc",0.6092966400736161
"Spatial validation cohort","IDHmut-intact",8,"3D-CNN","iauc",0.6399881346577226
"Spatial validation cohort","IDHmut-intact",9,"3D-CNN","iauc",0.6296526518152504
"Spatial validation cohort","IDHmut-intact",10,"3D-CNN","iauc",0.6025154005289051
"Spatial validation cohort","IDHmut-intact",11,"3D-CNN","iauc",0.6573213441881955
"Spatial validation cohort","IDHmut-intact",12,"3D-CNN","iauc",0.6967261541812817
"Spatial validation cohort","IDHmut-intact",13,"3D-CNN","iauc",0.6529640991409501
"Spatial validation cohort","IDHmut-intact",14,"3D-CNN","iauc",0.728418053901176
"Spatial validation cohort","IDHmut-intact",15,"3D-CNN","iauc",0.6459521209305922
"Spatial validation cohort","IDHmut-intact",16,"3D-CNN","iauc",0.6089025267114431
"Spatial validation cohort","IDHmut-intact",17,"3D-CNN","iauc",0.6534624635050423
"Spatial validation cohort","IDHmut-intact",18,"3D-CNN","iauc",0.6629624728828847
"Spatial validation cohort","IDHmut-intact",19,"3D-CNN","iauc",0.6335151799396507
"Spatial validation cohort","IDHmut-intact",20,"3D-CNN","iauc",0.6235592699377207
"Spatial validation cohort","IDHmut-intact",21,"3D-CNN","iauc",0.6498384940850761
"Spatial validation cohort","IDHmut-intact",22,"3D-CNN","iauc",0.6573484880488186
"Spatial validation cohort","IDHmut-intact",23,"3D-CNN","iauc",0.6318906938419823
"Spatial validation cohort","IDHmut-intact",24,"3D-CNN","iauc",0.6534303737643424
"Spatial validation cohort","IDHmut-intact",25,"3D-CNN","iauc",0.7178470760025825
"Spatial validation cohort","IDHmut-intact",26,"3D-CNN","iauc",0.6668419486408291
"Spatial validation cohort","IDHmut-intact",27,"3D-CNN","iauc",0.6974493320420055
"Spatial validation cohort","IDHmut-intact",28,"3D-CNN","iauc",0.6892328736092966
"Spatial validation cohort","IDHmut-intact",29,"3D-CNN","iauc",0.6643469832135486
"Spatial validation cohort","IDHmut-intact",30,"3D-CNN","iauc",0.6758535512827941
"Spatial validation cohort","IDHmut-intact",31,"3D-CNN","iauc",0.6293092477436565
"Spatial validation cohort","IDHmut-intact",32,"3D-CNN","iauc",0.6397251439536864
"Spatial validation cohort","IDHmut-intact",33,"3D-CNN","iauc",0.6027228756559105
"Spatial validation cohort","IDHmut-intact",34,"3D-CNN","iauc",0.6527552435690084
"Spatial validation cohort","IDHmut-intact",35,"3D-CNN","iauc",0.5840795363873004
"Spatial validation cohort","IDHmut-intact",36,"3D-CNN","iauc",0.6588918000488753
"Spatial validation cohort","IDHmut-intact",37,"3D-CNN","iauc",0.6772831595203785
"Spatial validation cohort","IDHmut-intact",38,"3D-CNN","iauc",0.6570615633028499
"Spatial validation cohort","IDHmut-intact",39,"3D-CNN","iauc",0.7178134939627677
"Spatial validation cohort","IDHmut-intact",40,"3D-CNN","iauc",0.6458033751114481
"Spatial validation cohort","IDHmut-intact",41,"3D-CNN","iauc",0.6261946281659618
"Spatial validation cohort","IDHmut-intact",42,"3D-CNN","iauc",0.6304039572752382
"Spatial validation cohort","IDHmut-intact",43,"3D-CNN","iauc",0.5852342579133947
"Spatial validation cohort","IDHmut-intact",44,"3D-CNN","iauc",0.6119610467551433
"Spatial validation cohort","IDHmut-intact",45,"3D-CNN","iauc",0.6125563768739624
"Spatial validation cohort","IDHmut-intact",46,"3D-CNN","iauc",0.6026722666609027
"Spatial validation cohort","IDHmut-intact",47,"3D-CNN","iauc",0.652963584424901
"Spatial validation cohort","IDHmut-intact",48,"3D-CNN","iauc",0.6405540532403932
"Spatial validation cohort","IDHmut-intact",49,"3D-CNN","iauc",0.6748731789878833
"Spatial validation cohort","IDHmut-intact",50,"3D-CNN","iauc",0.6654514747600028
"Spatial validation cohort","IDHmut-intact",51,"3D-CNN","iauc",0.6992728643759439
"Spatial validation cohort","IDHmut-intact",52,"3D-CNN","iauc",0.6288920350033548
"Spatial validation cohort","IDHmut-intact",53,"3D-CNN","iauc",0.616585730130218
"Spatial validation cohort","IDHmut-intact",54,"3D-CNN","iauc",0.6714177889862558
"Spatial validation cohort","IDHmut-intact",55,"3D-CNN","iauc",0.5750354699551147
"Spatial validation cohort","IDHmut-intact",56,"3D-CNN","iauc",0.6335189535073708
"Spatial validation cohort","IDHmut-intact",57,"3D-CNN","iauc",0.5230355499684787
"Spatial validation cohort","IDHmut-intact",58,"3D-CNN","iauc",0.6388695199651571
"Spatial validation cohort","IDHmut-intact",59,"3D-CNN","iauc",0.6603612611644796
"Spatial validation cohort","IDHmut-intact",60,"3D-CNN","iauc",0.6765018888934214
"Spatial validation cohort","IDHmut-intact",61,"3D-CNN","iauc",0.6809524741551187
"Spatial validation cohort","IDHmut-intact",62,"3D-CNN","iauc",0.6116452796692092
"Spatial validation cohort","IDHmut-intact",63,"3D-CNN","iauc",0.692153487592563
"Spatial validation cohort","IDHmut-intact",64,"3D-CNN","iauc",0.6955927635850044
"Spatial validation cohort","IDHmut-intact",65,"3D-CNN","iauc",0.5047823648559552
"Spatial validation cohort","IDHmut-intact",66,"3D-CNN","iauc",0.6626368715284361
"Spatial validation cohort","IDHmut-intact",67,"3D-CNN","iauc",0.6171592770903843
"Spatial validation cohort","IDHmut-intact",68,"3D-CNN","iauc",0.6806445420716764
"Spatial validation cohort","IDHmut-intact",69,"3D-CNN","iauc",0.5966882676064347
"Spatial validation cohort","IDHmut-intact",70,"3D-CNN","iauc",0.6673968043712861
"Spatial validation cohort","IDHmut-intact",71,"3D-CNN","iauc",0.6100986734905227
"Spatial validation cohort","IDHmut-intact",72,"3D-CNN","iauc",0.6661709060620532
"Spatial validation cohort","IDHmut-intact",73,"3D-CNN","iauc",0.6336201395950652
"Spatial validation cohort","IDHmut-intact",74,"3D-CNN","iauc",0.6227876945702524
"Spatial validation cohort","IDHmut-intact",75,"3D-CNN","iauc",0.6425178999203052
"Spatial validation cohort","IDHmut-intact",76,"3D-CNN","iauc",0.6346786528855861
"Spatial validation cohort","IDHmut-intact",77,"3D-CNN","iauc",0.6430614010546691
"Spatial validation cohort","IDHmut-intact",78,"3D-CNN","iauc",0.5262989185595238
"Spatial validation cohort","IDHmut-intact",79,"3D-CNN","iauc",0.6718382215071657
"Spatial validation cohort","IDHmut-intact",80,"3D-CNN","iauc",0.6674672556248782
"Spatial validation cohort","IDHmut-intact",81,"3D-CNN","iauc",0.6707937298752285
"Spatial validation cohort","IDHmut-intact",82,"3D-CNN","iauc",0.7040886654653519
"Spatial validation cohort","IDHmut-intact",83,"3D-CNN","iauc",0.6313866163941515
"Spatial validation cohort","IDHmut-intact",84,"3D-CNN","iauc",0.6658321318481146
"Spatial validation cohort","IDHmut-intact",85,"3D-CNN","iauc",0.6394596501233207
"Spatial validation cohort","IDHmut-intact",86,"3D-CNN","iauc",0.6710249728154616
"Spatial validation cohort","IDHmut-intact",87,"3D-CNN","iauc",0.7114225677419793
"Spatial validation cohort","IDHmut-intact",88,"3D-CNN","iauc",0.6324625036353164
"Spatial validation cohort","IDHmut-intact",89,"3D-CNN","iauc",0.5871123712620471
"Spatial validation cohort","IDHmut-intact",90,"3D-CNN","iauc",0.616867423816439
"Spatial validation cohort","IDHmut-intact",91,"3D-CNN","iauc",0.6741385859307844
"Spatial validation cohort","IDHmut-intact",92,"3D-CNN","iauc",0.6177154693474645
"Spatial validation cohort","IDHmut-intact",93,"3D-CNN","iauc",0.5606942723951346
"Spatial validation cohort","IDHmut-intact",94,"3D-CNN","iauc",0.6696116072103963
"Spatial validation cohort","IDHmut-intact",95,"3D-CNN","iauc",0.5949728320510456
"Spatial validation cohort","IDHmut-intact",96,"3D-CNN","iauc",0.6591402689694904
"Spatial validation cohort","IDHmut-intact",97,"3D-CNN","iauc",0.6445242974575875
"Spatial validation cohort","IDHmut-intact",98,"3D-CNN","iauc",0.6169765742335234
"Spatial validation cohort","IDHmut-intact",99,"3D-CNN","iauc",0.6335309400597289
"Spatial validation cohort","IDHmut-intact",100,"3D-CNN","iauc",0.6449712955479122
"Spatial validation cohort","IDHmut-intact",1,"Clinicoradiologic","iauc",0.6997679582879907
"Spatial validation cohort","IDHmut-intact",2,"Clinicoradiologic","iauc",0.6483288582507123
"Spatial validation cohort","IDHmut-intact",3,"Clinicoradiologic","iauc",0.669083377924238
"Spatial validation cohort","IDHmut-intact",4,"Clinicoradiologic","iauc",0.711727298511754
"Spatial validation cohort","IDHmut-intact",5,"Clinicoradiologic","iauc",0.7234924911973855
"Spatial validation cohort","IDHmut-intact",6,"Clinicoradiologic","iauc",0.7230512988933007
"Spatial validation cohort","IDHmut-intact",7,"Clinicoradiologic","iauc",0.6509929002267356
"Spatial validation cohort","IDHmut-intact",8,"Clinicoradiologic","iauc",0.666616272807403
"Spatial validation cohort","IDHmut-intact",9,"Clinicoradiologic","iauc",0.635216360635596
"Spatial validation cohort","IDHmut-intact",10,"Clinicoradiologic","iauc",0.7051512335020264
"Spatial validation cohort","IDHmut-intact",11,"Clinicoradiologic","iauc",0.5981031265980936
"Spatial validation cohort","IDHmut-intact",12,"Clinicoradiologic","iauc",0.7134198863555025
"Spatial validation cohort","IDHmut-intact",13,"Clinicoradiologic","iauc",0.7503320455300877
"Spatial validation cohort","IDHmut-intact",14,"Clinicoradiologic","iauc",0.7865549435301472
"Spatial validation cohort","IDHmut-intact",15,"Clinicoradiologic","iauc",0.654286614263399
"Spatial validation cohort","IDHmut-intact",16,"Clinicoradiologic","iauc",0.6465981322263276
"Spatial validation cohort","IDHmut-intact",17,"Clinicoradiologic","iauc",0.702670203016808
"Spatial validation cohort","IDHmut-intact",18,"Clinicoradiologic","iauc",0.6414503929718974
"Spatial validation cohort","IDHmut-intact",19,"Clinicoradiologic","iauc",0.6716754595535084
"Spatial validation cohort","IDHmut-intact",20,"Clinicoradiologic","iauc",0.6705999230407351
"Spatial validation cohort","IDHmut-intact",21,"Clinicoradiologic","iauc",0.6654213908253271
"Spatial validation cohort","IDHmut-intact",22,"Clinicoradiologic","iauc",0.6103842906837682
"Spatial validation cohort","IDHmut-intact",23,"Clinicoradiologic","iauc",0.6854579004570309
"Spatial validation cohort","IDHmut-intact",24,"Clinicoradiologic","iauc",0.5615920253331692
"Spatial validation cohort","IDHmut-intact",25,"Clinicoradiologic","iauc",0.7475326475693715
"Spatial validation cohort","IDHmut-intact",26,"Clinicoradiologic","iauc",0.7064258306148502
"Spatial validation cohort","IDHmut-intact",27,"Clinicoradiologic","iauc",0.6868531109507178
"Spatial validation cohort","IDHmut-intact",28,"Clinicoradiologic","iauc",0.6644958968037364
"Spatial validation cohort","IDHmut-intact",29,"Clinicoradiologic","iauc",0.7094925265394665
"Spatial validation cohort","IDHmut-intact",30,"Clinicoradiologic","iauc",0.7079610573957964
"Spatial validation cohort","IDHmut-intact",31,"Clinicoradiologic","iauc",0.64378135784418
"Spatial validation cohort","IDHmut-intact",32,"Clinicoradiologic","iauc",0.6286034741840851
"Spatial validation cohort","IDHmut-intact",33,"Clinicoradiologic","iauc",0.6586682459596853
"Spatial validation cohort","IDHmut-intact",34,"Clinicoradiologic","iauc",0.7211950992720709
"Spatial validation cohort","IDHmut-intact",35,"Clinicoradiologic","iauc",0.6728234139462942
"Spatial validation cohort","IDHmut-intact",36,"Clinicoradiologic","iauc",0.6650256496562846
"Spatial validation cohort","IDHmut-intact",37,"Clinicoradiologic","iauc",0.6631103130692342
"Spatial validation cohort","IDHmut-intact",38,"Clinicoradiologic","iauc",0.6917542141397928
"Spatial validation cohort","IDHmut-intact",39,"Clinicoradiologic","iauc",0.6464496707701904
"Spatial validation cohort","IDHmut-intact",40,"Clinicoradiologic","iauc",0.6619633218240577
"Spatial validation cohort","IDHmut-intact",41,"Clinicoradiologic","iauc",0.6862396508583217
"Spatial validation cohort","IDHmut-intact",42,"Clinicoradiologic","iauc",0.6874214465553595
"Spatial validation cohort","IDHmut-intact",43,"Clinicoradiologic","iauc",0.5789798767621406
"Spatial validation cohort","IDHmut-intact",44,"Clinicoradiologic","iauc",0.6541673947976058
"Spatial validation cohort","IDHmut-intact",45,"Clinicoradiologic","iauc",0.6773383910806163
"Spatial validation cohort","IDHmut-intact",46,"Clinicoradiologic","iauc",0.7161016404453133
"Spatial validation cohort","IDHmut-intact",47,"Clinicoradiologic","iauc",0.6138326670979832
"Spatial validation cohort","IDHmut-intact",48,"Clinicoradiologic","iauc",0.6993436991629399
"Spatial validation cohort","IDHmut-intact",49,"Clinicoradiologic","iauc",0.625883057681112
"Spatial validation cohort","IDHmut-intact",50,"Clinicoradiologic","iauc",0.7297589516445867
"Spatial validation cohort","IDHmut-intact",51,"Clinicoradiologic","iauc",0.712471565641621
"Spatial validation cohort","IDHmut-intact",52,"Clinicoradiologic","iauc",0.6675923935022257
"Spatial validation cohort","IDHmut-intact",53,"Clinicoradiologic","iauc",0.6091407849944385
"Spatial validation cohort","IDHmut-intact",54,"Clinicoradiologic","iauc",0.7097496355048158
"Spatial validation cohort","IDHmut-intact",55,"Clinicoradiologic","iauc",0.6956439617191085
"Spatial validation cohort","IDHmut-intact",56,"Clinicoradiologic","iauc",0.5676416744488176
"Spatial validation cohort","IDHmut-intact",57,"Clinicoradiologic","iauc",0.6483060044366394
"Spatial validation cohort","IDHmut-intact",58,"Clinicoradiologic","iauc",0.6135743374835576
"Spatial validation cohort","IDHmut-intact",59,"Clinicoradiologic","iauc",0.7136964727261662
"Spatial validation cohort","IDHmut-intact",60,"Clinicoradiologic","iauc",0.6313320909023413
"Spatial validation cohort","IDHmut-intact",61,"Clinicoradiologic","iauc",0.7181657711811975
"Spatial validation cohort","IDHmut-intact",62,"Clinicoradiologic","iauc",0.5733742049859055
"Spatial validation cohort","IDHmut-intact",63,"Clinicoradiologic","iauc",0.6640313478385519
"Spatial validation cohort","IDHmut-intact",64,"Clinicoradiologic","iauc",0.6709945172837285
"Spatial validation cohort","IDHmut-intact",65,"Clinicoradiologic","iauc",0.6774295535977349
"Spatial validation cohort","IDHmut-intact",66,"Clinicoradiologic","iauc",0.7294524342829762
"Spatial validation cohort","IDHmut-intact",67,"Clinicoradiologic","iauc",0.6242399715280302
"Spatial validation cohort","IDHmut-intact",68,"Clinicoradiologic","iauc",0.7244124291205586
"Spatial validation cohort","IDHmut-intact",69,"Clinicoradiologic","iauc",0.6599531865536492
"Spatial validation cohort","IDHmut-intact",70,"Clinicoradiologic","iauc",0.7568988157597836
"Spatial validation cohort","IDHmut-intact",71,"Clinicoradiologic","iauc",0.6670036419025429
"Spatial validation cohort","IDHmut-intact",72,"Clinicoradiologic","iauc",0.6752675463101033
"Spatial validation cohort","IDHmut-intact",73,"Clinicoradiologic","iauc",0.7003585615760025
"Spatial validation cohort","IDHmut-intact",74,"Clinicoradiologic","iauc",0.6967867927653782
"Spatial validation cohort","IDHmut-intact",75,"Clinicoradiologic","iauc",0.7362011765606556
"Spatial validation cohort","IDHmut-intact",76,"Clinicoradiologic","iauc",0.6928823807548199
"Spatial validation cohort","IDHmut-intact",77,"Clinicoradiologic","iauc",0.7187289669536845
"Spatial validation cohort","IDHmut-intact",78,"Clinicoradiologic","iauc",0.6576350388449025
"Spatial validation cohort","IDHmut-intact",79,"Clinicoradiologic","iauc",0.5867596075348123
"Spatial validation cohort","IDHmut-intact",80,"Clinicoradiologic","iauc",0.7559176792342882
"Spatial validation cohort","IDHmut-intact",81,"Clinicoradiologic","iauc",0.6506424889678224
"Spatial validation cohort","IDHmut-intact",82,"Clinicoradiologic","iauc",0.5818748293756328
"Spatial validation cohort","IDHmut-intact",83,"Clinicoradiologic","iauc",0.6446468395124741
"Spatial validation cohort","IDHmut-intact",84,"Clinicoradiologic","iauc",0.7111151298449897
"Spatial validation cohort","IDHmut-intact",85,"Clinicoradiologic","iauc",0.6846437010298939
"Spatial validation cohort","IDHmut-intact",86,"Clinicoradiologic","iauc",0.686638028785057
"Spatial validation cohort","IDHmut-intact",87,"Clinicoradiologic","iauc",0.6585666925580393
"Spatial validation cohort","IDHmut-intact",88,"Clinicoradiologic","iauc",0.6710190558155621
"Spatial validation cohort","IDHmut-intact",89,"Clinicoradiologic","iauc",0.6657955639374279
"Spatial validation cohort","IDHmut-intact",90,"Clinicoradiologic","iauc",0.668528767944793
"Spatial validation cohort","IDHmut-intact",91,"Clinicoradiologic","iauc",0.6859521564241631
"Spatial validation cohort","IDHmut-intact",92,"Clinicoradiologic","iauc",0.6387928323766924
"Spatial validation cohort","IDHmut-intact",93,"Clinicoradiologic","iauc",0.766515641564102
"Spatial validation cohort","IDHmut-intact",94,"Clinicoradiologic","iauc",0.7042805137046335
"Spatial validation cohort","IDHmut-intact",95,"Clinicoradiologic","iauc",0.6481949686692711
"Spatial validation cohort","IDHmut-intact",96,"Clinicoradiologic","iauc",0.7148772839211188
"Spatial validation cohort","IDHmut-intact",97,"Clinicoradiologic","iauc",0.6750446560060309
"Spatial validation cohort","IDHmut-intact",98,"Clinicoradiologic","iauc",0.7437368346765184
"Spatial validation cohort","IDHmut-intact",99,"Clinicoradiologic","iauc",0.6555148562180443
"Spatial validation cohort","IDHmut-intact",100,"Clinicoradiologic","iauc",0.6222903536624901
"Spatial validation cohort","IDHmut-intact",1,"3D-ViT","iauc",0.6920878598684974
"Spatial validation cohort","IDHmut-intact",2,"3D-ViT","iauc",0.7305879635990249
"Spatial validation cohort","IDHmut-intact",3,"3D-ViT","iauc",0.7212554710495308
"Spatial validation cohort","IDHmut-intact",4,"3D-ViT","iauc",0.7143889205311069
"Spatial validation cohort","IDHmut-intact",5,"3D-ViT","iauc",0.7418617518005741
"Spatial validation cohort","IDHmut-intact",6,"3D-ViT","iauc",0.6420039229897865
"Spatial validation cohort","IDHmut-intact",7,"3D-ViT","iauc",0.6729050451535277
"Spatial validation cohort","IDHmut-intact",8,"3D-ViT","iauc",0.6923479214937821
"Spatial validation cohort","IDHmut-intact",9,"3D-ViT","iauc",0.6897985904522952
"Spatial validation cohort","IDHmut-intact",10,"3D-ViT","iauc",0.6500737786494624
"Spatial validation cohort","IDHmut-intact",11,"3D-ViT","iauc",0.6855604440481481
"Spatial validation cohort","IDHmut-intact",12,"3D-ViT","iauc",0.7661580436440408
"Spatial validation cohort","IDHmut-intact",13,"3D-ViT","iauc",0.6575202927312687
"Spatial validation cohort","IDHmut-intact",14,"3D-ViT","iauc",0.7509739662342033
"Spatial validation cohort","IDHmut-intact",15,"3D-ViT","iauc",0.7045818592524196
"Spatial validation cohort","IDHmut-intact",16,"3D-ViT","iauc",0.6359979694889607
"Spatial validation cohort","IDHmut-intact",17,"3D-ViT","iauc",0.6679863016311958
"Spatial validation cohort","IDHmut-intact",18,"3D-ViT","iauc",0.6795375314554694
"Spatial validation cohort","IDHmut-intact",19,"3D-ViT","iauc",0.7176074686487298
"Spatial validation cohort","IDHmut-intact",20,"3D-ViT","iauc",0.6995178930201202
"Spatial validation cohort","IDHmut-intact",21,"3D-ViT","iauc",0.6606407874077866
"Spatial validation cohort","IDHmut-intact",22,"3D-ViT","iauc",0.702537942274303
"Spatial validation cohort","IDHmut-intact",23,"3D-ViT","iauc",0.6966010151214238
"Spatial validation cohort","IDHmut-intact",24,"3D-ViT","iauc",0.7106578892844984
"Spatial validation cohort","IDHmut-intact",25,"3D-ViT","iauc",0.7691064447419629
"Spatial validation cohort","IDHmut-intact",26,"3D-ViT","iauc",0.7126324774747138
"Spatial validation cohort","IDHmut-intact",27,"3D-ViT","iauc",0.7260430555561824
"Spatial validation cohort","IDHmut-intact",28,"3D-ViT","iauc",0.7522591616928532
"Spatial validation cohort","IDHmut-intact",29,"3D-ViT","iauc",0.7388312674365849
"Spatial validation cohort","IDHmut-intact",30,"3D-ViT","iauc",0.6964301388303208
"Spatial validation cohort","IDHmut-intact",31,"3D-ViT","iauc",0.6836139073142083
"Spatial validation cohort","IDHmut-intact",32,"3D-ViT","iauc",0.7248844725274087
"Spatial validation cohort","IDHmut-intact",33,"3D-ViT","iauc",0.6961219806869839
"Spatial validation cohort","IDHmut-intact",34,"3D-ViT","iauc",0.7066755874914041
"Spatial validation cohort","IDHmut-intact",35,"3D-ViT","iauc",0.643772015136509
"Spatial validation cohort","IDHmut-intact",36,"3D-ViT","iauc",0.7068174462840506
"Spatial validation cohort","IDHmut-intact",37,"3D-ViT","iauc",0.7417225821871084
"Spatial validation cohort","IDHmut-intact",38,"3D-ViT","iauc",0.694773924312854
"Spatial validation cohort","IDHmut-intact",39,"3D-ViT","iauc",0.7820187118616315
"Spatial validation cohort","IDHmut-intact",40,"3D-ViT","iauc",0.6988833792439393
"Spatial validation cohort","IDHmut-intact",41,"3D-ViT","iauc",0.6965320133016584
"Spatial validation cohort","IDHmut-intact",42,"3D-ViT","iauc",0.6712557000572988
"Spatial validation cohort","IDHmut-intact",43,"3D-ViT","iauc",0.6173366522995608
"Spatial validation cohort","IDHmut-intact",44,"3D-ViT","iauc",0.6269571877824267
"Spatial validation cohort","IDHmut-intact",45,"3D-ViT","iauc",0.7025978764395631
"Spatial validation cohort","IDHmut-intact",46,"3D-ViT","iauc",0.6835023911389638
"Spatial validation cohort","IDHmut-intact",47,"3D-ViT","iauc",0.6814149623254552
"Spatial validation cohort","IDHmut-intact",48,"3D-ViT","iauc",0.7198460870853585
"Spatial validation cohort","IDHmut-intact",49,"3D-ViT","iauc",0.7353499111744924
"Spatial validation cohort","IDHmut-intact",50,"3D-ViT","iauc",0.724074849193654
"Spatial validation cohort","IDHmut-intact",51,"3D-ViT","iauc",0.7276306056919947
"Spatial validation cohort","IDHmut-intact",52,"3D-ViT","iauc",0.7117644546734205
"Spatial validation cohort","IDHmut-intact",53,"3D-ViT","iauc",0.6651878961934571
"Spatial validation cohort","IDHmut-intact",54,"3D-ViT","iauc",0.6914707244191637
"Spatial validation cohort","IDHmut-intact",55,"3D-ViT","iauc",0.6329396102498969
"Spatial validation cohort","IDHmut-intact",56,"3D-ViT","iauc",0.6807800536990669
"Spatial validation cohort","IDHmut-intact",57,"3D-ViT","iauc",0.5710436025244252
"Spatial validation cohort","IDHmut-intact",58,"3D-ViT","iauc",0.6777070107720083
"Spatial validation cohort","IDHmut-intact",59,"3D-ViT","iauc",0.6959160618915777
"Spatial validation cohort","IDHmut-intact",60,"3D-ViT","iauc",0.7311619174284091
"Spatial validation cohort","IDHmut-intact",61,"3D-ViT","iauc",0.7039218203155312
"Spatial validation cohort","IDHmut-intact",62,"3D-ViT","iauc",0.6365970395740289
"Spatial validation cohort","IDHmut-intact",63,"3D-ViT","iauc",0.7186394452353352
"Spatial validation cohort","IDHmut-intact",64,"3D-ViT","iauc",0.7741935631756873
"Spatial validation cohort","IDHmut-intact",65,"3D-ViT","iauc",0.5692923850547842
"Spatial validation cohort","IDHmut-intact",66,"3D-ViT","iauc",0.6991938788585873
"Spatial validation cohort","IDHmut-intact",67,"3D-ViT","iauc",0.7083013954592984
"Spatial validation cohort","IDHmut-intact",68,"3D-ViT","iauc",0.7308237327605368
"Spatial validation cohort","IDHmut-intact",69,"3D-ViT","iauc",0.6734103313008613
"Spatial validation cohort","IDHmut-intact",70,"3D-ViT","iauc",0.6890199750620776
"Spatial validation cohort","IDHmut-intact",71,"3D-ViT","iauc",0.6221956483074548
"Spatial validation cohort","IDHmut-intact",72,"3D-ViT","iauc",0.7126476686724014
"Spatial validation cohort","IDHmut-intact",73,"3D-ViT","iauc",0.6828975917269576
"Spatial validation cohort","IDHmut-intact",74,"3D-ViT","iauc",0.6383796196873971
"Spatial validation cohort","IDHmut-intact",75,"3D-ViT","iauc",0.6960140361024217
"Spatial validation cohort","IDHmut-intact",76,"3D-ViT","iauc",0.7149270806977357
"Spatial validation cohort","IDHmut-intact",77,"3D-ViT","iauc",0.7140642901592754
"Spatial validation cohort","IDHmut-intact",78,"3D-ViT","iauc",0.6629994860677243
"Spatial validation cohort","IDHmut-intact",79,"3D-ViT","iauc",0.6773797664031133
"Spatial validation cohort","IDHmut-intact",80,"3D-ViT","iauc",0.7381910371004763
"Spatial validation cohort","IDHmut-intact",81,"3D-ViT","iauc",0.7075181575926046
"Spatial validation cohort","IDHmut-intact",82,"3D-ViT","iauc",0.7896936034106417
"Spatial validation cohort","IDHmut-intact",83,"3D-ViT","iauc",0.6655018278796967
"Spatial validation cohort","IDHmut-intact",84,"3D-ViT","iauc",0.7233458119180391
"Spatial validation cohort","IDHmut-intact",85,"3D-ViT","iauc",0.7014681877935495
"Spatial validation cohort","IDHmut-intact",86,"3D-ViT","iauc",0.6935662848468029
"Spatial validation cohort","IDHmut-intact",87,"3D-ViT","iauc",0.7462829602260349
"Spatial validation cohort","IDHmut-intact",88,"3D-ViT","iauc",0.6876081531529257
"Spatial validation cohort","IDHmut-intact",89,"3D-ViT","iauc",0.6154616110303659
"Spatial validation cohort","IDHmut-intact",90,"3D-ViT","iauc",0.6987379552139783
"Spatial validation cohort","IDHmut-intact",91,"3D-ViT","iauc",0.6972456254774222
"Spatial validation cohort","IDHmut-intact",92,"3D-ViT","iauc",0.6545036142225341
"Spatial validation cohort","IDHmut-intact",93,"3D-ViT","iauc",0.6396741144472513
"Spatial validation cohort","IDHmut-intact",94,"3D-ViT","iauc",0.7302416193970293
"Spatial validation cohort","IDHmut-intact",95,"3D-ViT","iauc",0.6930880322733327
"Spatial validation cohort","IDHmut-intact",96,"3D-ViT","iauc",0.7314119883618829
"Spatial validation cohort","IDHmut-intact",97,"3D-ViT","iauc",0.6988108761339877
"Spatial validation cohort","IDHmut-intact",98,"3D-ViT","iauc",0.6619529172179697
"Spatial validation cohort","IDHmut-intact",99,"3D-ViT","iauc",0.7071573479588477
"Spatial validation cohort","IDHmut-intact",100,"3D-ViT","iauc",0.6909500176294604
"Spatial validation cohort","IDHmut-intact",1,"CR-ViT","iauc",0.7594256363210579
"Spatial validation cohort","IDHmut-intact",2,"CR-ViT","iauc",0.7711112194627694
"Spatial validation cohort","IDHmut-intact",3,"CR-ViT","iauc",0.7589499528948674
"Spatial validation cohort","IDHmut-intact",4,"CR-ViT","iauc",0.7930932878367201
"Spatial validation cohort","IDHmut-intact",5,"CR-ViT","iauc",0.797041445458066
"Spatial validation cohort","IDHmut-intact",6,"CR-ViT","iauc",0.7505716530847505
"Spatial validation cohort","IDHmut-intact",7,"CR-ViT","iauc",0.7121039529301636
"Spatial validation cohort","IDHmut-intact",8,"CR-ViT","iauc",0.7723575214445015
"Spatial validation cohort","IDHmut-intact",9,"CR-ViT","iauc",0.7376521362104118
"Spatial validation cohort","IDHmut-intact",10,"CR-ViT","iauc",0.730287226315881
"Spatial validation cohort","IDHmut-intact",11,"CR-ViT","iauc",0.7188510384233254
"Spatial validation cohort","IDHmut-intact",12,"CR-ViT","iauc",0.7934407944954991
"Spatial validation cohort","IDHmut-intact",13,"CR-ViT","iauc",0.7920895073826278
"Spatial validation cohort","IDHmut-intact",14,"CR-ViT","iauc",0.8345371242015841
"Spatial validation cohort","IDHmut-intact",15,"CR-ViT","iauc",0.7639239657465882
"Spatial validation cohort","IDHmut-intact",16,"CR-ViT","iauc",0.7130746688165898
"Spatial validation cohort","IDHmut-intact",17,"CR-ViT","iauc",0.777392773402571
"Spatial validation cohort","IDHmut-intact",18,"CR-ViT","iauc",0.7099722623739789
"Spatial validation cohort","IDHmut-intact",19,"CR-ViT","iauc",0.7728044647276685
"Spatial validation cohort","IDHmut-intact",20,"CR-ViT","iauc",0.7648974799063133
"Spatial validation cohort","IDHmut-intact",21,"CR-ViT","iauc",0.7252010853687929
"Spatial validation cohort","IDHmut-intact",22,"CR-ViT","iauc",0.7179218367473325
"Spatial validation cohort","IDHmut-intact",23,"CR-ViT","iauc",0.7460545061335506
"Spatial validation cohort","IDHmut-intact",24,"CR-ViT","iauc",0.7159732971730922
"Spatial validation cohort","IDHmut-intact",25,"CR-ViT","iauc",0.8184231534412525
"Spatial validation cohort","IDHmut-intact",26,"CR-ViT","iauc",0.7846162107915957
"Spatial validation cohort","IDHmut-intact",27,"CR-ViT","iauc",0.8008249079944177
"Spatial validation cohort","IDHmut-intact",28,"CR-ViT","iauc",0.8030296704133943
"Spatial validation cohort","IDHmut-intact",29,"CR-ViT","iauc",0.7871490101821466
"Spatial validation cohort","IDHmut-intact",30,"CR-ViT","iauc",0.7785365519820366
"Spatial validation cohort","IDHmut-intact",31,"CR-ViT","iauc",0.7230604864942547
"Spatial validation cohort","IDHmut-intact",32,"CR-ViT","iauc",0.7612608616274417
"Spatial validation cohort","IDHmut-intact",33,"CR-ViT","iauc",0.761630363121306
"Spatial validation cohort","IDHmut-intact",34,"CR-ViT","iauc",0.785802138997602
"Spatial validation cohort","IDHmut-intact",35,"CR-ViT","iauc",0.7269700319761532
"Spatial validation cohort","IDHmut-intact",36,"CR-ViT","iauc",0.772963338834092
"Spatial validation cohort","IDHmut-intact",37,"CR-ViT","iauc",0.7997584171620598
"Spatial validation cohort","IDHmut-intact",38,"CR-ViT","iauc",0.7564112077478022
"Spatial validation cohort","IDHmut-intact",39,"CR-ViT","iauc",0.8007801776779104
"Spatial validation cohort","IDHmut-intact",40,"CR-ViT","iauc",0.7659327629991011
"Spatial validation cohort","IDHmut-intact",41,"CR-ViT","iauc",0.732253465161811
"Spatial validation cohort","IDHmut-intact",42,"CR-ViT","iauc",0.7393283483573456
"Spatial validation cohort","IDHmut-intact",43,"CR-ViT","iauc",0.6980225464016314
"Spatial validation cohort","IDHmut-intact",44,"CR-ViT","iauc",0.7139137568542026
"Spatial validation cohort","IDHmut-intact",45,"CR-ViT","iauc",0.7568016506651427
"Spatial validation cohort","IDHmut-intact",46,"CR-ViT","iauc",0.7881185793005866
"Spatial validation cohort","IDHmut-intact",47,"CR-ViT","iauc",0.7024797489382255
"Spatial validation cohort","IDHmut-intact",48,"CR-ViT","iauc",0.7510128480066176
"Spatial validation cohort","IDHmut-intact",49,"CR-ViT","iauc",0.7539091681086791
"Spatial validation cohort","IDHmut-intact",50,"CR-ViT","iauc",0.7966297097901951
"Spatial validation cohort","IDHmut-intact",51,"CR-ViT","iauc",0.8112221861334262
"Spatial validation cohort","IDHmut-intact",52,"CR-ViT","iauc",0.7496427075175777
"Spatial validation cohort","IDHmut-intact",53,"CR-ViT","iauc",0.6927708876182889
"Spatial validation cohort","IDHmut-intact",54,"CR-ViT","iauc",0.7672480618697314
"Spatial validation cohort","IDHmut-intact",55,"CR-ViT","iauc",0.7316849181901186
"Spatial validation cohort","IDHmut-intact",56,"CR-ViT","iauc",0.6863414847723402
"Spatial validation cohort","IDHmut-intact",57,"CR-ViT","iauc",0.6754276043525842
"Spatial validation cohort","IDHmut-intact",58,"CR-ViT","iauc",0.69937322990881
"Spatial validation cohort","IDHmut-intact",59,"CR-ViT","iauc",0.7769030794791127
"Spatial validation cohort","IDHmut-intact",60,"CR-ViT","iauc",0.7537534596078149
"Spatial validation cohort","IDHmut-intact",61,"CR-ViT","iauc",0.7637028191171535
"Spatial validation cohort","IDHmut-intact",62,"CR-ViT","iauc",0.6580015169839801
"Spatial validation cohort","IDHmut-intact",63,"CR-ViT","iauc",0.7925319926383111
"Spatial validation cohort","IDHmut-intact",64,"CR-ViT","iauc",0.812446055465918
"Spatial validation cohort","IDHmut-intact",65,"CR-ViT","iauc",0.6458173480899271
"Spatial validation cohort","IDHmut-intact",66,"CR-ViT","iauc",0.7795586280946423
"Spatial validation cohort","IDHmut-intact",67,"CR-ViT","iauc",0.7417286003378308
"Spatial validation cohort","IDHmut-intact",68,"CR-ViT","iauc",0.7885061145706673
"Spatial validation cohort","IDHmut-intact",69,"CR-ViT","iauc",0.7164482845787757
"Spatial validation cohort","IDHmut-intact",70,"CR-ViT","iauc",0.75002572749014
"Spatial validation cohort","IDHmut-intact",71,"CR-ViT","iauc",0.6867164558615461
"Spatial validation cohort","IDHmut-intact",72,"CR-ViT","iauc",0.7821872512971607
"Spatial validation cohort","IDHmut-intact",73,"CR-ViT","iauc",0.7552576297924839
"Spatial validation cohort","IDHmut-intact",74,"CR-ViT","iauc",0.7321799728486664
"Spatial validation cohort","IDHmut-intact",75,"CR-ViT","iauc",0.781682952559232
"Spatial validation cohort","IDHmut-intact",76,"CR-ViT","iauc",0.7512285603968308
"Spatial validation cohort","IDHmut-intact",77,"CR-ViT","iauc",0.7816932865036132
"Spatial validation cohort","IDHmut-intact",78,"CR-ViT","iauc",0.7154943096320875
"Spatial validation cohort","IDHmut-intact",79,"CR-ViT","iauc",0.7043135965911733
"Spatial validation cohort","IDHmut-intact",80,"CR-ViT","iauc",0.8341381690311631
"Spatial validation cohort","IDHmut-intact",81,"CR-ViT","iauc",0.7846671742233936
"Spatial validation cohort","IDHmut-intact",82,"CR-ViT","iauc",0.7916608626572427
"Spatial validation cohort","IDHmut-intact",83,"CR-ViT","iauc",0.7358495960309556
"Spatial validation cohort","IDHmut-intact",84,"CR-ViT","iauc",0.7963328760575266
"Spatial validation cohort","IDHmut-intact",85,"CR-ViT","iauc",0.7609651622883895
"Spatial validation cohort","IDHmut-intact",86,"CR-ViT","iauc",0.7510954785113816
"Spatial validation cohort","IDHmut-intact",87,"CR-ViT","iauc",0.7779325362789853
"Spatial validation cohort","IDHmut-intact",88,"CR-ViT","iauc",0.7481277713794477
"Spatial validation cohort","IDHmut-intact",89,"CR-ViT","iauc",0.7022184121462093
"Spatial validation cohort","IDHmut-intact",90,"CR-ViT","iauc",0.7795870011754684
"Spatial validation cohort","IDHmut-intact",91,"CR-ViT","iauc",0.7746653705309275
"Spatial validation cohort","IDHmut-intact",92,"CR-ViT","iauc",0.72003934958051
"Spatial validation cohort","IDHmut-intact",93,"CR-ViT","iauc",0.7637719333843234
"Spatial validation cohort","IDHmut-intact",94,"CR-ViT","iauc",0.7953164595175812
"Spatial validation cohort","IDHmut-intact",95,"CR-ViT","iauc",0.7166848558881804
"Spatial validation cohort","IDHmut-intact",96,"CR-ViT","iauc",0.8295402080714551
"Spatial validation cohort","IDHmut-intact",97,"CR-ViT","iauc",0.7652812032725228
"Spatial validation cohort","IDHmut-intact",98,"CR-ViT","iauc",0.7687337650160233
"Spatial validation cohort","IDHmut-intact",99,"CR-ViT","iauc",0.7381066603706951
"Spatial validation cohort","IDHmut-intact",100,"CR-ViT","iauc",0.717170661104123
"Spatial validation cohort","IDHmut-intact",1,"3D-CNN","ibs",0.16450064390759303
"Spatial validation cohort","IDHmut-intact",2,"3D-CNN","ibs",0.15197617904405547
"Spatial validation cohort","IDHmut-intact",3,"3D-CNN","ibs",0.13315933284363426
"Spatial validation cohort","IDHmut-intact",4,"3D-CNN","ibs",0.1576998031202629
"Spatial validation cohort","IDHmut-intact",5,"3D-CNN","ibs",0.1386526645012426
"Spatial validation cohort","IDHmut-intact",6,"3D-CNN","ibs",0.15041996806910365
"Spatial validation cohort","IDHmut-intact",7,"3D-CNN","ibs",0.16223328659336805
"Spatial validation cohort","IDHmut-intact",8,"3D-CNN","ibs",0.13797774483595948
"Spatial validation cohort","IDHmut-intact",9,"3D-CNN","ibs",0.1779605061114307
"Spatial validation cohort","IDHmut-intact",10,"3D-CNN","ibs",0.15379943404168286
"Spatial validation cohort","IDHmut-intact",11,"3D-CNN","ibs",0.13882282345811478
"Spatial validation cohort","IDHmut-intact",12,"3D-CNN","ibs",0.14769924473088292
"Spatial validation cohort","IDHmut-intact",13,"3D-CNN","ibs",0.16252676262289564
"Spatial validation cohort","IDHmut-intact",14,"3D-CNN","ibs",0.137884504409672
"Spatial validation cohort","IDHmut-intact",15,"3D-CNN","ibs",0.14548587111171452
"Spatial validation cohort","IDHmut-intact",16,"3D-CNN","ibs",0.158585663064662
"Spatial validation cohort","IDHmut-intact",17,"3D-CNN","ibs",0.14629064069409153
"Spatial validation cohort","IDHmut-intact",18,"3D-CNN","ibs",0.15535016230207568
"Spatial validation cohort","IDHmut-intact",19,"3D-CNN","ibs",0.163904640281063
"Spatial validation cohort","IDHmut-intact",20,"3D-CNN","ibs",0.15701019099706418
"Spatial validation cohort","IDHmut-intact",21,"3D-CNN","ibs",0.14637671383490178
"Spatial validation cohort","IDHmut-intact",22,"3D-CNN","ibs",0.15190107881528636
"Spatial validation cohort","IDHmut-intact",23,"3D-CNN","ibs",0.17185100743914195
"Spatial validation cohort","IDHmut-intact",24,"3D-CNN","ibs",0.17417656146590213
"Spatial validation cohort","IDHmut-intact",25,"3D-CNN","ibs",0.14028575332458304
"Spatial validation cohort","IDHmut-intact",26,"3D-CNN","ibs",0.15800771162390465
"Spatial validation cohort","IDHmut-intact",27,"3D-CNN","ibs",0.1379121399365997
"Spatial validation cohort","IDHmut-intact",28,"3D-CNN","ibs",0.1547883865183073
"Spatial validation cohort","IDHmut-intact",29,"3D-CNN","ibs",0.13502203700537005
"Spatial validation cohort","IDHmut-intact",30,"3D-CNN","ibs",0.13899178608597204
"Spatial validation cohort","IDHmut-intact",31,"3D-CNN","ibs",0.15670639266566072
"Spatial validation cohort","IDHmut-intact",32,"3D-CNN","ibs",0.1335018254038891
"Spatial validation cohort","IDHmut-intact",33,"3D-CNN","ibs",0.15465114096241983
"Spatial validation cohort","IDHmut-intact",34,"3D-CNN","ibs",0.1589248690354999
"Spatial validation cohort","IDHmut-intact",35,"3D-CNN","ibs",0.17025709873295558
"Spatial validation cohort","IDHmut-intact",36,"3D-CNN","ibs",0.15308044838748955
"Spatial validation cohort","IDHmut-intact",37,"3D-CNN","ibs",0.13638676564933114
"Spatial validation cohort","IDHmut-intact",38,"3D-CNN","ibs",0.1660651679655834
"Spatial validation cohort","IDHmut-intact",39,"3D-CNN","ibs",0.13310793082278977
"Spatial validation cohort","IDHmut-intact",40,"3D-CNN","ibs",0.13663639325900157
"Spatial validation cohort","IDHmut-intact",41,"3D-CNN","ibs",0.16116823726314097
"Spatial validation cohort","IDHmut-intact",42,"3D-CNN","ibs",0.15908257994772151
"Spatial validation cohort","IDHmut-intact",43,"3D-CNN","ibs",0.14842482481583255
"Spatial validation cohort","IDHmut-intact",44,"3D-CNN","ibs",0.14887280191419336
"Spatial validation cohort","IDHmut-intact",45,"3D-CNN","ibs",0.15329212436572523
"Spatial validation cohort","IDHmut-intact",46,"3D-CNN","ibs",0.16242862376313946
"Spatial validation cohort","IDHmut-intact",47,"3D-CNN","ibs",0.1449791700745271
"Spatial validation cohort","IDHmut-intact",48,"3D-CNN","ibs",0.15866750808463218
"Spatial validation cohort","IDHmut-intact",49,"3D-CNN","ibs",0.15305277119292246
"Spatial validation cohort","IDHmut-intact",50,"3D-CNN","ibs",0.14462163028133057
"Spatial validation cohort","IDHmut-intact",51,"3D-CNN","ibs",0.15141944740015562
"Spatial validation cohort","IDHmut-intact",52,"3D-CNN","ibs",0.15558949156331922
"Spatial validation cohort","IDHmut-intact",53,"3D-CNN","ibs",0.15515749919758934
"Spatial validation cohort","IDHmut-intact",54,"3D-CNN","ibs",0.13922988314723886
"Spatial validation cohort","IDHmut-intact",55,"3D-CNN","ibs",0.16598214538424777
"Spatial validation cohort","IDHmut-intact",56,"3D-CNN","ibs",0.14625516236238473
"Spatial validation cohort","IDHmut-intact",57,"3D-CNN","ibs",0.16723918678340768
"Spatial validation cohort","IDHmut-intact",58,"3D-CNN","ibs",0.15681953963074913
"Spatial validation cohort","IDHmut-intact",59,"3D-CNN","ibs",0.15673702374825085
"Spatial validation cohort","IDHmut-intact",60,"3D-CNN","ibs",0.15780204040708007
"Spatial validation cohort","IDHmut-intact",61,"3D-CNN","ibs",0.13908141175451127
"Spatial validation cohort","IDHmut-intact",62,"3D-CNN","ibs",0.15443108681960777
"Spatial validation cohort","IDHmut-intact",63,"3D-CNN","ibs",0.16407088163879868
"Spatial validation cohort","IDHmut-intact",64,"3D-CNN","ibs",0.15544752180163546
"Spatial validation cohort","IDHmut-intact",65,"3D-CNN","ibs",0.16703972151904392
"Spatial validation cohort","IDHmut-intact",66,"3D-CNN","ibs",0.14060987682971984
"Spatial validation cohort","IDHmut-intact",67,"3D-CNN","ibs",0.16356893889812946
"Spatial validation cohort","IDHmut-intact",68,"3D-CNN","ibs",0.15402328004373256
"Spatial validation cohort","IDHmut-intact",69,"3D-CNN","ibs",0.16715196762018172
"Spatial validation cohort","IDHmut-intact",70,"3D-CNN","ibs",0.13200231262171594
"Spatial validation cohort","IDHmut-intact",71,"3D-CNN","ibs",0.15592930422938894
"Spatial validation cohort","IDHmut-intact",72,"3D-CNN","ibs",0.161464332692415
"Spatial validation cohort","IDHmut-intact",73,"3D-CNN","ibs",0.1639850644854749
"Spatial validation cohort","IDHmut-intact",74,"3D-CNN","ibs",0.15174003168667696
"Spatial validation cohort","IDHmut-intact",75,"3D-CNN","ibs",0.17170452931574967
"Spatial validation cohort","IDHmut-intact",76,"3D-CNN","ibs",0.16283010995757113
"Spatial validation cohort","IDHmut-intact",77,"3D-CNN","ibs",0.13738088965697007
"Spatial validation cohort","IDHmut-intact",78,"3D-CNN","ibs",0.18115773117978018
"Spatial validation cohort","IDHmut-intact",79,"3D-CNN","ibs",0.1415389113401565
"Spatial validation cohort","IDHmut-intact",80,"3D-CNN","ibs",0.12498817309623315
"Spatial validation cohort","IDHmut-intact",81,"3D-CNN","ibs",0.13855394732871015
"Spatial validation cohort","IDHmut-intact",82,"3D-CNN","ibs",0.128523948209797
"Spatial validation cohort","IDHmut-intact",83,"3D-CNN","ibs",0.1614623954479484
"Spatial validation cohort","IDHmut-intact",84,"3D-CNN","ibs",0.1517839205394841
"Spatial validation cohort","IDHmut-intact",85,"3D-CNN","ibs",0.16806340815002127
"Spatial validation cohort","IDHmut-intact",86,"3D-CNN","ibs",0.1685444954751558
"Spatial validation cohort","IDHmut-intact",87,"3D-CNN","ibs",0.15249514267598493
"Spatial validation cohort","IDHmut-intact",88,"3D-CNN","ibs",0.15470117050532678
"Spatial validation cohort","IDHmut-intact",89,"3D-CNN","ibs",0.1692663346803734
"Spatial validation cohort","IDHmut-intact",90,"3D-CNN","ibs",0.158784597130807
"Spatial validation cohort","IDHmut-intact",91,"3D-CNN","ibs",0.1356461849230941
"Spatial validation cohort","IDHmut-intact",92,"3D-CNN","ibs",0.16075104888229944
"Spatial validation cohort","IDHmut-intact",93,"3D-CNN","ibs",0.17137620360660621
"Spatial validation cohort","IDHmut-intact",94,"3D-CNN","ibs",0.15522192528217196
"Spatial validation cohort","IDHmut-intact",95,"3D-CNN","ibs",0.14010403502132382
"Spatial validation cohort","IDHmut-intact",96,"3D-CNN","ibs",0.12695191518110252
"Spatial validation cohort","IDHmut-intact",97,"3D-CNN","ibs",0.14981699638384305
"Spatial validation cohort","IDHmut-intact",98,"3D-CNN","ibs",0.1593786831225024
"Spatial validation cohort","IDHmut-intact",99,"3D-CNN","ibs",0.17458699977736267
"Spatial validation cohort","IDHmut-intact",100,"3D-CNN","ibs",0.14877673605965677
"Spatial validation cohort","IDHmut-intact",1,"Clinicoradiologic","ibs",0.16052380833068064
"Spatial validation cohort","IDHmut-intact",2,"Clinicoradiologic","ibs",0.15737474428708562
"Spatial validation cohort","IDHmut-intact",3,"Clinicoradiologic","ibs",0.15081752572442217
"Spatial validation cohort","IDHmut-intact",4,"Clinicoradiologic","ibs",0.1571483703349523
"Spatial validation cohort","IDHmut-intact",5,"Clinicoradiologic","ibs",0.1337574774951252
"Spatial validation cohort","IDHmut-intact",6,"Clinicoradiologic","ibs",0.13241118173162972
"Spatial validation cohort","IDHmut-intact",7,"Clinicoradiologic","ibs",0.1602709715166621
"Spatial validation cohort","IDHmut-intact",8,"Clinicoradiologic","ibs",0.13726866844383434
"Spatial validation cohort","IDHmut-intact",9,"Clinicoradiologic","ibs",0.1873736630892942
"Spatial validation cohort","IDHmut-intact",10,"Clinicoradiologic","ibs",0.1489077741007693
"Spatial validation cohort","IDHmut-intact",11,"Clinicoradiologic","ibs",0.1432986585412518
"Spatial validation cohort","IDHmut-intact",12,"Clinicoradiologic","ibs",0.15698743867991566
"Spatial validation cohort","IDHmut-intact",13,"Clinicoradiologic","ibs",0.14963172477069975
"Spatial validation cohort","IDHmut-intact",14,"Clinicoradiologic","ibs",0.1376131599878298
"Spatial validation cohort","IDHmut-intact",15,"Clinicoradiologic","ibs",0.14287324604137727
"Spatial validation cohort","IDHmut-intact",16,"Clinicoradiologic","ibs",0.1546548930861271
"Spatial validation cohort","IDHmut-intact",17,"Clinicoradiologic","ibs",0.14382970096527023
"Spatial validation cohort","IDHmut-intact",18,"Clinicoradiologic","ibs",0.16048630089242774
"Spatial validation cohort","IDHmut-intact",19,"Clinicoradiologic","ibs",0.17045076228686237
"Spatial validation cohort","IDHmut-intact",20,"Clinicoradiologic","ibs",0.1641464127820236
"Spatial validation cohort","IDHmut-intact",21,"Clinicoradiologic","ibs",0.16049315510251683
"Spatial validation cohort","IDHmut-intact",22,"Clinicoradiologic","ibs",0.16602511189917615
"Spatial validation cohort","IDHmut-intact",23,"Clinicoradiologic","ibs",0.16810011525360063
"Spatial validation cohort","IDHmut-intact",24,"Clinicoradiologic","ibs",0.18803350493719417
"Spatial validation cohort","IDHmut-intact",25,"Clinicoradiologic","ibs",0.14187529759067002
"Spatial validation cohort","IDHmut-intact",26,"Clinicoradiologic","ibs",0.1569213839060031
"Spatial validation cohort","IDHmut-intact",27,"Clinicoradiologic","ibs",0.14671056373086228
"Spatial validation cohort","IDHmut-intact",28,"Clinicoradiologic","ibs",0.16925202138821163
"Spatial validation cohort","IDHmut-intact",29,"Clinicoradiologic","ibs",0.13552861684401266
"Spatial validation cohort","IDHmut-intact",30,"Clinicoradiologic","ibs",0.1381527781016977
"Spatial validation cohort","IDHmut-intact",31,"Clinicoradiologic","ibs",0.16416493932079188
"Spatial validation cohort","IDHmut-intact",32,"Clinicoradiologic","ibs",0.1348027527715855
"Spatial validation cohort","IDHmut-intact",33,"Clinicoradiologic","ibs",0.1506608050975869
"Spatial validation cohort","IDHmut-intact",34,"Clinicoradiologic","ibs",0.15178626019692126
"Spatial validation cohort","IDHmut-intact",35,"Clinicoradiologic","ibs",0.16981282197820352
"Spatial validation cohort","IDHmut-intact",36,"Clinicoradiologic","ibs",0.1590092277160308
"Spatial validation cohort","IDHmut-intact",37,"Clinicoradiologic","ibs",0.14649004862140158
"Spatial validation cohort","IDHmut-intact",38,"Clinicoradiologic","ibs",0.17021017697196764
"Spatial validation cohort","IDHmut-intact",39,"Clinicoradiologic","ibs",0.15067959576476084
"Spatial validation cohort","IDHmut-intact",40,"Clinicoradiologic","ibs",0.1499884311117468
"Spatial validation cohort","IDHmut-intact",41,"Clinicoradiologic","ibs",0.16025864769915757
"Spatial validation cohort","IDHmut-intact",42,"Clinicoradiologic","ibs",0.15184495290672018
"Spatial validation cohort","IDHmut-intact",43,"Clinicoradiologic","ibs",0.14663640801865604
"Spatial validation cohort","IDHmut-intact",44,"Clinicoradiologic","ibs",0.14863026263044837
"Spatial validation cohort","IDHmut-intact",45,"Clinicoradiologic","ibs",0.15632537461118542
"Spatial validation cohort","IDHmut-intact",46,"Clinicoradiologic","ibs",0.15676774174041422
"Spatial validation cohort","IDHmut-intact",47,"Clinicoradiologic","ibs",0.1590175993246598
"Spatial validation cohort","IDHmut-intact",48,"Clinicoradiologic","ibs",0.1569108473285959
"Spatial validation cohort","IDHmut-intact",49,"Clinicoradiologic","ibs",0.16749208684385833
"Spatial validation cohort","IDHmut-intact",50,"Clinicoradiologic","ibs",0.140555115672011
"Spatial validation cohort","IDHmut-intact",51,"Clinicoradiologic","ibs",0.14859875798383868
"Spatial validation cohort","IDHmut-intact",52,"Clinicoradiologic","ibs",0.15628956077512302
"Spatial validation cohort","IDHmut-intact",53,"Clinicoradiologic","ibs",0.16703696168770657
"Spatial validation cohort","IDHmut-intact",54,"Clinicoradiologic","ibs",0.14557410840178195
"Spatial validation cohort","IDHmut-intact",55,"Clinicoradiologic","ibs",0.15884562950428757
"Spatial validation cohort","IDHmut-intact",56,"Clinicoradiologic","ibs",0.16018591591536574
"Spatial validation cohort","IDHmut-intact",57,"Clinicoradiologic","ibs",0.15308337019364351
"Spatial validation cohort","IDHmut-intact",58,"Clinicoradiologic","ibs",0.15637706932248102
"Spatial validation cohort","IDHmut-intact",59,"Clinicoradiologic","ibs",0.1521954943573966
"Spatial validation cohort","IDHmut-intact",60,"Clinicoradiologic","ibs",0.16344213493721316
"Spatial validation cohort","IDHmut-intact",61,"Clinicoradiologic","ibs",0.14523113539607302
"Spatial validation cohort","IDHmut-intact",62,"Clinicoradiologic","ibs",0.14824236645298358
"Spatial validation cohort","IDHmut-intact",63,"Clinicoradiologic","ibs",0.1615720972677293
"Spatial validation cohort","IDHmut-intact",64,"Clinicoradiologic","ibs",0.1659917131471956
"Spatial validation cohort","IDHmut-intact",65,"Clinicoradiologic","ibs",0.15734822044300584
"Spatial validation cohort","IDHmut-intact",66,"Clinicoradiologic","ibs",0.14038883920469186
"Spatial validation cohort","IDHmut-intact",67,"Clinicoradiologic","ibs",0.16653510507271652
"Spatial validation cohort","IDHmut-intact",68,"Clinicoradiologic","ibs",0.15707471223011535
"Spatial validation cohort","IDHmut-intact",69,"Clinicoradiologic","ibs",0.16787292772701
"Spatial validation cohort","IDHmut-intact",70,"Clinicoradiologic","ibs",0.1337663356115026
"Spatial validation cohort","IDHmut-intact",71,"Clinicoradiologic","ibs",0.15234886384467838
"Spatial validation cohort","IDHmut-intact",72,"Clinicoradiologic","ibs",0.15744987804569577
"Spatial validation cohort","IDHmut-intact",73,"Clinicoradiologic","ibs",0.16210104136231993
"Spatial validation cohort","IDHmut-intact",74,"Clinicoradiologic","ibs",0.14830285690133194
"Spatial validation cohort","IDHmut-intact",75,"Clinicoradiologic","ibs",0.17142262496623037
"Spatial validation cohort","IDHmut-intact",76,"Clinicoradiologic","ibs",0.16736567113708603
"Spatial validation cohort","IDHmut-intact",77,"Clinicoradiologic","ibs",0.13765721976419185
"Spatial validation cohort","IDHmut-intact",78,"Clinicoradiologic","ibs",0.15938550950954156
"Spatial validation cohort","IDHmut-intact",79,"Clinicoradiologic","ibs",0.15065106751508228
"Spatial validation cohort","IDHmut-intact",80,"Clinicoradiologic","ibs",0.12459872892929721
"Spatial validation cohort","IDHmut-intact",81,"Clinicoradiologic","ibs",0.13806578507502237
"Spatial validation cohort","IDHmut-intact",82,"Clinicoradiologic","ibs",0.15104025221114886
"Spatial validation cohort","IDHmut-intact",83,"Clinicoradiologic","ibs",0.16589941063273533
"Spatial validation cohort","IDHmut-intact",84,"Clinicoradiologic","ibs",0.15430649892787207
"Spatial validation cohort","IDHmut-intact",85,"Clinicoradiologic","ibs",0.16725009480824315
"Spatial validation cohort","IDHmut-intact",86,"Clinicoradiologic","ibs",0.16832130268133613
"Spatial validation cohort","IDHmut-intact",87,"Clinicoradiologic","ibs",0.16245678398782945
"Spatial validation cohort","IDHmut-intact",88,"Clinicoradiologic","ibs",0.15791064575267136
"Spatial validation cohort","IDHmut-intact",89,"Clinicoradiologic","ibs",0.16738428919782586
"Spatial validation cohort","IDHmut-intact",90,"Clinicoradiologic","ibs",0.1522128941281623
"Spatial validation cohort","IDHmut-intact",91,"Clinicoradiologic","ibs",0.14156863402111303
"Spatial validation cohort","IDHmut-intact",92,"Clinicoradiologic","ibs",0.15354769689296935
"Spatial validation cohort","IDHmut-intact",93,"Clinicoradiologic","ibs",0.14689981383825235
"Spatial validation cohort","IDHmut-intact",94,"Clinicoradiologic","ibs",0.1541680116216688
"Spatial validation cohort","IDHmut-intact",95,"Clinicoradiologic","ibs",0.144041815012327
"Spatial validation cohort","IDHmut-intact",96,"Clinicoradiologic","ibs",0.12205202924362488
"Spatial validation cohort","IDHmut-intact",97,"Clinicoradiologic","ibs",0.1480523202862095
"Spatial validation cohort","IDHmut-intact",98,"Clinicoradiologic","ibs",0.14837905906030577
"Spatial validation cohort","IDHmut-intact",99,"Clinicoradiologic","ibs",0.18451635912271988
"Spatial validation cohort","IDHmut-intact",100,"Clinicoradiologic","ibs",0.15927560785841832
"Spatial validation cohort","IDHmut-intact",1,"3D-ViT","ibs",0.15597534870195098
"Spatial validation cohort","IDHmut-intact",2,"3D-ViT","ibs",0.14056809059125414
"Spatial validation cohort","IDHmut-intact",3,"3D-ViT","ibs",0.132912227386515
"Spatial validation cohort","IDHmut-intact",4,"3D-ViT","ibs",0.14666372532283614
"Spatial validation cohort","IDHmut-intact",5,"3D-ViT","ibs",0.13001882289704056
"Spatial validation cohort","IDHmut-intact",6,"3D-ViT","ibs",0.141068226465262
"Spatial validation cohort","IDHmut-intact",7,"3D-ViT","ibs",0.1492673717003002
"Spatial validation cohort","IDHmut-intact",8,"3D-ViT","ibs",0.13156629290310834
"Spatial validation cohort","IDHmut-intact",9,"3D-ViT","ibs",0.16710241883769061
"Spatial validation cohort","IDHmut-intact",10,"3D-ViT","ibs",0.14731358919379936
"Spatial validation cohort","IDHmut-intact",11,"3D-ViT","ibs",0.13400995557374407
"Spatial validation cohort","IDHmut-intact",12,"3D-ViT","ibs",0.13312281701247936
"Spatial validation cohort","IDHmut-intact",13,"3D-ViT","ibs",0.16182325233217884
"Spatial validation cohort","IDHmut-intact",14,"3D-ViT","ibs",0.13111013010818706
"Spatial validation cohort","IDHmut-intact",15,"3D-ViT","ibs",0.13701772613677835
"Spatial validation cohort","IDHmut-intact",16,"3D-ViT","ibs",0.1556099264904455
"Spatial validation cohort","IDHmut-intact",17,"3D-ViT","ibs",0.14121659478114043
"Spatial validation cohort","IDHmut-intact",18,"3D-ViT","ibs",0.15064895914273405
"Spatial validation cohort","IDHmut-intact",19,"3D-ViT","ibs",0.1510941361931236
"Spatial validation cohort","IDHmut-intact",20,"3D-ViT","ibs",0.14428433767605092
"Spatial validation cohort","IDHmut-intact",21,"3D-ViT","ibs",0.14623133492344043
"Spatial validation cohort","IDHmut-intact",22,"3D-ViT","ibs",0.14525997684497446
"Spatial validation cohort","IDHmut-intact",23,"3D-ViT","ibs",0.16175692086576576
"Spatial validation cohort","IDHmut-intact",24,"3D-ViT","ibs",0.16158935914222536
"Spatial validation cohort","IDHmut-intact",25,"3D-ViT","ibs",0.1309909610303082
"Spatial validation cohort","IDHmut-intact",26,"3D-ViT","ibs",0.151179613804613
"Spatial validation cohort","IDHmut-intact",27,"3D-ViT","ibs",0.1341004302379695
"Spatial validation cohort","IDHmut-intact",28,"3D-ViT","ibs",0.14049805778772007
"Spatial validation cohort","IDHmut-intact",29,"3D-ViT","ibs",0.12657068004947383
"Spatial validation cohort","IDHmut-intact",30,"3D-ViT","ibs",0.1365919632761334
"Spatial validation cohort","IDHmut-intact",31,"3D-ViT","ibs",0.14883583269982245
"Spatial validation cohort","IDHmut-intact",32,"3D-ViT","ibs",0.12343076175258855
"Spatial validation cohort","IDHmut-intact",33,"3D-ViT","ibs",0.139538672616093
"Spatial validation cohort","IDHmut-intact",34,"3D-ViT","ibs",0.15129904942702513
"Spatial validation cohort","IDHmut-intact",35,"3D-ViT","ibs",0.16061625870133014
"Spatial validation cohort","IDHmut-intact",36,"3D-ViT","ibs",0.144011342165281
"Spatial validation cohort","IDHmut-intact",37,"3D-ViT","ibs",0.12395281260995022
"Spatial validation cohort","IDHmut-intact",38,"3D-ViT","ibs",0.15839810357575673
"Spatial validation cohort","IDHmut-intact",39,"3D-ViT","ibs",0.12205134589325094
"Spatial validation cohort","IDHmut-intact",40,"3D-ViT","ibs",0.1297961290868161
"Spatial validation cohort","IDHmut-intact",41,"3D-ViT","ibs",0.15196939494906306
"Spatial validation cohort","IDHmut-intact",42,"3D-ViT","ibs",0.15051880069316972
"Spatial validation cohort","IDHmut-intact",43,"3D-ViT","ibs",0.14460710691120446
"Spatial validation cohort","IDHmut-intact",44,"3D-ViT","ibs",0.14863695231371699
"Spatial validation cohort","IDHmut-intact",45,"3D-ViT","ibs",0.14140720342153326
"Spatial validation cohort","IDHmut-intact",46,"3D-ViT","ibs",0.15255496242581204
"Spatial validation cohort","IDHmut-intact",47,"3D-ViT","ibs",0.1416912824193703
"Spatial validation cohort","IDHmut-intact",48,"3D-ViT","ibs",0.14478217740718832
"Spatial validation cohort","IDHmut-intact",49,"3D-ViT","ibs",0.13914563494595492
"Spatial validation cohort","IDHmut-intact",50,"3D-ViT","ibs",0.13630947845363253
"Spatial validation cohort","IDHmut-intact",51,"3D-ViT","ibs",0.14377015152495912
"Spatial validation cohort","IDHmut-intact",52,"3D-ViT","ibs",0.1389459501229188
"Spatial validation cohort","IDHmut-intact",53,"3D-ViT","ibs",0.14920504227767814
"Spatial validation cohort","IDHmut-intact",54,"3D-ViT","ibs",0.13442864463719434
"Spatial validation cohort","IDHmut-intact",55,"3D-ViT","ibs",0.15748779038638802
"Spatial validation cohort","IDHmut-intact",56,"3D-ViT","ibs",0.13896620418948882
"Spatial validation cohort","IDHmut-intact",57,"3D-ViT","ibs",0.16409037906286195
"Spatial validation cohort","IDHmut-intact",58,"3D-ViT","ibs",0.15182918248491453
"Spatial validation cohort","IDHmut-intact",59,"3D-ViT","ibs",0.15266480768329804
"Spatial validation cohort","IDHmut-intact",60,"3D-ViT","ibs",0.1461570467002214
"Spatial validation cohort","IDHmut-intact",61,"3D-ViT","ibs",0.13574725509849903
"Spatial validation cohort","IDHmut-intact",62,"3D-ViT","ibs",0.1462202920086983
"Spatial validation cohort","IDHmut-intact",63,"3D-ViT","ibs",0.1550970714165523
"Spatial validation cohort","IDHmut-intact",64,"3D-ViT","ibs",0.14086741674190234
"Spatial validation cohort","IDHmut-intact",65,"3D-ViT","ibs",0.1579002749373035
"Spatial validation cohort","IDHmut-intact",66,"3D-ViT","ibs",0.13528204161251006
"Spatial validation cohort","IDHmut-intact",67,"3D-ViT","ibs",0.1502772370468905
"Spatial validation cohort","IDHmut-intact",68,"3D-ViT","ibs",0.1445643497094041
"Spatial validation cohort","IDHmut-intact",69,"3D-ViT","ibs",0.1550749154241547
"Spatial validation cohort","IDHmut-intact",70,"3D-ViT","ibs",0.13314272036719277
"Spatial validation cohort","IDHmut-intact",71,"3D-ViT","ibs",0.1572822954764838
"Spatial validation cohort","IDHmut-intact",72,"3D-ViT","ibs",0.15240651426883253
"Spatial validation cohort","IDHmut-intact",73,"3D-ViT","ibs",0.15512575212071458
"Spatial validation cohort","IDHmut-intact",74,"3D-ViT","ibs",0.1487210343401243
"Spatial validation cohort","IDHmut-intact",75,"3D-ViT","ibs",0.16218569660512827
"Spatial validation cohort","IDHmut-intact",76,"3D-ViT","ibs",0.14868582595839042
"Spatial validation cohort","IDHmut-intact",77,"3D-ViT","ibs",0.1272368234017867
"Spatial validation cohort","IDHmut-intact",78,"3D-ViT","ibs",0.15912186236393716
"Spatial validation cohort","IDHmut-intact",79,"3D-ViT","ibs",0.13826507323707318
"Spatial validation cohort","IDHmut-intact",80,"3D-ViT","ibs",0.1191154920992518
"Spatial validation cohort","IDHmut-intact",81,"3D-ViT","ibs",0.13600882792891525
"Spatial validation cohort","IDHmut-intact",82,"3D-ViT","ibs",0.11961461179287154
"Spatial validation cohort","IDHmut-intact",83,"3D-ViT","ibs",0.15461338670568697
"Spatial validation cohort","IDHmut-intact",84,"3D-ViT","ibs",0.14304303961647785
"Spatial validation cohort","IDHmut-intact",85,"3D-ViT","ibs",0.15751721836665572
"Spatial validation cohort","IDHmut-intact",86,"3D-ViT","ibs",0.1641470702927158
"Spatial validation cohort","IDHmut-intact",87,"3D-ViT","ibs",0.14153745802475148
"Spatial validation cohort","IDHmut-intact",88,"3D-ViT","ibs",0.14868395291840128
"Spatial validation cohort","IDHmut-intact",89,"3D-ViT","ibs",0.16163141800697411
"Spatial validation cohort","IDHmut-intact",90,"3D-ViT","ibs",0.14450571322629988
"Spatial validation cohort","IDHmut-intact",91,"3D-ViT","ibs",0.13558307887513993
"Spatial validation cohort","IDHmut-intact",92,"3D-ViT","ibs",0.15729066716628848
"Spatial validation cohort","IDHmut-intact",93,"3D-ViT","ibs",0.15878061169703345
"Spatial validation cohort","IDHmut-intact",94,"3D-ViT","ibs",0.1480025572955356
"Spatial validation cohort","IDHmut-intact",95,"3D-ViT","ibs",0.12670191704620842
"Spatial validation cohort","IDHmut-intact",96,"3D-ViT","ibs",0.11467901613530743
"Spatial validation cohort","IDHmut-intact",97,"3D-ViT","ibs",0.13909416563242513
"Spatial validation cohort","IDHmut-intact",98,"3D-ViT","ibs",0.15293946800836775
"Spatial validation cohort","IDHmut-intact",99,"3D-ViT","ibs",0.15853347003746246
"Spatial validation cohort","IDHmut-intact",100,"3D-ViT","ibs",0.14033618179982738
"Spatial validation cohort","IDHmut-intact",1,"CR-ViT","ibs",0.14456907328608118
"Spatial validation cohort","IDHmut-intact",2,"CR-ViT","ibs",0.13338067947169588
"Spatial validation cohort","IDHmut-intact",3,"CR-ViT","ibs",0.13107803051823358
"Spatial validation cohort","IDHmut-intact",4,"CR-ViT","ibs",0.13348153265407042
"Spatial validation cohort","IDHmut-intact",5,"CR-ViT","ibs",0.11719795972009533
"Spatial validation cohort","IDHmut-intact",6,"CR-ViT","ibs",0.12666641112807683
"Spatial validation cohort","IDHmut-intact",7,"CR-ViT","ibs",0.14286084439073168
"Spatial validation cohort","IDHmut-intact",8,"CR-ViT","ibs",0.1209191037347088
"Spatial validation cohort","IDHmut-intact",9,"CR-ViT","ibs",0.1596135655509732
"Spatial validation cohort","IDHmut-intact",10,"CR-ViT","ibs",0.13810468720919383
"Spatial validation cohort","IDHmut-intact",11,"CR-ViT","ibs",0.1330942319531962
"Spatial validation cohort","IDHmut-intact",12,"CR-ViT","ibs",0.12872251985295283
"Spatial validation cohort","IDHmut-intact",13,"CR-ViT","ibs",0.13730338571113432
"Spatial validation cohort","IDHmut-intact",14,"CR-ViT","ibs",0.11978216748498897
"Spatial validation cohort","IDHmut-intact",15,"CR-ViT","ibs",0.12533052230046413
"Spatial validation cohort","IDHmut-intact",16,"CR-ViT","ibs",0.14465135794876172
"Spatial validation cohort","IDHmut-intact",17,"CR-ViT","ibs",0.12426717303622802
"Spatial validation cohort","IDHmut-intact",18,"CR-ViT","ibs",0.14223531123009994
"Spatial validation cohort","IDHmut-intact",19,"CR-ViT","ibs",0.14268123232450616
"Spatial validation cohort","IDHmut-intact",20,"CR-ViT","ibs",0.13412624223322714
"Spatial validation cohort","IDHmut-intact",21,"CR-ViT","ibs",0.1404992975730498
"Spatial validation cohort","IDHmut-intact",22,"CR-ViT","ibs",0.14345515994020308
"Spatial validation cohort","IDHmut-intact",23,"CR-ViT","ibs",0.1508435651660587
"Spatial validation cohort","IDHmut-intact",24,"CR-ViT","ibs",0.16433824659187754
"Spatial validation cohort","IDHmut-intact",25,"CR-ViT","ibs",0.1174730286416757
"Spatial validation cohort","IDHmut-intact",26,"CR-ViT","ibs",0.13858812898198905
"Spatial validation cohort","IDHmut-intact",27,"CR-ViT","ibs",0.12049909490673245
"Spatial validation cohort","IDHmut-intact",28,"CR-ViT","ibs",0.13007091458849787
"Spatial validation cohort","IDHmut-intact",29,"CR-ViT","ibs",0.11521795970468081
"Spatial validation cohort","IDHmut-intact",30,"CR-ViT","ibs",0.12568714596573788
"Spatial validation cohort","IDHmut-intact",31,"CR-ViT","ibs",0.14420829531453988
"Spatial validation cohort","IDHmut-intact",32,"CR-ViT","ibs",0.11531845513127016
"Spatial validation cohort","IDHmut-intact",33,"CR-ViT","ibs",0.1345826228224675
"Spatial validation cohort","IDHmut-intact",34,"CR-ViT","ibs",0.13642518276662094
"Spatial validation cohort","IDHmut-intact",35,"CR-ViT","ibs",0.14946318775855716
"Spatial validation cohort","IDHmut-intact",36,"CR-ViT","ibs",0.13913758764763823
"Spatial validation cohort","IDHmut-intact",37,"CR-ViT","ibs",0.12216492804123233
"Spatial validation cohort","IDHmut-intact",38,"CR-ViT","ibs",0.14393291210464873
"Spatial validation cohort","IDHmut-intact",39,"CR-ViT","ibs",0.11900914737955443
"Spatial validation cohort","IDHmut-intact",40,"CR-ViT","ibs",0.12587826914393432
"Spatial validation cohort","IDHmut-intact",41,"CR-ViT","ibs",0.14853051842257858
"Spatial validation cohort","IDHmut-intact",42,"CR-ViT","ibs",0.14085330666883292
"Spatial validation cohort","IDHmut-intact",43,"CR-ViT","ibs",0.13480553472346005
"Spatial validation cohort","IDHmut-intact",44,"CR-ViT","ibs",0.14150038184288813
"Spatial validation cohort","IDHmut-intact",45,"CR-ViT","ibs",0.13846466200922922
"Spatial validation cohort","IDHmut-intact",46,"CR-ViT","ibs",0.14127998365026423
"Spatial validation cohort","IDHmut-intact",47,"CR-ViT","ibs",0.13574431349697266
"Spatial validation cohort","IDHmut-intact",48,"CR-ViT","ibs",0.13940068588205004
"Spatial validation cohort","IDHmut-intact",49,"CR-ViT","ibs",0.13593427389159937
"Spatial validation cohort","IDHmut-intact",50,"CR-ViT","ibs",0.1225374408420988
"Spatial validation cohort","IDHmut-intact",51,"CR-ViT","ibs",0.13003769619849578
"Spatial validation cohort","IDHmut-intact",52,"CR-ViT","ibs",0.1303431328224351
"Spatial validation cohort","IDHmut-intact",53,"CR-ViT","ibs",0.15113261141354903
"Spatial validation cohort","IDHmut-intact",54,"CR-ViT","ibs",0.12205157196597215
"Spatial validation cohort","IDHmut-intact",55,"CR-ViT","ibs",0.14326361147532443
"Spatial validation cohort","IDHmut-intact",56,"CR-ViT","ibs",0.14171279783563265
"Spatial validation cohort","IDHmut-intact",57,"CR-ViT","ibs",0.153625498809627
"Spatial validation cohort","IDHmut-intact",58,"CR-ViT","ibs",0.14711099434042857
"Spatial validation cohort","IDHmut-intact",59,"CR-ViT","ibs",0.13691629324997312
"Spatial validation cohort","IDHmut-intact",60,"CR-ViT","ibs",0.1418124805862064
"Spatial validation cohort","IDHmut-intact",61,"CR-ViT","ibs",0.125797664438443
"Spatial validation cohort","IDHmut-intact",62,"CR-ViT","ibs",0.1392458155349091
"Spatial validation cohort","IDHmut-intact",63,"CR-ViT","ibs",0.13520767951468526
"Spatial validation cohort","IDHmut-intact",64,"CR-ViT","ibs",0.13375156920415662
"Spatial validation cohort","IDHmut-intact",65,"CR-ViT","ibs",0.1506005905313713
"Spatial validation cohort","IDHmut-intact",66,"CR-ViT","ibs",0.12177869798819121
"Spatial validation cohort","IDHmut-intact",67,"CR-ViT","ibs",0.14442827974858163
"Spatial validation cohort","IDHmut-intact",68,"CR-ViT","ibs",0.1334681240763568
"Spatial validation cohort","IDHmut-intact",69,"CR-ViT","ibs",0.1461050270216516
"Spatial validation cohort","IDHmut-intact",70,"CR-ViT","ibs",0.12151205328487248
"Spatial validation cohort","IDHmut-intact",71,"CR-ViT","ibs",0.14920843979286216
"Spatial validation cohort","IDHmut-intact",72,"CR-ViT","ibs",0.1436309226218955
"Spatial validation cohort","IDHmut-intact",73,"CR-ViT","ibs",0.1412642253388215
"Spatial validation cohort","IDHmut-intact",74,"CR-ViT","ibs",0.13578182467358282
"Spatial validation cohort","IDHmut-intact",75,"CR-ViT","ibs",0.14991478802373803
"Spatial validation cohort","IDHmut-intact",76,"CR-ViT","ibs",0.14150045501725003
"Spatial validation cohort","IDHmut-intact",77,"CR-ViT","ibs",0.11793740094199583
"Spatial validation cohort","IDHmut-intact",78,"CR-ViT","ibs",0.15732796676438726
"Spatial validation cohort","IDHmut-intact",79,"CR-ViT","ibs",0.1333048238418225
"Spatial validation cohort","IDHmut-intact",80,"CR-ViT","ibs",0.10707374855657938
"Spatial validation cohort","IDHmut-intact",81,"CR-ViT","ibs",0.12326451152542278
"Spatial validation cohort","IDHmut-intact",82,"CR-ViT","ibs",0.11594191461285734
"Spatial validation cohort","IDHmut-intact",83,"CR-ViT","ibs",0.1429985121069852
"Spatial validation cohort","IDHmut-intact",84,"CR-ViT","ibs",0.13146326501874783
"Spatial validation cohort","IDHmut-intact",85,"CR-ViT","ibs",0.14902408145494234
"Spatial validation cohort","IDHmut-intact",86,"CR-ViT","ibs",0.15208192269883142
"Spatial validation cohort","IDHmut-intact",87,"CR-ViT","ibs",0.13396707715604314
"Spatial validation cohort","IDHmut-intact",88,"CR-ViT","ibs",0.14155046411265307
"Spatial validation cohort","IDHmut-intact",89,"CR-ViT","ibs",0.15447284089675106
"Spatial validation cohort","IDHmut-intact",90,"CR-ViT","ibs",0.13217182835263538
"Spatial validation cohort","IDHmut-intact",91,"CR-ViT","ibs",0.12573851805477484
"Spatial validation cohort","IDHmut-intact",92,"CR-ViT","ibs",0.1488769176688565
"Spatial validation cohort","IDHmut-intact",93,"CR-ViT","ibs",0.1361400815859596
"Spatial validation cohort","IDHmut-intact",94,"CR-ViT","ibs",0.13332967821958527
"Spatial validation cohort","IDHmut-intact",95,"CR-ViT","ibs",0.1333719357805463
"Spatial validation cohort","IDHmut-intact",96,"CR-ViT","ibs",0.0995043931662199
"Spatial validation cohort","IDHmut-intact",97,"CR-ViT","ibs",0.12710025755788865
"Spatial validation cohort","IDHmut-intact",98,"CR-ViT","ibs",0.1387125923197229
"Spatial validation cohort","IDHmut-intact",99,"CR-ViT","ibs",0.15923907161648257
"Spatial validation cohort","IDHmut-intact",100,"CR-ViT","ibs",0.13685464040781598
"Spatial validation cohort","IDHmut-codel",1,"3D-CNN","cindex",0.6138055492894203
"Spatial validation cohort","IDHmut-codel",2,"3D-CNN","cindex",0.6476661647666164
"Spatial validation cohort","IDHmut-codel",3,"3D-CNN","cindex",0.6084114186097189
"Spatial validation cohort","IDHmut-codel",4,"3D-CNN","cindex",0.5781901584653878
"Spatial validation cohort","IDHmut-codel",5,"3D-CNN","cindex",0.5511486779367143
"Spatial validation cohort","IDHmut-codel",6,"3D-CNN","cindex",0.60646078829744
"Spatial validation cohort","IDHmut-codel",7,"3D-CNN","cindex",0.5890516576715497
"Spatial validation cohort","IDHmut-codel",8,"3D-CNN","cindex",0.5618972643180477
"Spatial validation cohort","IDHmut-codel",9,"3D-CNN","cindex",0.5741311042674879
"Spatial validation cohort","IDHmut-codel",10,"3D-CNN","cindex",0.6342857142857143
"Spatial validation cohort","IDHmut-codel",11,"3D-CNN","cindex",0.5986064189189189
"Spatial validation cohort","IDHmut-codel",12,"3D-CNN","cindex",0.5551563820794589
"Spatial validation cohort","IDHmut-codel",13,"3D-CNN","cindex",0.5416112735974474
"Spatial validation cohort","IDHmut-codel",14,"3D-CNN","cindex",0.610974610974611
"Spatial validation cohort","IDHmut-codel",15,"3D-CNN","cindex",0.6678412027249236
"Spatial validation cohort","IDHmut-codel",16,"3D-CNN","cindex",0.5209927225228588
"Spatial validation cohort","IDHmut-codel",17,"3D-CNN","cindex",0.6335137573297248
"Spatial validation cohort","IDHmut-codel",18,"3D-CNN","cindex",0.6522923286427599
"Spatial validation cohort","IDHmut-codel",19,"3D-CNN","cindex",0.6492537313432836
"Spatial validation cohort","IDHmut-codel",20,"3D-CNN","cindex",0.5007956353716754
"Spatial validation cohort","IDHmut-codel",21,"3D-CNN","cindex",0.5898932957519629
"Spatial validation cohort","IDHmut-codel",22,"3D-CNN","cindex",0.594075079149706
"Spatial validation cohort","IDHmut-codel",23,"3D-CNN","cindex",0.5283420390791256
"Spatial validation cohort","IDHmut-codel",24,"3D-CNN","cindex",0.6074060079350085
"Spatial validation cohort","IDHmut-codel",25,"3D-CNN","cindex",0.6087954110898661
"Spatial validation cohort","IDHmut-codel",26,"3D-CNN","cindex",0.6218863104109006
"Spatial validation cohort","IDHmut-codel",27,"3D-CNN","cindex",0.5261044176706827
"Spatial validation cohort","IDHmut-codel",28,"3D-CNN","cindex",0.5651915062512403
"Spatial validation cohort","IDHmut-codel",29,"3D-CNN","cindex",0.5503278056305438
"Spatial validation cohort","IDHmut-codel",30,"3D-CNN","cindex",0.6036002250140634
"Spatial validation cohort","IDHmut-codel",31,"3D-CNN","cindex",0.5805347593582888
"Spatial validation cohort","IDHmut-codel",32,"3D-CNN","cindex",0.5302040007922361
"Spatial validation cohort","IDHmut-codel",33,"3D-CNN","cindex",0.5806384742951907
"Spatial validation cohort","IDHmut-codel",34,"3D-CNN","cindex",0.6151046405823476
"Spatial validation cohort","IDHmut-codel",35,"3D-CNN","cindex",0.6257653686015185
"Spatial validation cohort","IDHmut-codel",36,"3D-CNN","cindex",0.4962230215827338
"Spatial validation cohort","IDHmut-codel",37,"3D-CNN","cindex",0.5508510638297872
"Spatial validation cohort","IDHmut-codel",38,"3D-CNN","cindex",0.549558390578999
"Spatial validation cohort","IDHmut-codel",39,"3D-CNN","cindex",0.5742645300167424
"Spatial validation cohort","IDHmut-codel",40,"3D-CNN","cindex",0.5884903429247142
"Spatial validation cohort","IDHmut-codel",41,"3D-CNN","cindex",0.6218905472636815
"Spatial validation cohort","IDHmut-codel",42,"3D-CNN","cindex",0.6300206564149644
"Spatial validation cohort","IDHmut-codel",43,"3D-CNN","cindex",0.6429809358752167
"Spatial validation cohort","IDHmut-codel",44,"3D-CNN","cindex",0.6432172318973419
"Spatial validation cohort","IDHmut-codel",45,"3D-CNN","cindex",0.5682010135135135
"Spatial validation cohort","IDHmut-codel",46,"3D-CNN","cindex",0.566612791503117
"Spatial validation cohort","IDHmut-codel",47,"3D-CNN","cindex",0.585116455216815
"Spatial validation cohort","IDHmut-codel",48,"3D-CNN","cindex",0.5688634192932187
"Spatial validation cohort","IDHmut-codel",49,"3D-CNN","cindex",0.6392711765846094
"Spatial validation cohort","IDHmut-codel",50,"3D-CNN","cindex",0.615863453815261
"Spatial validation cohort","IDHmut-codel",51,"3D-CNN","cindex",0.5925050027287612
"Spatial validation cohort","IDHmut-codel",52,"3D-CNN","cindex",0.582880926529135
"Spatial validation cohort","IDHmut-codel",53,"3D-CNN","cindex",0.671841310909875
"Spatial validation cohort","IDHmut-codel",54,"3D-CNN","cindex",0.5708492366412214
"Spatial validation cohort","IDHmut-codel",55,"3D-CNN","cindex",0.637651300540819
"Spatial validation cohort","IDHmut-codel",56,"3D-CNN","cindex",0.5836393308853529
"Spatial validation cohort","IDHmut-codel",57,"3D-CNN","cindex",0.5499087829033098
"Spatial validation cohort","IDHmut-codel",58,"3D-CNN","cindex",0.6052014495843103
"Spatial validation cohort","IDHmut-codel",59,"3D-CNN","cindex",0.6227235099337749
"Spatial validation cohort","IDHmut-codel",60,"3D-CNN","cindex",0.5602726387536514
"Spatial validation cohort","IDHmut-codel",61,"3D-CNN","cindex",0.5641791044776119
"Spatial validation cohort","IDHmut-codel",62,"3D-CNN","cindex",0.577325696227533
"Spatial validation cohort","IDHmut-codel",63,"3D-CNN","cindex",0.6134032911996183
"Spatial validation cohort","IDHmut-codel",64,"3D-CNN","cindex",0.58348095659876
"Spatial validation cohort","IDHmut-codel",65,"3D-CNN","cindex",0.5485852160561526
"Spatial validation cohort","IDHmut-codel",66,"3D-CNN","cindex",0.5867080023251308
"Spatial validation cohort","IDHmut-codel",67,"3D-CNN","cindex",0.587578947368421
"Spatial validation cohort","IDHmut-codel",68,"3D-CNN","cindex",0.6114482200647249
"Spatial validation cohort","IDHmut-codel",69,"3D-CNN","cindex",0.6502242152466368
"Spatial validation cohort","IDHmut-codel",70,"3D-CNN","cindex",0.621332349141908
"Spatial validation cohort","IDHmut-codel",71,"3D-CNN","cindex",0.6036785636084957
"Spatial validation cohort","IDHmut-codel",72,"3D-CNN","cindex",0.5316150565547932
"Spatial validation cohort","IDHmut-codel",73,"3D-CNN","cindex",0.5334163553341635
"Spatial validation cohort","IDHmut-codel",74,"3D-CNN","cindex",0.5918057663125948
"Spatial validation cohort","IDHmut-codel",75,"3D-CNN","cindex",0.5672358591248666
"Spatial validation cohort","IDHmut-codel",76,"3D-CNN","cindex",0.602156432748538
"Spatial validation cohort","IDHmut-codel",77,"3D-CNN","cindex",0.570828729281768
"Spatial validation cohort","IDHmut-codel",78,"3D-CNN","cindex",0.577985297039539
"Spatial validation cohort","IDHmut-codel",79,"3D-CNN","cindex",0.6106609808102346
"Spatial validation cohort","IDHmut-codel",80,"3D-CNN","cindex",0.5891165454946024
"Spatial validation cohort","IDHmut-codel",81,"3D-CNN","cindex",0.5950832994717594
"Spatial validation cohort","IDHmut-codel",82,"3D-CNN","cindex",0.5935882118677818
"Spatial validation cohort","IDHmut-codel",83,"3D-CNN","cindex",0.495482546201232
"Spatial validation cohort","IDHmut-codel",84,"3D-CNN","cindex",0.5146975692481628
"Spatial validation cohort","IDHmut-codel",85,"3D-CNN","cindex",0.6169821723947804
"Spatial validation cohort","IDHmut-codel",86,"3D-CNN","cindex",0.5259950485621787
"Spatial validation cohort","IDHmut-codel",87,"3D-CNN","cindex",0.5873254564983889
"Spatial validation cohort","IDHmut-codel",88,"3D-CNN","cindex",0.5666382978723404
"Spatial validation cohort","IDHmut-codel",89,"3D-CNN","cindex",0.6119590590770336
"Spatial validation cohort","IDHmut-codel",90,"3D-CNN","cindex",0.6307229980555065
"Spatial validation cohort","IDHmut-codel",91,"3D-CNN","cindex",0.5336257309941521
"Spatial validation cohort","IDHmut-codel",92,"3D-CNN","cindex",0.5862204724409449
"Spatial validation cohort","IDHmut-codel",93,"3D-CNN","cindex",0.5351201478743068
"Spatial validation cohort","IDHmut-codel",94,"3D-CNN","cindex",0.632053207466209
"Spatial validation cohort","IDHmut-codel",95,"3D-CNN","cindex",0.626394953905871
"Spatial validation cohort","IDHmut-codel",96,"3D-CNN","cindex",0.669384252306372
"Spatial validation cohort","IDHmut-codel",97,"3D-CNN","cindex",0.5390166892196662
"Spatial validation cohort","IDHmut-codel",98,"3D-CNN","cindex",0.6434707903780068
"Spatial validation cohort","IDHmut-codel",99,"3D-CNN","cindex",0.5792529025744573
"Spatial validation cohort","IDHmut-codel",100,"3D-CNN","cindex",0.6559663493469117
"Spatial validation cohort","IDHmut-codel",1,"Clinicoradiologic","cindex",0.6600496277915633
"Spatial validation cohort","IDHmut-codel",2,"Clinicoradiologic","cindex",0.696708969670897
"Spatial validation cohort","IDHmut-codel",3,"Clinicoradiologic","cindex",0.5779036827195467
"Spatial validation cohort","IDHmut-codel",4,"Clinicoradiologic","cindex",0.6005004170141786
"Spatial validation cohort","IDHmut-codel",5,"Clinicoradiologic","cindex",0.6132423060251408
"Spatial validation cohort","IDHmut-codel",6,"Clinicoradiologic","cindex",0.5235676554246241
"Spatial validation cohort","IDHmut-codel",7,"Clinicoradiologic","cindex",0.7102929838087895
"Spatial validation cohort","IDHmut-codel",8,"Clinicoradiologic","cindex",0.7293839795315883
"Spatial validation cohort","IDHmut-codel",9,"Clinicoradiologic","cindex",0.6011878574571051
"Spatial validation cohort","IDHmut-codel",10,"Clinicoradiologic","cindex",0.6310989010989011
"Spatial validation cohort","IDHmut-codel",11,"Clinicoradiologic","cindex",0.6209881756756757
"Spatial validation cohort","IDHmut-codel",12,"Clinicoradiologic","cindex",0.6160185967878276
"Spatial validation cohort","IDHmut-codel",13,"Clinicoradiologic","cindex",0.565541079500133
"Spatial validation cohort","IDHmut-codel",14,"Clinicoradiologic","cindex",0.6126126126126126
"Spatial validation cohort","IDHmut-codel",15,"Clinicoradiologic","cindex",0.5799859055673009
"Spatial validation cohort","IDHmut-codel",16,"Clinicoradiologic","cindex",0.6040306027243889
"Spatial validation cohort","IDHmut-codel",17,"Clinicoradiologic","cindex",0.5868290482634191
"Spatial validation cohort","IDHmut-codel",18,"Clinicoradiologic","cindex",0.6162051747616886
"Spatial validation cohort","IDHmut-codel",19,"Clinicoradiologic","cindex",0.6370824449182658
"Spatial validation cohort","IDHmut-codel",20,"Clinicoradiologic","cindex",0.655830870652421
"Spatial validation cohort","IDHmut-codel",21,"Clinicoradiologic","cindex",0.6355949265149989
"Spatial validation cohort","IDHmut-codel",22,"Clinicoradiologic","cindex",0.655359565807327
"Spatial validation cohort","IDHmut-codel",23,"Clinicoradiologic","cindex",0.6256529309344168
"Spatial validation cohort","IDHmut-codel",24,"Clinicoradiologic","cindex",0.6455696202531646
"Spatial validation cohort","IDHmut-codel",25,"Clinicoradiologic","cindex",0.5794455066921607
"Spatial validation cohort","IDHmut-codel",26,"Clinicoradiologic","cindex",0.5908026399829678
"Spatial validation cohort","IDHmut-codel",27,"Clinicoradiologic","cindex",0.680946006247211
"Spatial validation cohort","IDHmut-codel",28,"Clinicoradiologic","cindex",0.5899980154792618
"Spatial validation cohort","IDHmut-codel",29,"Clinicoradiologic","cindex",0.6248553798688777
"Spatial validation cohort","IDHmut-codel",30,"Clinicoradiologic","cindex",0.6279767485467842
"Spatial validation cohort","IDHmut-codel",31,"Clinicoradiologic","cindex",0.6459893048128342
"Spatial validation cohort","IDHmut-codel",32,"Clinicoradiologic","cindex",0.6695385224796989
"Spatial validation cohort","IDHmut-codel",33,"Clinicoradiologic","cindex",0.6119402985074627
"Spatial validation cohort","IDHmut-codel",34,"Clinicoradiologic","cindex",0.6247497725204731
"Spatial validation cohort","IDHmut-codel",35,"Clinicoradiologic","cindex",0.6967915748224345
"Spatial validation cohort","IDHmut-codel",36,"Clinicoradiologic","cindex",0.6462230215827338
"Spatial validation cohort","IDHmut-codel",37,"Clinicoradiologic","cindex",0.6555319148936171
"Spatial validation cohort","IDHmut-codel",38,"Clinicoradiologic","cindex",0.6026741903827282
"Spatial validation cohort","IDHmut-codel",39,"Clinicoradiologic","cindex",0.6228175077732601
"Spatial validation cohort","IDHmut-codel",40,"Clinicoradiologic","cindex",0.6509657075285771
"Spatial validation cohort","IDHmut-codel",41,"Clinicoradiologic","cindex",0.6101990049751244
"Spatial validation cohort","IDHmut-codel",42,"Clinicoradiologic","cindex",0.6256598577002525
"Spatial validation cohort","IDHmut-codel",43,"Clinicoradiologic","cindex",0.6299826689774697
"Spatial validation cohort","IDHmut-codel",44,"Clinicoradiologic","cindex",0.601512373968836
"Spatial validation cohort","IDHmut-codel",45,"Clinicoradiologic","cindex",0.60546875
"Spatial validation cohort","IDHmut-codel",46,"Clinicoradiologic","cindex",0.5731932579081044
"Spatial validation cohort","IDHmut-codel",47,"Clinicoradiologic","cindex",0.6782806286688128
"Spatial validation cohort","IDHmut-codel",48,"Clinicoradiologic","cindex",0.6160458452722063
"Spatial validation cohort","IDHmut-codel",49,"Clinicoradiologic","cindex",0.6710602830005815
"Spatial validation cohort","IDHmut-codel",50,"Clinicoradiologic","cindex",0.6985943775100402
"Spatial validation cohort","IDHmut-codel",51,"Clinicoradiologic","cindex",0.6565399308713844
"Spatial validation cohort","IDHmut-codel",52,"Clinicoradiologic","cindex",0.6147303655446978
"Spatial validation cohort","IDHmut-codel",53,"Clinicoradiologic","cindex",0.6420871065114273
"Spatial validation cohort","IDHmut-codel",54,"Clinicoradiologic","cindex",0.6300095419847328
"Spatial validation cohort","IDHmut-codel",55,"Clinicoradiologic","cindex",0.6628895184135977
"Spatial validation cohort","IDHmut-codel",56,"Clinicoradiologic","cindex",0.6321909424724602
"Spatial validation cohort","IDHmut-codel",57,"Clinicoradiologic","cindex",0.6419077404222049
"Spatial validation cohort","IDHmut-codel",58,"Clinicoradiologic","cindex",0.6171392027286293
"Spatial validation cohort","IDHmut-codel",59,"Clinicoradiologic","cindex",0.5844370860927153
"Spatial validation cohort","IDHmut-codel",60,"Clinicoradiologic","cindex",0.5265822784810126
"Spatial validation cohort","IDHmut-codel",61,"Clinicoradiologic","cindex",0.6498134328358209
"Spatial validation cohort","IDHmut-codel",62,"Clinicoradiologic","cindex",0.6440845348607545
"Spatial validation cohort","IDHmut-codel",63,"Clinicoradiologic","cindex",0.667779632721202
"Spatial validation cohort","IDHmut-codel",64,"Clinicoradiologic","cindex",0.670947741364039
"Spatial validation cohort","IDHmut-codel",65,"Clinicoradiologic","cindex",0.6538714630401403
"Spatial validation cohort","IDHmut-codel",66,"Clinicoradiologic","cindex",0.6148033326874637
"Spatial validation cohort","IDHmut-codel",67,"Clinicoradiologic","cindex",0.5749473684210527
"Spatial validation cohort","IDHmut-codel",68,"Clinicoradiologic","cindex",0.5963794498381877
"Spatial validation cohort","IDHmut-codel",69,"Clinicoradiologic","cindex",0.6842521762068056
"Spatial validation cohort","IDHmut-codel",70,"Clinicoradiologic","cindex",0.5897767115704005
"Spatial validation cohort","IDHmut-codel",71,"Clinicoradiologic","cindex",0.6481278738778191
"Spatial validation cohort","IDHmut-codel",72,"Clinicoradiologic","cindex",0.5809382532913036
"Spatial validation cohort","IDHmut-codel",73,"Clinicoradiologic","cindex",0.6907430469074305
"Spatial validation cohort","IDHmut-codel",74,"Clinicoradiologic","cindex",0.7229568610448732
"Spatial validation cohort","IDHmut-codel",75,"Clinicoradiologic","cindex",0.6814300960512273
"Spatial validation cohort","IDHmut-codel",76,"Clinicoradiologic","cindex",0.6452850877192983
"Spatial validation cohort","IDHmut-codel",77,"Clinicoradiologic","cindex",0.6519337016574586
"Spatial validation cohort","IDHmut-codel",78,"Clinicoradiologic","cindex",0.6218954897675343
"Spatial validation cohort","IDHmut-codel",79,"Clinicoradiologic","cindex",0.6673773987206824
"Spatial validation cohort","IDHmut-codel",80,"Clinicoradiologic","cindex",0.6208415950649923
"Spatial validation cohort","IDHmut-codel",81,"Clinicoradiologic","cindex",0.6009752133279155
"Spatial validation cohort","IDHmut-codel",82,"Clinicoradiologic","cindex",0.6157905217045002
"Spatial validation cohort","IDHmut-codel",83,"Clinicoradiologic","cindex",0.6944558521560575
"Spatial validation cohort","IDHmut-codel",84,"Clinicoradiologic","cindex",0.5929903900508762
"Spatial validation cohort","IDHmut-codel",85,"Clinicoradiologic","cindex",0.5780187465539424
"Spatial validation cohort","IDHmut-codel",86,"Clinicoradiologic","cindex",0.6377832793753571
"Spatial validation cohort","IDHmut-codel",87,"Clinicoradiologic","cindex",0.6210526315789473
"Spatial validation cohort","IDHmut-codel",88,"Clinicoradiologic","cindex",0.5814468085106383
"Spatial validation cohort","IDHmut-codel",89,"Clinicoradiologic","cindex",0.6004668701741784
"Spatial validation cohort","IDHmut-codel",90,"Clinicoradiologic","cindex",0.6400919215131695
"Spatial validation cohort","IDHmut-codel",91,"Clinicoradiologic","cindex",0.564327485380117
"Spatial validation cohort","IDHmut-codel",92,"Clinicoradiologic","cindex",0.5883858267716535
"Spatial validation cohort","IDHmut-codel",93,"Clinicoradiologic","cindex",0.6301293900184843
"Spatial validation cohort","IDHmut-codel",94,"Clinicoradiologic","cindex",0.6635915039691054
"Spatial validation cohort","IDHmut-codel",95,"Clinicoradiologic","cindex",0.6637554585152838
"Spatial validation cohort","IDHmut-codel",96,"Clinicoradiologic","cindex",0.5942930701566187
"Spatial validation cohort","IDHmut-codel",97,"Clinicoradiologic","cindex",0.6338520523229589
"Spatial validation cohort","IDHmut-codel",98,"Clinicoradiologic","cindex",0.5698024054982818
"Spatial validation cohort","IDHmut-codel",99,"Clinicoradiologic","cindex",0.6650681474003028
"Spatial validation cohort","IDHmut-codel",100,"Clinicoradiologic","cindex",0.6571839716626079
"Spatial validation cohort","IDHmut-codel",1,"3D-ViT","cindex",0.6995262801714415
"Spatial validation cohort","IDHmut-codel",2,"3D-ViT","cindex",0.7043450204345021
"Spatial validation cohort","IDHmut-codel",3,"3D-ViT","cindex",0.6582044018304641
"Spatial validation cohort","IDHmut-codel",4,"3D-ViT","cindex",0.6317764804003336
"Spatial validation cohort","IDHmut-codel",5,"3D-ViT","cindex",0.5727134807108799
"Spatial validation cohort","IDHmut-codel",6,"3D-ViT","cindex",0.6615197074360016
"Spatial validation cohort","IDHmut-codel",7,"3D-ViT","cindex",0.6513107170393215
"Spatial validation cohort","IDHmut-codel",8,"3D-ViT","cindex",0.6262546742767172
"Spatial validation cohort","IDHmut-codel",9,"3D-ViT","cindex",0.6065772107347118
"Spatial validation cohort","IDHmut-codel",10,"3D-ViT","cindex",0.6678021978021977
"Spatial validation cohort","IDHmut-codel",11,"3D-ViT","cindex",0.6660684121621622
"Spatial validation cohort","IDHmut-codel",12,"3D-ViT","cindex",0.6293322062552832
"Spatial validation cohort","IDHmut-codel",13,"3D-ViT","cindex",0.6365328370114332
"Spatial validation cohort","IDHmut-codel",14,"3D-ViT","cindex",0.6537674037674037
"Spatial validation cohort","IDHmut-codel",15,"3D-ViT","cindex",0.6952078928823116
"Spatial validation cohort","IDHmut-codel",16,"3D-ViT","cindex",0.5966598245941407
"Spatial validation cohort","IDHmut-codel",17,"3D-ViT","cindex",0.6562922868741543
"Spatial validation cohort","IDHmut-codel",18,"3D-ViT","cindex",0.7115297321833863
"Spatial validation cohort","IDHmut-codel",19,"3D-ViT","cindex",0.714729921819474
"Spatial validation cohort","IDHmut-codel",20,"3D-ViT","cindex",0.5811548079108888
"Spatial validation cohort","IDHmut-codel",21,"3D-ViT","cindex",0.6570364405073486
"Spatial validation cohort","IDHmut-codel",22,"3D-ViT","cindex",0.685888738127544
"Spatial validation cohort","IDHmut-codel",23,"3D-ViT","cindex",0.6272006190752564
"Spatial validation cohort","IDHmut-codel",24,"3D-ViT","cindex",0.6655016058945777
"Spatial validation cohort","IDHmut-codel",25,"3D-ViT","cindex",0.6679732313575526
"Spatial validation cohort","IDHmut-codel",26,"3D-ViT","cindex",0.6522248243559718
"Spatial validation cohort","IDHmut-codel",27,"3D-ViT","cindex",0.643462739848282
"Spatial validation cohort","IDHmut-codel",28,"3D-ViT","cindex",0.6520142885493153
"Spatial validation cohort","IDHmut-codel",29,"3D-ViT","cindex",0.6063440030852294
"Spatial validation cohort","IDHmut-codel",30,"3D-ViT","cindex",0.6505719107444216
"Spatial validation cohort","IDHmut-codel",31,"3D-ViT","cindex",0.6651336898395722
"Spatial validation cohort","IDHmut-codel",32,"3D-ViT","cindex",0.5991285403050108
"Spatial validation cohort","IDHmut-codel",33,"3D-ViT","cindex",0.6574419568822554
"Spatial validation cohort","IDHmut-codel",34,"3D-ViT","cindex",0.6493175614194723
"Spatial validation cohort","IDHmut-codel",35,"3D-ViT","cindex",0.6928728875826597
"Spatial validation cohort","IDHmut-codel",36,"3D-ViT","cindex",0.5941546762589929
"Spatial validation cohort","IDHmut-codel",37,"3D-ViT","cindex",0.6388297872340425
"Spatial validation cohort","IDHmut-codel",38,"3D-ViT","cindex",0.6004661432777232
"Spatial validation cohort","IDHmut-codel",39,"3D-ViT","cindex",0.6225783305429323
"Spatial validation cohort","IDHmut-codel",40,"3D-ViT","cindex",0.6436736302719748
"Spatial validation cohort","IDHmut-codel",41,"3D-ViT","cindex",0.6708955223880597
"Spatial validation cohort","IDHmut-codel",42,"3D-ViT","cindex",0.6946293321092495
"Spatial validation cohort","IDHmut-codel",43,"3D-ViT","cindex",0.7243404583092625
"Spatial validation cohort","IDHmut-codel",44,"3D-ViT","cindex",0.6877864344637947
"Spatial validation cohort","IDHmut-codel",45,"3D-ViT","cindex",0.6631123310810811
"Spatial validation cohort","IDHmut-codel",46,"3D-ViT","cindex",0.6391133687370123
"Spatial validation cohort","IDHmut-codel",47,"3D-ViT","cindex",0.6509183866691914
"Spatial validation cohort","IDHmut-codel",48,"3D-ViT","cindex",0.6561604584527221
"Spatial validation cohort","IDHmut-codel",49,"3D-ViT","cindex",0.7151579763520062
"Spatial validation cohort","IDHmut-codel",50,"3D-ViT","cindex",0.6654618473895583
"Spatial validation cohort","IDHmut-codel",51,"3D-ViT","cindex",0.6673640167364017
"Spatial validation cohort","IDHmut-codel",52,"3D-ViT","cindex",0.6403365906623235
"Spatial validation cohort","IDHmut-codel",53,"3D-ViT","cindex",0.7363087537731781
"Spatial validation cohort","IDHmut-codel",54,"3D-ViT","cindex",0.6468272900763359
"Spatial validation cohort","IDHmut-codel",55,"3D-ViT","cindex",0.6805305176409993
"Spatial validation cohort","IDHmut-codel",56,"3D-ViT","cindex",0.6805385556915544
"Spatial validation cohort","IDHmut-codel",57,"3D-ViT","cindex",0.5981235340109461
"Spatial validation cohort","IDHmut-codel",58,"3D-ViT","cindex",0.6513536559369004
"Spatial validation cohort","IDHmut-codel",59,"3D-ViT","cindex",0.7084023178807947
"Spatial validation cohort","IDHmut-codel",60,"3D-ViT","cindex",0.6263875365141188
"Spatial validation cohort","IDHmut-codel",61,"3D-ViT","cindex",0.6479477611940299
"Spatial validation cohort","IDHmut-codel",62,"3D-ViT","cindex",0.6503061426031997
"Spatial validation cohort","IDHmut-codel",63,"3D-ViT","cindex",0.6844741235392321
"Spatial validation cohort","IDHmut-codel",64,"3D-ViT","cindex",0.650022143489814
"Spatial validation cohort","IDHmut-codel",65,"3D-ViT","cindex",0.6284272866856767
"Spatial validation cohort","IDHmut-codel",66,"3D-ViT","cindex",0.6474520441774849
"Spatial validation cohort","IDHmut-codel",67,"3D-ViT","cindex",0.6470526315789473
"Spatial validation cohort","IDHmut-codel",68,"3D-ViT","cindex",0.6783980582524272
"Spatial validation cohort","IDHmut-codel",69,"3D-ViT","cindex",0.7343708783962015
"Spatial validation cohort","IDHmut-codel",70,"3D-ViT","cindex",0.6721719874515593
"Spatial validation cohort","IDHmut-codel",71,"3D-ViT","cindex",0.6393693890956864
"Spatial validation cohort","IDHmut-codel",72,"3D-ViT","cindex",0.5838123493417393
"Spatial validation cohort","IDHmut-codel",73,"3D-ViT","cindex",0.6176836861768369
"Spatial validation cohort","IDHmut-codel",74,"3D-ViT","cindex",0.6785172339041838
"Spatial validation cohort","IDHmut-codel",75,"3D-ViT","cindex",0.6464781216648879
"Spatial validation cohort","IDHmut-codel",76,"3D-ViT","cindex",0.67671783625731
"Spatial validation cohort","IDHmut-codel",77,"3D-ViT","cindex",0.6238674033149172
"Spatial validation cohort","IDHmut-codel",78,"3D-ViT","cindex",0.6372938605205642
"Spatial validation cohort","IDHmut-codel",79,"3D-ViT","cindex",0.6659914712153518
"Spatial validation cohort","IDHmut-codel",80,"3D-ViT","cindex",0.64838070059484465
"Spatial validation cohort","IDHmut-codel",81,"3D-ViT","cindex",0.6393742381145876
"Spatial validation cohort","IDHmut-codel",82,"3D-ViT","cindex",0.676921545201115
"Spatial validation cohort","IDHmut-codel",83,"3D-ViT","cindex",0.6300821355236139
"Spatial validation cohort","IDHmut-codel",84,"3D-ViT","cindex",0.5765969474279253
"Spatial validation cohort","IDHmut-codel",85,"3D-ViT","cindex",0.6769895239845617
"Spatial validation cohort","IDHmut-codel",86,"3D-ViT","cindex",0.5961721576842507
"Spatial validation cohort","IDHmut-codel",87,"3D-ViT","cindex",0.6532760472610096
"Spatial validation cohort","IDHmut-codel",88,"3D-ViT","cindex",0.6133617021276596
"Spatial validation cohort","IDHmut-codel",89,"3D-ViT","cindex",0.6785778416232717
"Spatial validation cohort","IDHmut-codel",90,"3D-ViT","cindex",0.7185787519886866
"Spatial validation cohort","IDHmut-codel",91,"3D-ViT","cindex",0.579556530214425
"Spatial validation cohort","IDHmut-codel",92,"3D-ViT","cindex",0.6280511811023622
"Spatial validation cohort","IDHmut-codel",93,"3D-ViT","cindex",0.5949168207024029
"Spatial validation cohort","IDHmut-codel",94,"3D-ViT","cindex",0.6644496889079596
"Spatial validation cohort","IDHmut-codel",95,"3D-ViT","cindex",0.7433284813197477
"Spatial validation cohort","IDHmut-codel",96,"3D-ViT","cindex",0.723128084102124
"Spatial validation cohort","IDHmut-codel",97,"3D-ViT","cindex",0.5900992331980153
"Spatial validation cohort","IDHmut-codel",98,"3D-ViT","cindex",0.6964132302405498
"Spatial validation cohort","IDHmut-codel",99,"3D-ViT","cindex",0.6023472993437657
"Spatial validation cohort","IDHmut-codel",100,"3D-ViT","cindex",0.7061102501660395
"Spatial validation cohort","IDHmut-codel",1,"CR-ViT","cindex",0.7568238213399503
"Spatial validation cohort","IDHmut-codel",2,"CR-ViT","cindex",0.7689825768982577
"Spatial validation cohort","IDHmut-codel",3,"CR-ViT","cindex",0.6685552407932012
"Spatial validation cohort","IDHmut-codel",4,"CR-ViT","cindex",0.6720183486238532
"Spatial validation cohort","IDHmut-codel",5,"CR-ViT","cindex",0.6326397919375812
"Spatial validation cohort","IDHmut-codel",6,"CR-ViT","cindex",0.6448598130841121
"Spatial validation cohort","IDHmut-codel",7,"CR-ViT","cindex",0.7322667694680031
"Spatial validation cohort","IDHmut-codel",8,"CR-ViT","cindex",0.7524109427278095
"Spatial validation cohort","IDHmut-codel",9,"CR-ViT","cindex",0.6621205455345358
"Spatial validation cohort","IDHmut-codel",10,"CR-ViT","cindex",0.7184615384615385
"Spatial validation cohort","IDHmut-codel",11,"CR-ViT","cindex",0.7115709459459459
"Spatial validation cohort","IDHmut-codel",12,"CR-ViT","cindex",0.6760355029585798
"Spatial validation cohort","IDHmut-codel",13,"CR-ViT","cindex",0.6673756979526722
"Spatial validation cohort","IDHmut-codel",14,"CR-ViT","cindex",0.6902129402129402
"Spatial validation cohort","IDHmut-codel",15,"CR-ViT","cindex",0.6770025839793281
"Spatial validation cohort","IDHmut-codel",16,"CR-ViT","cindex",0.6833364433662996
"Spatial validation cohort","IDHmut-codel",17,"CR-ViT","cindex",0.6777176364456473
"Spatial validation cohort","IDHmut-codel",18,"CR-ViT","cindex",0.7142532909668634
"Spatial validation cohort","IDHmut-codel",19,"CR-ViT","cindex",0.7585287846481876
"Spatial validation cohort","IDHmut-codel",20,"CR-ViT","cindex",0.6733348488292794
"Spatial validation cohort","IDHmut-codel",21,"CR-ViT","cindex",0.7135091604590296
"Spatial validation cohort","IDHmut-codel",22,"CR-ViT","cindex",0.7349615558570782
"Spatial validation cohort","IDHmut-codel",23,"CR-ViT","cindex",0.673244341265235
"Spatial validation cohort","IDHmut-codel",24,"CR-ViT","cindex",0.7156621953523522
"Spatial validation cohort","IDHmut-codel",25,"CR-ViT","cindex",0.6560229445506692
"Spatial validation cohort","IDHmut-codel",26,"CR-ViT","cindex",0.689589099425165
"Spatial validation cohort","IDHmut-codel",27,"CR-ViT","cindex",0.7460954930834449
"Spatial validation cohort","IDHmut-codel",28,"CR-ViT","cindex",0.6695772970827545
"Spatial validation cohort","IDHmut-codel",29,"CR-ViT","cindex",0.6764365599691478
"Spatial validation cohort","IDHmut-codel",30,"CR-ViT","cindex",0.6834802175135946
"Spatial validation cohort","IDHmut-codel",31,"CR-ViT","cindex",0.7155080213903744
"Spatial validation cohort","IDHmut-codel",32,"CR-ViT","cindex",0.6676569617746089
"Spatial validation cohort","IDHmut-codel",33,"CR-ViT","cindex",0.6807628524046434
"Spatial validation cohort","IDHmut-codel",34,"CR-ViT","cindex",0.7013648771610554
"Spatial validation cohort","IDHmut-codel",35,"CR-ViT","cindex",0.7590007347538574
"Spatial validation cohort","IDHmut-codel",36,"CR-ViT","cindex",0.6780575539568345
"Spatial validation cohort","IDHmut-codel",37,"CR-ViT","cindex",0.7214893617021276
"Spatial validation cohort","IDHmut-codel",38,"CR-ViT","cindex",0.672963689892051
"Spatial validation cohort","IDHmut-codel",39,"CR-ViT","cindex",0.6594116240133939
"Spatial validation cohort","IDHmut-codel",40,"CR-ViT","cindex",0.7280252266456444
"Spatial validation cohort","IDHmut-codel",41,"CR-ViT","cindex",0.713681592039801
"Spatial validation cohort","IDHmut-codel",42,"CR-ViT","cindex",0.7369749827863209
"Spatial validation cohort","IDHmut-codel",43,"CR-ViT","cindex",0.7415751973810899
"Spatial validation cohort","IDHmut-codel",44,"CR-ViT","cindex",0.6590284142988084
"Spatial validation cohort","IDHmut-codel",45,"CR-ViT","cindex",0.6809543918918919
"Spatial validation cohort","IDHmut-codel",46,"CR-ViT","cindex",0.6725929346571231
"Spatial validation cohort","IDHmut-codel",47,"CR-ViT","cindex",0.7295966672978602
"Spatial validation cohort","IDHmut-codel",48,"CR-ViT","cindex",0.7155682903533906
"Spatial validation cohort","IDHmut-codel",49,"CR-ViT","cindex",0.7480131808490018
"Spatial validation cohort","IDHmut-codel",50,"CR-ViT","cindex",0.7459839357429718
"Spatial validation cohort","IDHmut-codel",51,"CR-ViT","cindex",0.713116245224668
"Spatial validation cohort","IDHmut-codel",52,"CR-ViT","cindex",0.7090119435396308
"Spatial validation cohort","IDHmut-codel",53,"CR-ViT","cindex",0.7552824493316084
"Spatial validation cohort","IDHmut-codel",54,"CR-ViT","cindex",0.704675572519084
"Spatial validation cohort","IDHmut-codel",55,"CR-ViT","cindex",0.773371104815864
"Spatial validation cohort","IDHmut-codel",56,"CR-ViT","cindex",0.7327621379028968
"Spatial validation cohort","IDHmut-codel",57,"CR-ViT","cindex",0.6815220224133438
"Spatial validation cohort","IDHmut-codel",58,"CR-ViT","cindex",0.6544446813046259
"Spatial validation cohort","IDHmut-codel",59,"CR-ViT","cindex",0.7092301324503312
"Spatial validation cohort","IDHmut-codel",60,"CR-ViT","cindex",0.6313534566699124
"Spatial validation cohort","IDHmut-codel",61,"CR-ViT","cindex",0.6972014925373134
"Spatial validation cohort","IDHmut-codel",62,"CR-ViT","cindex",0.72091645269603
"Spatial validation cohort","IDHmut-codel",63,"CR-ViT","cindex",0.7419508704984498
"Spatial validation cohort","IDHmut-codel",64,"CR-ViT","cindex",0.7015057573073517
"Spatial validation cohort","IDHmut-codel",65,"CR-ViT","cindex",0.688528186005703
"Spatial validation cohort","IDHmut-codel",66,"CR-ViT","cindex",0.6944390621972486
"Spatial validation cohort","IDHmut-codel",67,"CR-ViT","cindex",0.6743157894736842
"Spatial validation cohort","IDHmut-codel",68,"CR-ViT","cindex",0.6824433656957929
"Spatial validation cohort","IDHmut-codel",69,"CR-ViT","cindex",0.7942495383803746
"Spatial validation cohort","IDHmut-codel",70,"CR-ViT","cindex",0.7141539029341206
"Spatial validation cohort","IDHmut-codel",71,"CR-ViT","cindex",0.7538865776220713
"Spatial validation cohort","IDHmut-codel",72,"CR-ViT","cindex",0.6267383645466346
"Spatial validation cohort","IDHmut-codel",73,"CR-ViT","cindex",0.7102532171025322
"Spatial validation cohort","IDHmut-codel",74,"CR-ViT","cindex",0.7487535226533709
"Spatial validation cohort","IDHmut-codel",75,"CR-ViT","cindex",0.7194948416933475
"Spatial validation cohort","IDHmut-codel",76,"CR-ViT","cindex",0.7394005847953217
"Spatial validation cohort","IDHmut-codel",77,"CR-ViT","cindex",0.6919337016574586
"Spatial validation cohort","IDHmut-codel",78,"CR-ViT","cindex",0.7057421021259687
"Spatial validation cohort","IDHmut-codel",79,"CR-ViT","cindex",0.72409381663113
"Spatial validation cohort","IDHmut-codel",80,"CR-ViT","cindex",0.6997135933024895
"Spatial validation cohort","IDHmut-codel",81,"CR-ViT","cindex",0.6540024380333198
"Spatial validation cohort","IDHmut-codel",82,"CR-ViT","cindex",0.7134607726005575
"Spatial validation cohort","IDHmut-codel",83,"CR-ViT","cindex",0.7480492813141684
"Spatial validation cohort","IDHmut-codel",84,"CR-ViT","cindex",0.6517806670435274
"Spatial validation cohort","IDHmut-codel",85,"CR-ViT","cindex",0.6583348649145377
"Spatial validation cohort","IDHmut-codel",86,"CR-ViT","cindex",0.6646353075604647
"Spatial validation cohort","IDHmut-codel",87,"CR-ViT","cindex",0.7069817400644468
"Spatial validation cohort","IDHmut-codel",88,"CR-ViT","cindex",0.6629787234042553
"Spatial validation cohort","IDHmut-codel",89,"CR-ViT","cindex",0.7157478901059436
"Spatial validation cohort","IDHmut-codel",90,"CR-ViT","cindex",0.7298921689941665
"Spatial validation cohort","IDHmut-codel",91,"CR-ViT","cindex",0.5813840155945419
"Spatial validation cohort","IDHmut-codel",92,"CR-ViT","cindex",0.6822834645669291
"Spatial validation cohort","IDHmut-codel",93,"CR-ViT","cindex",0.666358595194085
"Spatial validation cohort","IDHmut-codel",94,"CR-ViT","cindex",0.7294571980261746
"Spatial validation cohort","IDHmut-codel",95,"CR-ViT","cindex",0.7595827268316351
"Spatial validation cohort","IDHmut-codel",96,"CR-ViT","cindex",0.7152971465350784
"Spatial validation cohort","IDHmut-codel",97,"CR-ViT","cindex",0.618403247631935
"Spatial validation cohort","IDHmut-codel",98,"CR-ViT","cindex",0.7089776632302406
"Spatial validation cohort","IDHmut-codel",99,"CR-ViT","cindex",0.6996466431095406
"Spatial validation cohort","IDHmut-codel",100,"CR-ViT","cindex",0.7613460261235333
"Spatial validation cohort","IDHmut-codel",1,"3D-CNN","iauc",0.6729408897311119
"Spatial validation cohort","IDHmut-codel",2,"3D-CNN","iauc",0.7380386357071689
"Spatial validation cohort","IDHmut-codel",3,"3D-CNN","iauc",0.6690606141684076
"Spatial validation cohort","IDHmut-codel",4,"3D-CNN","iauc",0.6448636114726776
"Spatial validation cohort","IDHmut-codel",5,"3D-CNN","iauc",0.6245419520752388
"Spatial validation cohort","IDHmut-codel",6,"3D-CNN","iauc",0.6697953836611149
"Spatial validation cohort","IDHmut-codel",7,"3D-CNN","iauc",0.6661241721617789
"Spatial validation cohort","IDHmut-codel",8,"3D-CNN","iauc",0.5934710747177658
"Spatial validation cohort","IDHmut-codel",9,"3D-CNN","iauc",0.6305816132184721
"Spatial validation cohort","IDHmut-codel",10,"3D-CNN","iauc",0.6787225559483415
"Spatial validation cohort","IDHmut-codel",11,"3D-CNN","iauc",0.6638090807114883
"Spatial validation cohort","IDHmut-codel",12,"3D-CNN","iauc",0.6231814461226012
"Spatial validation cohort","IDHmut-codel",13,"3D-CNN","iauc",0.6180126058573582
"Spatial validation cohort","IDHmut-codel",14,"3D-CNN","iauc",0.6875764675697921
"Spatial validation cohort","IDHmut-codel",15,"3D-CNN","iauc",0.7269146016918533
"Spatial validation cohort","IDHmut-codel",16,"3D-CNN","iauc",0.5547242198273425
"Spatial validation cohort","IDHmut-codel",17,"3D-CNN","iauc",0.6946979886298034
"Spatial validation cohort","IDHmut-codel",18,"3D-CNN","iauc",0.728323673459056
"Spatial validation cohort","IDHmut-codel",19,"3D-CNN","iauc",0.7035015090577992
"Spatial validation cohort","IDHmut-codel",20,"3D-CNN","iauc",0.5298489926996427
"Spatial validation cohort","IDHmut-codel",21,"3D-CNN","iauc",0.646121039266458
"Spatial validation cohort","IDHmut-codel",22,"3D-CNN","iauc",0.6408162038448265
"Spatial validation cohort","IDHmut-codel",23,"3D-CNN","iauc",0.5767351106665305
"Spatial validation cohort","IDHmut-codel",24,"3D-CNN","iauc",0.679436919645177
"Spatial validation cohort","IDHmut-codel",25,"3D-CNN","iauc",0.660711321324601
"Spatial validation cohort","IDHmut-codel",26,"3D-CNN","iauc",0.6839831527765522
"Spatial validation cohort","IDHmut-codel",27,"3D-CNN","iauc",0.5803829451118886
"Spatial validation cohort","IDHmut-codel",28,"3D-CNN","iauc",0.6317290321875266
"Spatial validation cohort","IDHmut-codel",29,"3D-CNN","iauc",0.6191005909066063
"Spatial validation cohort","IDHmut-codel",30,"3D-CNN","iauc",0.6268021311542278
"Spatial validation cohort","IDHmut-codel",31,"3D-CNN","iauc",0.6511995327805541
"Spatial validation cohort","IDHmut-codel",32,"3D-CNN","iauc",0.5634079697255768
"Spatial validation cohort","IDHmut-codel",33,"3D-CNN","iauc",0.6341478995791848
"Spatial validation cohort","IDHmut-codel",34,"3D-CNN","iauc",0.6942340067370841
"Spatial validation cohort","IDHmut-codel",35,"3D-CNN","iauc",0.6600594610693379
"Spatial validation cohort","IDHmut-codel",36,"3D-CNN","iauc",0.5335792242694272
"Spatial validation cohort","IDHmut-codel",37,"3D-CNN","iauc",0.6005768907426631
"Spatial validation cohort","IDHmut-codel",38,"3D-CNN","iauc",0.6041898634482743
"Spatial validation cohort","IDHmut-codel",39,"3D-CNN","iauc",0.586636369933986
"Spatial validation cohort","IDHmut-codel",40,"3D-CNN","iauc",0.6285201050805396
"Spatial validation cohort","IDHmut-codel",41,"3D-CNN","iauc",0.7034404413471074
"Spatial validation cohort","IDHmut-codel",42,"3D-CNN","iauc",0.6960452146094591
"Spatial validation cohort","IDHmut-codel",43,"3D-CNN","iauc",0.671822621980025
"Spatial validation cohort","IDHmut-codel",44,"3D-CNN","iauc",0.7091099468883859
"Spatial validation cohort","IDHmut-codel",45,"3D-CNN","iauc",0.6063958303615035
"Spatial validation cohort","IDHmut-codel",46,"3D-CNN","iauc",0.6198119059537753
"Spatial validation cohort","IDHmut-codel",47,"3D-CNN","iauc",0.6194953155702708
"Spatial validation cohort","IDHmut-codel",48,"3D-CNN","iauc",0.6204183147170371
"Spatial validation cohort","IDHmut-codel",49,"3D-CNN","iauc",0.6954339907702491
"Spatial validation cohort","IDHmut-codel",50,"3D-CNN","iauc",0.6483888952019061
"Spatial validation cohort","IDHmut-codel",51,"3D-CNN","iauc",0.6635241817310777
"Spatial validation cohort","IDHmut-codel",52,"3D-CNN","iauc",0.6654841418503532
"Spatial validation cohort","IDHmut-codel",53,"3D-CNN","iauc",0.7409396629668673
"Spatial validation cohort","IDHmut-codel",54,"3D-CNN","iauc",0.6462475728785786
"Spatial validation cohort","IDHmut-codel",55,"3D-CNN","iauc",0.6980100913265292
"Spatial validation cohort","IDHmut-codel",56,"3D-CNN","iauc",0.6346915102586564
"Spatial validation cohort","IDHmut-codel",57,"3D-CNN","iauc",0.6167798571313465
"Spatial validation cohort","IDHmut-codel",58,"3D-CNN","iauc",0.6249000781532409
"Spatial validation cohort","IDHmut-codel",59,"3D-CNN","iauc",0.6896676080472566
"Spatial validation cohort","IDHmut-codel",60,"3D-CNN","iauc",0.6218457885804068
"Spatial validation cohort","IDHmut-codel",61,"3D-CNN","iauc",0.6011045374494669
"Spatial validation cohort","IDHmut-codel",62,"3D-CNN","iauc",0.6288220773864605
"Spatial validation cohort","IDHmut-codel",63,"3D-CNN","iauc",0.7049433821756018
"Spatial validation cohort","IDHmut-codel",64,"3D-CNN","iauc",0.6477254496433654
"Spatial validation cohort","IDHmut-codel",65,"3D-CNN","iauc",0.6036499585704755
"Spatial validation cohort","IDHmut-codel",66,"3D-CNN","iauc",0.6388281581155189
"Spatial validation cohort","IDHmut-codel",67,"3D-CNN","iauc",0.6642346056697919
"Spatial validation cohort","IDHmut-codel",68,"3D-CNN","iauc",0.6840535276789657
"Spatial validation cohort","IDHmut-codel",69,"3D-CNN","iauc",0.7201507873999039
"Spatial validation cohort","IDHmut-codel",70,"3D-CNN","iauc",0.7020736088436142
"Spatial validation cohort","IDHmut-codel",71,"3D-CNN","iauc",0.6802300603822964
"Spatial validation cohort","IDHmut-codel",72,"3D-CNN","iauc",0.5824395056587764
"Spatial validation cohort","IDHmut-codel",73,"3D-CNN","iauc",0.5942211567420401
"Spatial validation cohort","IDHmut-codel",74,"3D-CNN","iauc",0.623235448254197
"Spatial validation cohort","IDHmut-codel",75,"3D-CNN","iauc",0.5875145334483141
"Spatial validation cohort","IDHmut-codel",76,"3D-CNN","iauc",0.6438880500229895
"Spatial validation cohort","IDHmut-codel",77,"3D-CNN","iauc",0.6163494971817415
"Spatial validation cohort","IDHmut-codel",78,"3D-CNN","iauc",0.6515625235919961
"Spatial validation cohort","IDHmut-codel",79,"3D-CNN","iauc",0.669771530289529
"Spatial validation cohort","IDHmut-codel",80,"3D-CNN","iauc",0.6793048662334232
"Spatial validation cohort","IDHmut-codel",81,"3D-CNN","iauc",0.6256093161597792
"Spatial validation cohort","IDHmut-codel",82,"3D-CNN","iauc",0.6583788101652487
"Spatial validation cohort","IDHmut-codel",83,"3D-CNN","iauc",0.5295716660282574
"Spatial validation cohort","IDHmut-codel",84,"3D-CNN","iauc",0.573458566873313
"Spatial validation cohort","IDHmut-codel",85,"3D-CNN","iauc",0.6620527967756793
"Spatial validation cohort","IDHmut-codel",86,"3D-CNN","iauc",0.5691212496992216
"Spatial validation cohort","IDHmut-codel",87,"3D-CNN","iauc",0.6594235853296434
"Spatial validation cohort","IDHmut-codel",88,"3D-CNN","iauc",0.6139669703368448
"Spatial validation cohort","IDHmut-codel",89,"3D-CNN","iauc",0.68584066876665
"Spatial validation cohort","IDHmut-codel",90,"3D-CNN","iauc",0.6986058488372529
"Spatial validation cohort","IDHmut-codel",91,"3D-CNN","iauc",0.5880264272847258
"Spatial validation cohort","IDHmut-codel",92,"3D-CNN","iauc",0.6419189733862992
"Spatial validation cohort","IDHmut-codel",93,"3D-CNN","iauc",0.5705745252041593
"Spatial validation cohort","IDHmut-codel",94,"3D-CNN","iauc",0.6991148713625367
"Spatial validation cohort","IDHmut-codel",95,"3D-CNN","iauc",0.6920490705523258
"Spatial validation cohort","IDHmut-codel",96,"3D-CNN","iauc",0.7271061579470446
"Spatial validation cohort","IDHmut-codel",97,"3D-CNN","iauc",0.5473362852990976
"Spatial validation cohort","IDHmut-codel",98,"3D-CNN","iauc",0.708407751081497
"Spatial validation cohort","IDHmut-codel",99,"3D-CNN","iauc",0.6450697280013885
"Spatial validation cohort","IDHmut-codel",100,"3D-CNN","iauc",0.7022986366900101
"Spatial validation cohort","IDHmut-codel",1,"Clinicoradiologic","iauc",0.6619622510836739
"Spatial validation cohort","IDHmut-codel",2,"Clinicoradiologic","iauc",0.708801028846699
"Spatial validation cohort","IDHmut-codel",3,"Clinicoradiologic","iauc",0.6328747614646556
"Spatial validation cohort","IDHmut-codel",4,"Clinicoradiologic","iauc",0.63757501004415
"Spatial validation cohort","IDHmut-codel",5,"Clinicoradiologic","iauc",0.6150162203180626
"Spatial validation cohort","IDHmut-codel",6,"Clinicoradiologic","iauc",0.52178767424002
"Spatial validation cohort","IDHmut-codel",7,"Clinicoradiologic","iauc",0.7662340320735523
"Spatial validation cohort","IDHmut-codel",8,"Clinicoradiologic","iauc",0.7586858650736167
"Spatial validation cohort","IDHmut-codel",9,"Clinicoradiologic","iauc",0.6075110957068443
"Spatial validation cohort","IDHmut-codel",10,"Clinicoradiologic","iauc",0.6344810328802123
"Spatial validation cohort","IDHmut-codel",11,"Clinicoradiologic","iauc",0.613393427312931
"Spatial validation cohort","IDHmut-codel",12,"Clinicoradiologic","iauc",0.6259725447495657
"Spatial validation cohort","IDHmut-codel",13,"Clinicoradiologic","iauc",0.5499730171367309
"Spatial validation cohort","IDHmut-codel",14,"Clinicoradiologic","iauc",0.6268740104048892
"Spatial validation cohort","IDHmut-codel",15,"Clinicoradiologic","iauc",0.5941208684808735
"Spatial validation cohort","IDHmut-codel",16,"Clinicoradiologic","iauc",0.6322739102272552
"Spatial validation cohort","IDHmut-codel",17,"Clinicoradiologic","iauc",0.5861731114814164
"Spatial validation cohort","IDHmut-codel",18,"Clinicoradiologic","iauc",0.6406560421166589
"Spatial validation cohort","IDHmut-codel",19,"Clinicoradiologic","iauc",0.6585701742988219
"Spatial validation cohort","IDHmut-codel",20,"Clinicoradiologic","iauc",0.7172952439652251
"Spatial validation cohort","IDHmut-codel",21,"Clinicoradiologic","iauc",0.6803829543911586
"Spatial validation cohort","IDHmut-codel",22,"Clinicoradiologic","iauc",0.6745165513258632
"Spatial validation cohort","IDHmut-codel",23,"Clinicoradiologic","iauc",0.6464474781464381
"Spatial validation cohort","IDHmut-codel",24,"Clinicoradiologic","iauc",0.6777638745339325
"Spatial validation cohort","IDHmut-codel",25,"Clinicoradiologic","iauc",0.6071620824623006
"Spatial validation cohort","IDHmut-codel",26,"Clinicoradiologic","iauc",0.6389167103317192
"Spatial validation cohort","IDHmut-codel",27,"Clinicoradiologic","iauc",0.7193648845978001
"Spatial validation cohort","IDHmut-codel",28,"Clinicoradiologic","iauc",0.6138422356208056
"Spatial validation cohort","IDHmut-codel",29,"Clinicoradiologic","iauc",0.6526609909711154
"Spatial validation cohort","IDHmut-codel",30,"Clinicoradiologic","iauc",0.639933004615111
"Spatial validation cohort","IDHmut-codel",31,"Clinicoradiologic","iauc",0.6542697252404337
"Spatial validation cohort","IDHmut-codel",32,"Clinicoradiologic","iauc",0.6933722319655165
"Spatial validation cohort","IDHmut-codel",33,"Clinicoradiologic","iauc",0.6165320135679625
"Spatial validation cohort","IDHmut-codel",34,"Clinicoradiologic","iauc",0.6349943880694072
"Spatial validation cohort","IDHmut-codel",35,"Clinicoradiologic","iauc",0.7327349176783322
"Spatial validation cohort","IDHmut-codel",36,"Clinicoradiologic","iauc",0.673598363402733
"Spatial validation cohort","IDHmut-codel",37,"Clinicoradiologic","iauc",0.6956689935344363
"Spatial validation cohort","IDHmut-codel",38,"Clinicoradiologic","iauc",0.594659969924241
"Spatial validation cohort","IDHmut-codel",39,"Clinicoradiologic","iauc",0.6526842784893823
"Spatial validation cohort","IDHmut-codel",40,"Clinicoradiologic","iauc",0.6957184472271366
"Spatial validation cohort","IDHmut-codel",41,"Clinicoradiologic","iauc",0.5981594275783013
"Spatial validation cohort","IDHmut-codel",42,"Clinicoradiologic","iauc",0.6350509474963658
"Spatial validation cohort","IDHmut-codel",43,"Clinicoradiologic","iauc",0.6638436909031192
"Spatial validation cohort","IDHmut-codel",44,"Clinicoradiologic","iauc",0.6135802983608933
"Spatial validation cohort","IDHmut-codel",45,"Clinicoradiologic","iauc",0.6149149967465458
"Spatial validation cohort","IDHmut-codel",46,"Clinicoradiologic","iauc",0.5715457209046266
"Spatial validation cohort","IDHmut-codel",47,"Clinicoradiologic","iauc",0.7169275971084825
"Spatial validation cohort","IDHmut-codel",48,"Clinicoradiologic","iauc",0.6670019804206183
"Spatial validation cohort","IDHmut-codel",49,"Clinicoradiologic","iauc",0.687632910869331
"Spatial validation cohort","IDHmut-codel",50,"Clinicoradiologic","iauc",0.7246922761439746
"Spatial validation cohort","IDHmut-codel",51,"Clinicoradiologic","iauc",0.6996238836427641
"Spatial validation cohort","IDHmut-codel",52,"Clinicoradiologic","iauc",0.6076691142486303
"Spatial validation cohort","IDHmut-codel",53,"Clinicoradiologic","iauc",0.6634722141250511
"Spatial validation cohort","IDHmut-codel",54,"Clinicoradiologic","iauc",0.6563092422290856
"Spatial validation cohort","IDHmut-codel",55,"Clinicoradiologic","iauc",0.6930388997588295
"Spatial validation cohort","IDHmut-codel",56,"Clinicoradiologic","iauc",0.6681030354878613
"Spatial validation cohort","IDHmut-codel",57,"Clinicoradiologic","iauc",0.6682258569338568
"Spatial validation cohort","IDHmut-codel",58,"Clinicoradiologic","iauc",0.6250047651203433
"Spatial validation cohort","IDHmut-codel",59,"Clinicoradiologic","iauc",0.5918140299800375
"Spatial validation cohort","IDHmut-codel",60,"Clinicoradiologic","iauc",0.5102681382537172
"Spatial validation cohort","IDHmut-codel",61,"Clinicoradiologic","iauc",0.6812905991401487
"Spatial validation cohort","IDHmut-codel",62,"Clinicoradiologic","iauc",0.6670842112023763
"Spatial validation cohort","IDHmut-codel",63,"Clinicoradiologic","iauc",0.6398680913203231
"Spatial validation cohort","IDHmut-codel",64,"Clinicoradiologic","iauc",0.669731562843296
"Spatial validation cohort","IDHmut-codel",65,"Clinicoradiologic","iauc",0.6712465609353646
"Spatial validation cohort","IDHmut-codel",66,"Clinicoradiologic","iauc",0.6093333093999812
"Spatial validation cohort","IDHmut-codel",67,"Clinicoradiologic","iauc",0.5900933429832985
"Spatial validation cohort","IDHmut-codel",68,"Clinicoradiologic","iauc",0.599057838673512
"Spatial validation cohort","IDHmut-codel",69,"Clinicoradiologic","iauc",0.7159808416615879
"Spatial validation cohort","IDHmut-codel",70,"Clinicoradiologic","iauc",0.5938989394649318
"Spatial validation cohort","IDHmut-codel",71,"Clinicoradiologic","iauc",0.6683611386758187
"Spatial validation cohort","IDHmut-codel",72,"Clinicoradiologic","iauc",0.5439671703995649
"Spatial validation cohort","IDHmut-codel",73,"Clinicoradiologic","iauc",0.7098363765571264
"Spatial validation cohort","IDHmut-codel",74,"Clinicoradiologic","iauc",0.7709590552804554
"Spatial validation cohort","IDHmut-codel",75,"Clinicoradiologic","iauc",0.7057535506049543
"Spatial validation cohort","IDHmut-codel",76,"Clinicoradiologic","iauc",0.6631886794469287
"Spatial validation cohort","IDHmut-codel",77,"Clinicoradiologic","iauc",0.6920007196428796
"Spatial validation cohort","IDHmut-codel",78,"Clinicoradiologic","iauc",0.6023827362367694
"Spatial validation cohort","IDHmut-codel",79,"Clinicoradiologic","iauc",0.6818490966850592
"Spatial validation cohort","IDHmut-codel",80,"Clinicoradiologic","iauc",0.6302345320191272
"Spatial validation cohort","IDHmut-codel",81,"Clinicoradiologic","iauc",0.6057917998088915
"Spatial validation cohort","IDHmut-codel",82,"Clinicoradiologic","iauc",0.6204135848691249
"Spatial validation cohort","IDHmut-codel",83,"Clinicoradiologic","iauc",0.7515582936153293
"Spatial validation cohort","IDHmut-codel",84,"Clinicoradiologic","iauc",0.6007964829067483
"Spatial validation cohort","IDHmut-codel",85,"Clinicoradiologic","iauc",0.5770077536775629
"Spatial validation cohort","IDHmut-codel",86,"Clinicoradiologic","iauc",0.6705369061041575
"Spatial validation cohort","IDHmut-codel",87,"Clinicoradiologic","iauc",0.643460974532003
"Spatial validation cohort","IDHmut-codel",88,"Clinicoradiologic","iauc",0.6086869125644646
"Spatial validation cohort","IDHmut-codel",89,"Clinicoradiologic","iauc",0.6245764228676767
"Spatial validation cohort","IDHmut-codel",90,"Clinicoradiologic","iauc",0.6531647754757339
"Spatial validation cohort","IDHmut-codel",91,"Clinicoradiologic","iauc",0.5633915563585368
"Spatial validation cohort","IDHmut-codel",92,"Clinicoradiologic","iauc",0.5439611402215714
"Spatial validation cohort","IDHmut-codel",93,"Clinicoradiologic","iauc",0.6483583426438244
"Spatial validation cohort","IDHmut-codel",94,"Clinicoradiologic","iauc",0.684225157272506
"Spatial validation cohort","IDHmut-codel",95,"Clinicoradiologic","iauc",0.6848779290693917
"Spatial validation cohort","IDHmut-codel",96,"Clinicoradiologic","iauc",0.6027603284842488
"Spatial validation cohort","IDHmut-codel",97,"Clinicoradiologic","iauc",0.687660778177919
"Spatial validation cohort","IDHmut-codel",98,"Clinicoradiologic","iauc",0.5642243761577472
"Spatial validation cohort","IDHmut-codel",99,"Clinicoradiologic","iauc",0.6865069775288971
"Spatial validation cohort","IDHmut-codel",100,"Clinicoradiologic","iauc",0.7123421411700405
"Spatial validation cohort","IDHmut-codel",1,"3D-ViT","iauc",0.7792349850646322
"Spatial validation cohort","IDHmut-codel",2,"3D-ViT","iauc",0.811203748443867
"Spatial validation cohort","IDHmut-codel",3,"3D-ViT","iauc",0.740283754660562
"Spatial validation cohort","IDHmut-codel",4,"3D-ViT","iauc",0.7228419648060788
"Spatial validation cohort","IDHmut-codel",5,"3D-ViT","iauc",0.6712022667067402
"Spatial validation cohort","IDHmut-codel",6,"3D-ViT","iauc",0.7265632932480457
"Spatial validation cohort","IDHmut-codel",7,"3D-ViT","iauc",0.7457018629363398
"Spatial validation cohort","IDHmut-codel",8,"3D-ViT","iauc",0.6889101314438569
"Spatial validation cohort","IDHmut-codel",9,"3D-ViT","iauc",0.6669581747078338
"Spatial validation cohort","IDHmut-codel",10,"3D-ViT","iauc",0.7228701757197024
"Spatial validation cohort","IDHmut-codel",11,"3D-ViT","iauc",0.7453162997926721
"Spatial validation cohort","IDHmut-codel",12,"3D-ViT","iauc",0.7175222154590919
"Spatial validation cohort","IDHmut-codel",13,"3D-ViT","iauc",0.7240519755616294
"Spatial validation cohort","IDHmut-codel",14,"3D-ViT","iauc",0.7477024047809829
"Spatial validation cohort","IDHmut-codel",15,"3D-ViT","iauc",0.7561661882257233
"Spatial validation cohort","IDHmut-codel",16,"3D-ViT","iauc",0.6542970222362547
"Spatial validation cohort","IDHmut-codel",17,"3D-ViT","iauc",0.7185102155225462
"Spatial validation cohort","IDHmut-codel",18,"3D-ViT","iauc",0.7869764924906629
"Spatial validation cohort","IDHmut-codel",19,"3D-ViT","iauc",0.7778576547131651
"Spatial validation cohort","IDHmut-codel",20,"3D-ViT","iauc",0.6355925759339652
"Spatial validation cohort","IDHmut-codel",21,"3D-ViT","iauc",0.7425210045606431
"Spatial validation cohort","IDHmut-codel",22,"3D-ViT","iauc",0.7730852786717233
"Spatial validation cohort","IDHmut-codel",23,"3D-ViT","iauc",0.7012093834137149
"Spatial validation cohort","IDHmut-codel",24,"3D-ViT","iauc",0.7573141300489102
"Spatial validation cohort","IDHmut-codel",25,"3D-ViT","iauc",0.7258744890026019
"Spatial validation cohort","IDHmut-codel",26,"3D-ViT","iauc",0.7302012762496878
"Spatial validation cohort","IDHmut-codel",27,"3D-ViT","iauc",0.7225331636877617
"Spatial validation cohort","IDHmut-codel",28,"3D-ViT","iauc",0.7360150426276683
"Spatial validation cohort","IDHmut-codel",29,"3D-ViT","iauc",0.6919027017518329
"Spatial validation cohort","IDHmut-codel",30,"3D-ViT","iauc",0.6989278382561108
"Spatial validation cohort","IDHmut-codel",31,"3D-ViT","iauc",0.7639849194652082
"Spatial validation cohort","IDHmut-codel",32,"3D-ViT","iauc",0.6537738745863242
"Spatial validation cohort","IDHmut-codel",33,"3D-ViT","iauc",0.7371201712373829
"Spatial validation cohort","IDHmut-codel",34,"3D-ViT","iauc",0.7424641495292197
"Spatial validation cohort","IDHmut-codel",35,"3D-ViT","iauc",0.7355561113242022
"Spatial validation cohort","IDHmut-codel",36,"3D-ViT","iauc",0.6635763697864606
"Spatial validation cohort","IDHmut-codel",37,"3D-ViT","iauc",0.702306853348114
"Spatial validation cohort","IDHmut-codel",38,"3D-ViT","iauc",0.6564770480026952
"Spatial validation cohort","IDHmut-codel",39,"3D-ViT","iauc",0.6520592563270567
"Spatial validation cohort","IDHmut-codel",40,"3D-ViT","iauc",0.7053124970424443
"Spatial validation cohort","IDHmut-codel",41,"3D-ViT","iauc",0.7707492899860611
"Spatial validation cohort","IDHmut-codel",42,"3D-ViT","iauc",0.7709780898307218
"Spatial validation cohort","IDHmut-codel",43,"3D-ViT","iauc",0.7754622389633447
"Spatial validation cohort","IDHmut-codel",44,"3D-ViT","iauc",0.7538843308649722
"Spatial validation cohort","IDHmut-codel",45,"3D-ViT","iauc",0.7071085704684601
"Spatial validation cohort","IDHmut-codel",46,"3D-ViT","iauc",0.7178359376574386
"Spatial validation cohort","IDHmut-codel",47,"3D-ViT","iauc",0.7189225740363185
"Spatial validation cohort","IDHmut-codel",48,"3D-ViT","iauc",0.7066192817060866
"Spatial validation cohort","IDHmut-codel",49,"3D-ViT","iauc",0.7763295036342981
"Spatial validation cohort","IDHmut-codel",50,"3D-ViT","iauc",0.7098072700480044
"Spatial validation cohort","IDHmut-codel",51,"3D-ViT","iauc",0.7601862526543498
"Spatial validation cohort","IDHmut-codel",52,"3D-ViT","iauc",0.7312533835183347
"Spatial validation cohort","IDHmut-codel",53,"3D-ViT","iauc",0.8131346821034846
"Spatial validation cohort","IDHmut-codel",54,"3D-ViT","iauc",0.7408418012765499
"Spatial validation cohort","IDHmut-codel",55,"3D-ViT","iauc",0.7514353085564633
"Spatial validation cohort","IDHmut-codel",56,"3D-ViT","iauc",0.7456933030153567
"Spatial validation cohort","IDHmut-codel",57,"3D-ViT","iauc",0.6784850037365671
"Spatial validation cohort","IDHmut-codel",58,"3D-ViT","iauc",0.6823359210167983
"Spatial validation cohort","IDHmut-codel",59,"3D-ViT","iauc",0.7918754724024973
"Spatial validation cohort","IDHmut-codel",60,"3D-ViT","iauc",0.6937083419614304
"Spatial validation cohort","IDHmut-codel",61,"3D-ViT","iauc",0.7154691805611263
"Spatial validation cohort","IDHmut-codel",62,"3D-ViT","iauc",0.7151440974490036
"Spatial validation cohort","IDHmut-codel",63,"3D-ViT","iauc",0.794584730454032
"Spatial validation cohort","IDHmut-codel",64,"3D-ViT","iauc",0.7238721424753185
"Spatial validation cohort","IDHmut-codel",65,"3D-ViT","iauc",0.6898775723416591
"Spatial validation cohort","IDHmut-codel",66,"3D-ViT","iauc",0.7076333187234376
"Spatial validation cohort","IDHmut-codel",67,"3D-ViT","iauc",0.7386355808676736
"Spatial validation cohort","IDHmut-codel",68,"3D-ViT","iauc",0.7608150608067914
"Spatial validation cohort","IDHmut-codel",69,"3D-ViT","iauc",0.8273655471871844
"Spatial validation cohort","IDHmut-codel",70,"3D-ViT","iauc",0.770821388429754
"Spatial validation cohort","IDHmut-codel",71,"3D-ViT","iauc",0.7251989116339553
"Spatial validation cohort","IDHmut-codel",72,"3D-ViT","iauc",0.6657451846494616
"Spatial validation cohort","IDHmut-codel",73,"3D-ViT","iauc",0.6856970748740899
"Spatial validation cohort","IDHmut-codel",74,"3D-ViT","iauc",0.7423837463582427
"Spatial validation cohort","IDHmut-codel",75,"3D-ViT","iauc",0.7009676521846466
"Spatial validation cohort","IDHmut-codel",76,"3D-ViT","iauc",0.7406579306876205
"Spatial validation cohort","IDHmut-codel",77,"3D-ViT","iauc",0.6860186594869132
"Spatial validation cohort","IDHmut-codel",78,"3D-ViT","iauc",0.720600552433213
"Spatial validation cohort","IDHmut-codel",79,"3D-ViT","iauc",0.7497228080939516
"Spatial validation cohort","IDHmut-codel",80,"3D-ViT","iauc",0.750430539765027
"Spatial validation cohort","IDHmut-codel",81,"3D-ViT","iauc",0.6801621103418454
"Spatial validation cohort","IDHmut-codel",82,"3D-ViT","iauc",0.7436078233851109
"Spatial validation cohort","IDHmut-codel",83,"3D-ViT","iauc",0.71404278790142806
"Spatial validation cohort","IDHmut-codel",84,"3D-ViT","iauc",0.6528992980739138
"Spatial validation cohort","IDHmut-codel",85,"3D-ViT","iauc",0.7478148680034639
"Spatial validation cohort","IDHmut-codel",86,"3D-ViT","iauc",0.6647851941864348
"Spatial validation cohort","IDHmut-codel",87,"3D-ViT","iauc",0.7370220964096935
"Spatial validation cohort","IDHmut-codel",88,"3D-ViT","iauc",0.6732339491956144
"Spatial validation cohort","IDHmut-codel",89,"3D-ViT","iauc",0.7711052646022672
"Spatial validation cohort","IDHmut-codel",90,"3D-ViT","iauc",0.7963511103695197
"Spatial validation cohort","IDHmut-codel",91,"3D-ViT","iauc",0.6379326769963004
"Spatial validation cohort","IDHmut-codel",92,"3D-ViT","iauc",0.7046917757519804
"Spatial validation cohort","IDHmut-codel",93,"3D-ViT","iauc",0.648540829938278
"Spatial validation cohort","IDHmut-codel",94,"3D-ViT","iauc",0.7380422939175012
"Spatial validation cohort","IDHmut-codel",95,"3D-ViT","iauc",0.8273551454341173
"Spatial validation cohort","IDHmut-codel",96,"3D-ViT","iauc",0.7955354367304218
"Spatial validation cohort","IDHmut-codel",97,"3D-ViT","iauc",0.6151872115227447
"Spatial validation cohort","IDHmut-codel",98,"3D-ViT","iauc",0.7686629896510166
"Spatial validation cohort","IDHmut-codel",99,"3D-ViT","iauc",0.6837208942132145
"Spatial validation cohort","IDHmut-codel",100,"3D-ViT","iauc",0.783850908004842
"Spatial validation cohort","IDHmut-codel",1,"CR-ViT","iauc",0.7897747112314227
"Spatial validation cohort","IDHmut-codel",2,"CR-ViT","iauc",0.8292243586342912
"Spatial validation cohort","IDHmut-codel",3,"CR-ViT","iauc",0.7478399065180185
"Spatial validation cohort","IDHmut-codel",4,"CR-ViT","iauc",0.7517465014986843
"Spatial validation cohort","IDHmut-codel",5,"CR-ViT","iauc",0.6819264333680446
"Spatial validation cohort","IDHmut-codel",6,"CR-ViT","iauc",0.6796154217157558
"Spatial validation cohort","IDHmut-codel",7,"CR-ViT","iauc",0.8196519288759546
"Spatial validation cohort","IDHmut-codel",8,"CR-ViT","iauc",0.7940531732385809
"Spatial validation cohort","IDHmut-codel",9,"CR-ViT","iauc",0.6947740574681434
"Spatial validation cohort","IDHmut-codel",10,"CR-ViT","iauc",0.750366730556643
"Spatial validation cohort","IDHmut-codel",11,"CR-ViT","iauc",0.7623312240959876
"Spatial validation cohort","IDHmut-codel",12,"CR-ViT","iauc",0.7373532932850991
"Spatial validation cohort","IDHmut-codel",13,"CR-ViT","iauc",0.6981285281018166
"Spatial validation cohort","IDHmut-codel",14,"CR-ViT","iauc",0.7508756497341781
"Spatial validation cohort","IDHmut-codel",15,"CR-ViT","iauc",0.7189981467639435
"Spatial validation cohort","IDHmut-codel",16,"CR-ViT","iauc",0.7318276399223034
"Spatial validation cohort","IDHmut-codel",17,"CR-ViT","iauc",0.7139831430315688
"Spatial validation cohort","IDHmut-codel",18,"CR-ViT","iauc",0.7852177921582834
"Spatial validation cohort","IDHmut-codel",19,"CR-ViT","iauc",0.805133277490398
"Spatial validation cohort","IDHmut-codel",20,"CR-ViT","iauc",0.7532996252930272
"Spatial validation cohort","IDHmut-codel",21,"CR-ViT","iauc",0.7817704926537292
"Spatial validation cohort","IDHmut-codel",22,"CR-ViT","iauc",0.786309991324692
"Spatial validation cohort","IDHmut-codel",23,"CR-ViT","iauc",0.7438381629933591
"Spatial validation cohort","IDHmut-codel",24,"CR-ViT","iauc",0.7847375552058699
"Spatial validation cohort","IDHmut-codel",25,"CR-ViT","iauc",0.6949868138545139
"Spatial validation cohort","IDHmut-codel",26,"CR-ViT","iauc",0.774086248185893
"Spatial validation cohort","IDHmut-codel",27,"CR-ViT","iauc",0.8095837801916362
"Spatial validation cohort","IDHmut-codel",28,"CR-ViT","iauc",0.7312561388728399
"Spatial validation cohort","IDHmut-codel",29,"CR-ViT","iauc",0.7489459461633889
"Spatial validation cohort","IDHmut-codel",30,"CR-ViT","iauc",0.7154848757476776
"Spatial validation cohort","IDHmut-codel",31,"CR-ViT","iauc",0.7755931973428318
"Spatial validation cohort","IDHmut-codel",32,"CR-ViT","iauc",0.7117367748354948
"Spatial validation cohort","IDHmut-codel",33,"CR-ViT","iauc",0.7222981486916397
"Spatial validation cohort","IDHmut-codel",34,"CR-ViT","iauc",0.766650727223553
"Spatial validation cohort","IDHmut-codel",35,"CR-ViT","iauc",0.7973139736388383
"Spatial validation cohort","IDHmut-codel",36,"CR-ViT","iauc",0.732973676400459
"Spatial validation cohort","IDHmut-codel",37,"CR-ViT","iauc",0.7656129601963083
"Spatial validation cohort","IDHmut-codel",38,"CR-ViT","iauc",0.6905010614197218
"Spatial validation cohort","IDHmut-codel",39,"CR-ViT","iauc",0.6809084410053211
"Spatial validation cohort","IDHmut-codel",40,"CR-ViT","iauc",0.785140609413314
"Spatial validation cohort","IDHmut-codel",41,"CR-ViT","iauc",0.7591434248990948
"Spatial validation cohort","IDHmut-codel",42,"CR-ViT","iauc",0.787014074954395
"Spatial validation cohort","IDHmut-codel",43,"CR-ViT","iauc",0.8053833149860005
"Spatial validation cohort","IDHmut-codel",44,"CR-ViT","iauc",0.699867237019909
"Spatial validation cohort","IDHmut-codel",45,"CR-ViT","iauc",0.70702878661064406
"Spatial validation cohort","IDHmut-codel",46,"CR-ViT","iauc",0.722355260469543
"Spatial validation cohort","IDHmut-codel",47,"CR-ViT","iauc",0.7983937179111903
"Spatial validation cohort","IDHmut-codel",48,"CR-ViT","iauc",0.7764887479731045
"Spatial validation cohort","IDHmut-codel",49,"CR-ViT","iauc",0.7962826039610675
"Spatial validation cohort","IDHmut-codel",50,"CR-ViT","iauc",0.7910769675453003
"Spatial validation cohort","IDHmut-codel",51,"CR-ViT","iauc",0.7918592509601066
"Spatial validation cohort","IDHmut-codel",52,"CR-ViT","iauc",0.7608372221234387
"Spatial validation cohort","IDHmut-codel",53,"CR-ViT","iauc",0.8128896341516868
"Spatial validation cohort","IDHmut-codel",54,"CR-ViT","iauc",0.7795386454188621
"Spatial validation cohort","IDHmut-codel",55,"CR-ViT","iauc",0.8249314035094532
"Spatial validation cohort","IDHmut-codel",56,"CR-ViT","iauc",0.7882603345270982
"Spatial validation cohort","IDHmut-codel",57,"CR-ViT","iauc",0.7459233517383559
"Spatial validation cohort","IDHmut-codel",58,"CR-ViT","iauc",0.6808532729073075
"Spatial validation cohort","IDHmut-codel",59,"CR-ViT","iauc",0.7578372894802948
"Spatial validation cohort","IDHmut-codel",60,"CR-ViT","iauc",0.656157334563036
"Spatial validation cohort","IDHmut-codel",61,"CR-ViT","iauc",0.7524116543509494
"Spatial validation cohort","IDHmut-codel",62,"CR-ViT","iauc",0.7660067690175344
"Spatial validation cohort","IDHmut-codel",63,"CR-ViT","iauc",0.7810028761322024
"Spatial validation cohort","IDHmut-codel",64,"CR-ViT","iauc",0.7374481903882252
"Spatial validation cohort","IDHmut-codel",65,"CR-ViT","iauc",0.731474746971711
"Spatial validation cohort","IDHmut-codel",66,"CR-ViT","iauc",0.7242316624032592
"Spatial validation cohort","IDHmut-codel",67,"CR-ViT","iauc",0.7416545257727735
"Spatial validation cohort","IDHmut-codel",68,"CR-ViT","iauc",0.7366381746501375
"Spatial validation cohort","IDHmut-codel",69,"CR-ViT","iauc",0.8669768807206863
"Spatial validation cohort","IDHmut-codel",70,"CR-ViT","iauc",0.7689870837100871
"Spatial validation cohort","IDHmut-codel",71,"CR-ViT","iauc",0.8031938367168538
"Spatial validation cohort","IDHmut-codel",72,"CR-ViT","iauc",0.623338351445889
"Spatial validation cohort","IDHmut-codel",73,"CR-ViT","iauc",0.7593039537960374
"Spatial validation cohort","IDHmut-codel",74,"CR-ViT","iauc",0.8082389795719432
"Spatial validation cohort","IDHmut-codel",75,"CR-ViT","iauc",0.7572450046129762
"Spatial validation cohort","IDHmut-codel",76,"CR-ViT","iauc",0.793488679243617
"Spatial validation cohort","IDHmut-codel",77,"CR-ViT","iauc",0.75527313087199
"Spatial validation cohort","IDHmut-codel",78,"CR-ViT","iauc",0.7261129488996005
"Spatial validation cohort","IDHmut-codel",79,"CR-ViT","iauc",0.7743165635462658
"Spatial validation cohort","IDHmut-codel",80,"CR-ViT","iauc",0.7634886303249648
"Spatial validation cohort","IDHmut-codel",81,"CR-ViT","iauc",0.6737583474066411
"Spatial validation cohort","IDHmut-codel",82,"CR-ViT","iauc",0.7445910835164516
"Spatial validation cohort","IDHmut-codel",83,"CR-ViT","iauc",0.8351203992638508
"Spatial validation cohort","IDHmut-codel",84,"CR-ViT","iauc",0.6789394198453153
"Spatial validation cohort","IDHmut-codel",85,"CR-ViT","iauc",0.6915386676007612
"Spatial validation cohort","IDHmut-codel",86,"CR-ViT","iauc",0.7094612948305102
"Spatial validation cohort","IDHmut-codel",87,"CR-ViT","iauc",0.7712951832645296
"Spatial validation cohort","IDHmut-codel",88,"CR-ViT","iauc",0.7172315036792386
"Spatial validation cohort","IDHmut-codel",89,"CR-ViT","iauc",0.7876638512006825
"Spatial validation cohort","IDHmut-codel",90,"CR-ViT","iauc",0.7905799957824134
"Spatial validation cohort","IDHmut-codel",91,"CR-ViT","iauc",0.6196986730838552
"Spatial validation cohort","IDHmut-codel",92,"CR-ViT","iauc",0.6727604612344552
"Spatial validation cohort","IDHmut-codel",93,"CR-ViT","iauc",0.7124937089825836
"Spatial validation cohort","IDHmut-codel",94,"CR-ViT","iauc",0.7765772752808303
"Spatial validation cohort","IDHmut-codel",95,"CR-ViT","iauc",0.8164517035775932
"Spatial validation cohort","IDHmut-codel",96,"CR-ViT","iauc",0.768343599954778
"Spatial validation cohort","IDHmut-codel",97,"CR-ViT","iauc",0.6561953255562033
"Spatial validation cohort","IDHmut-codel",98,"CR-ViT","iauc",0.7424221239206149
"Spatial validation cohort","IDHmut-codel",99,"CR-ViT","iauc",0.7676316044073178
"Spatial validation cohort","IDHmut-codel",100,"CR-ViT","iauc",0.8381036212046132
"Spatial validation cohort","IDHmut-codel",1,"3D-CNN","ibs",0.14276758954155624
"Spatial validation cohort","IDHmut-codel",2,"3D-CNN","ibs",0.14149223582269022
"Spatial validation cohort","IDHmut-codel",3,"3D-CNN","ibs",0.16191728402508185
"Spatial validation cohort","IDHmut-codel",4,"3D-CNN","ibs",0.14182852897300322
"Spatial validation cohort","IDHmut-codel",5,"3D-CNN","ibs",0.16316539765532745
"Spatial validation cohort","IDHmut-codel",6,"3D-CNN","ibs",0.15058823472950947
"Spatial validation cohort","IDHmut-codel",7,"3D-CNN","ibs",0.16606402018248378
"Spatial validation cohort","IDHmut-codel",8,"3D-CNN","ibs",0.15447799683927374
"Spatial validation cohort","IDHmut-codel",9,"3D-CNN","ibs",0.1488561784640298
"Spatial validation cohort","IDHmut-codel",10,"3D-CNN","ibs",0.12686068669836553
"Spatial validation cohort","IDHmut-codel",11,"3D-CNN","ibs",0.14232937820987782
"Spatial validation cohort","IDHmut-codel",12,"3D-CNN","ibs",0.1580741262468704
"Spatial validation cohort","IDHmut-codel",13,"3D-CNN","ibs",0.12636301789061666
"Spatial validation cohort","IDHmut-codel",14,"3D-CNN","ibs",0.14193500163487743
"Spatial validation cohort","IDHmut-codel",15,"3D-CNN","ibs",0.1322170962827204
"Spatial validation cohort","IDHmut-codel",16,"3D-CNN","ibs",0.1726364132449007
"Spatial validation cohort","IDHmut-codel",17,"3D-CNN","ibs",0.13099670567778085
"Spatial validation cohort","IDHmut-codel",18,"3D-CNN","ibs",0.12986234976345717
"Spatial validation cohort","IDHmut-codel",19,"3D-CNN","ibs",0.16206030295678975
"Spatial validation cohort","IDHmut-codel",20,"3D-CNN","ibs",0.15007569828004394
"Spatial validation cohort","IDHmut-codel",21,"3D-CNN","ibs",0.15754815418117457
"Spatial validation cohort","IDHmut-codel",22,"3D-CNN","ibs",0.1321418070171282
"Spatial validation cohort","IDHmut-codel",23,"3D-CNN","ibs",0.1622255547432915
"Spatial validation cohort","IDHmut-codel",24,"3D-CNN","ibs",0.14093817235440514
"Spatial validation cohort","IDHmut-codel",25,"3D-CNN","ibs",0.15433286723062897
"Spatial validation cohort","IDHmut-codel",26,"3D-CNN","ibs",0.15596094761712606
"Spatial validation cohort","IDHmut-codel",27,"3D-CNN","ibs",0.16427754961241786
"Spatial validation cohort","IDHmut-codel",28,"3D-CNN","ibs",0.16754771565455295
"Spatial validation cohort","IDHmut-codel",29,"3D-CNN","ibs",0.16984770343698702
"Spatial validation cohort","IDHmut-codel",30,"3D-CNN","ibs",0.15328407949404235
"Spatial validation cohort","IDHmut-codel",31,"3D-CNN","ibs",0.1415288638792867
"Spatial validation cohort","IDHmut-codel",32,"3D-CNN","ibs",0.16717634934570808
"Spatial validation cohort","IDHmut-codel",33,"3D-CNN","ibs",0.14594419496873495
"Spatial validation cohort","IDHmut-codel",34,"3D-CNN","ibs",0.16468611743390552
"Spatial validation cohort","IDHmut-codel",35,"3D-CNN","ibs",0.12387103815945173
"Spatial validation cohort","IDHmut-codel",36,"3D-CNN","ibs",0.18374437811763714
"Spatial validation cohort","IDHmut-codel",37,"3D-CNN","ibs",0.1604565318787855
"Spatial validation cohort","IDHmut-codel",38,"3D-CNN","ibs",0.12906169213065097
"Spatial validation cohort","IDHmut-codel",39,"3D-CNN","ibs",0.13475424560157248
"Spatial validation cohort","IDHmut-codel",40,"3D-CNN","ibs",0.16950275426100989
"Spatial validation cohort","IDHmut-codel",41,"3D-CNN","ibs",0.11904595924697325
"Spatial validation cohort","IDHmut-codel",42,"3D-CNN","ibs",0.13476976042793562
"Spatial validation cohort","IDHmut-codel",43,"3D-CNN","ibs",0.14355597868711076
"Spatial validation cohort","IDHmut-codel",44,"3D-CNN","ibs",0.12670931087540208
"Spatial validation cohort","IDHmut-codel",45,"3D-CNN","ibs",0.15221504155311527
"Spatial validation cohort","IDHmut-codel",46,"3D-CNN","ibs",0.13932905502601708
"Spatial validation cohort","IDHmut-codel",47,"3D-CNN","ibs",0.16794810290930975
"Spatial validation cohort","IDHmut-codel",48,"3D-CNN","ibs",0.17327860663844283
"Spatial validation cohort","IDHmut-codel",49,"3D-CNN","ibs",0.14961602156407047
"Spatial validation cohort","IDHmut-codel",50,"3D-CNN","ibs",0.15168665365073722
"Spatial validation cohort","IDHmut-codel",51,"3D-CNN","ibs",0.17211871503054296
"Spatial validation cohort","IDHmut-codel",52,"3D-CNN","ibs",0.16399471588383163
"Spatial validation cohort","IDHmut-codel",53,"3D-CNN","ibs",0.13065682489729172
"Spatial validation cohort","IDHmut-codel",54,"3D-CNN","ibs",0.1331413439965431
"Spatial validation cohort","IDHmut-codel",55,"3D-CNN","ibs",0.12043275246623639
"Spatial validation cohort","IDHmut-codel",56,"3D-CNN","ibs",0.14316616057805626
"Spatial validation cohort","IDHmut-codel",57,"3D-CNN","ibs",0.13739550016816893
"Spatial validation cohort","IDHmut-codel",58,"3D-CNN","ibs",0.1531391735371343
"Spatial validation cohort","IDHmut-codel",59,"3D-CNN","ibs",0.14018118665342072
"Spatial validation cohort","IDHmut-codel",60,"3D-CNN","ibs",0.15912151774385952
"Spatial validation cohort","IDHmut-codel",61,"3D-CNN","ibs",0.17161398776307588
"Spatial validation cohort","IDHmut-codel",62,"3D-CNN","ibs",0.1528356894257753
"Spatial validation cohort","IDHmut-codel",63,"3D-CNN","ibs",0.12127989860781417
"Spatial validation cohort","IDHmut-codel",64,"3D-CNN","ibs",0.1418767264024103
"Spatial validation cohort","IDHmut-codel",65,"3D-CNN","ibs",0.15356817392511699
"Spatial validation cohort","IDHmut-codel",66,"3D-CNN","ibs",0.16468423679056177
"Spatial validation cohort","IDHmut-codel",67,"3D-CNN","ibs",0.1551050253236688
"Spatial validation cohort","IDHmut-codel",68,"3D-CNN","ibs",0.1441320345817521
"Spatial validation cohort","IDHmut-codel",69,"3D-CNN","ibs",0.11549311622814665
"Spatial validation cohort","IDHmut-codel",70,"3D-CNN","ibs",0.14989691123674204
"Spatial validation cohort","IDHmut-codel",71,"3D-CNN","ibs",0.1508831127759281
"Spatial validation cohort","IDHmut-codel",72,"3D-CNN","ibs",0.14810934608704887
"Spatial validation cohort","IDHmut-codel",73,"3D-CNN","ibs",0.15968176092620706
"Spatial validation cohort","IDHmut-codel",74,"3D-CNN","ibs",0.15255438785727932
"Spatial validation cohort","IDHmut-codel",75,"3D-CNN","ibs",0.17297574415258765
"Spatial validation cohort","IDHmut-codel",76,"3D-CNN","ibs",0.16237762490053068
"Spatial validation cohort","IDHmut-codel",77,"3D-CNN","ibs",0.136767285760591
"Spatial validation cohort","IDHmut-codel",78,"3D-CNN","ibs",0.1550639104316909
"Spatial validation cohort","IDHmut-codel",79,"3D-CNN","ibs",0.15499906175100933
"Spatial validation cohort","IDHmut-codel",80,"3D-CNN","ibs",0.15344164486116094
"Spatial validation cohort","IDHmut-codel",81,"3D-CNN","ibs",0.1437233078125516
"Spatial validation cohort","IDHmut-codel",82,"3D-CNN","ibs",0.15890962922508595
"Spatial validation cohort","IDHmut-codel",83,"3D-CNN","ibs",0.15666845681850086
"Spatial validation cohort","IDHmut-codel",84,"3D-CNN","ibs",0.1281829756199912
"Spatial validation cohort","IDHmut-codel",85,"3D-CNN","ibs",0.17505568468357244
"Spatial validation cohort","IDHmut-codel",86,"3D-CNN","ibs",0.15896991698470592
"Spatial validation cohort","IDHmut-codel",87,"3D-CNN","ibs",0.14454113745841476
"Spatial validation cohort","IDHmut-codel",88,"3D-CNN","ibs",0.18795599935865787
"Spatial validation cohort","IDHmut-codel",89,"3D-CNN","ibs",0.17020276598603631
"Spatial validation cohort","IDHmut-codel",90,"3D-CNN","ibs",0.1543721878089573
"Spatial validation cohort","IDHmut-codel",91,"3D-CNN","ibs",0.13703766868831355
"Spatial validation cohort","IDHmut-codel",92,"3D-CNN","ibs",0.14684931944445012
"Spatial validation cohort","IDHmut-codel",93,"3D-CNN","ibs",0.179030501436492
"Spatial validation cohort","IDHmut-codel",94,"3D-CNN","ibs",0.13999507499766892
"Spatial validation cohort","IDHmut-codel",95,"3D-CNN","ibs",0.12722583703024182
"Spatial validation cohort","IDHmut-codel",96,"3D-CNN","ibs",0.12800252316581343
"Spatial validation cohort","IDHmut-codel",97,"3D-CNN","ibs",0.14062005892737464
"Spatial validation cohort","IDHmut-codel",98,"3D-CNN","ibs",0.13498128582084126
"Spatial validation cohort","IDHmut-codel",99,"3D-CNN","ibs",0.1393468603857779
"Spatial validation cohort","IDHmut-codel",100,"3D-CNN","ibs",0.13866589527695652
"Spatial validation cohort","IDHmut-codel",1,"Clinicoradiologic","ibs",0.15002065585963703
"Spatial validation cohort","IDHmut-codel",2,"Clinicoradiologic","ibs",0.15145428326287017
"Spatial validation cohort","IDHmut-codel",3,"Clinicoradiologic","ibs",0.18486012349785455
"Spatial validation cohort","IDHmut-codel",4,"Clinicoradiologic","ibs",0.146031487177861
"Spatial validation cohort","IDHmut-codel",5,"Clinicoradiologic","ibs",0.17485669526120928
"Spatial validation cohort","IDHmut-codel",6,"Clinicoradiologic","ibs",0.1796206221031128
"Spatial validation cohort","IDHmut-codel",7,"Clinicoradiologic","ibs",0.1574863227033057
"Spatial validation cohort","IDHmut-codel",8,"Clinicoradiologic","ibs",0.1401291848010463
"Spatial validation cohort","IDHmut-codel",9,"Clinicoradiologic","ibs",0.16205511313849283
"Spatial validation cohort","IDHmut-codel",10,"Clinicoradiologic","ibs",0.14545841278083893
"Spatial validation cohort","IDHmut-codel",11,"Clinicoradiologic","ibs",0.16971846220280767
"Spatial validation cohort","IDHmut-codel",12,"Clinicoradiologic","ibs",0.17265723852222364
"Spatial validation cohort","IDHmut-codel",13,"Clinicoradiologic","ibs",0.1394059336422097
"Spatial validation cohort","IDHmut-codel",14,"Clinicoradiologic","ibs",0.1594757255243312
"Spatial validation cohort","IDHmut-codel",15,"Clinicoradiologic","ibs",0.15453696449262047
"Spatial validation cohort","IDHmut-codel",16,"Clinicoradiologic","ibs",0.17429734180469353
"Spatial validation cohort","IDHmut-codel",17,"Clinicoradiologic","ibs",0.1421692940382324
"Spatial validation cohort","IDHmut-codel",18,"Clinicoradiologic","ibs",0.14535834319150284
"Spatial validation cohort","IDHmut-codel",19,"Clinicoradiologic","ibs",0.17252247008292215
"Spatial validation cohort","IDHmut-codel",20,"Clinicoradiologic","ibs",0.13701270613980343
"Spatial validation cohort","IDHmut-codel",21,"Clinicoradiologic","ibs",0.15640366691375496
"Spatial validation cohort","IDHmut-codel",22,"Clinicoradiologic","ibs",0.1393120341598427
"Spatial validation cohort","IDHmut-codel",23,"Clinicoradiologic","ibs",0.16849155390085455
"Spatial validation cohort","IDHmut-codel",24,"Clinicoradiologic","ibs",0.14403172447317167
"Spatial validation cohort","IDHmut-codel",25,"Clinicoradiologic","ibs",0.17303149685164568
"Spatial validation cohort","IDHmut-codel",26,"Clinicoradiologic","ibs",0.17788652267015445
"Spatial validation cohort","IDHmut-codel",27,"Clinicoradiologic","ibs",0.15975121230857517
"Spatial validation cohort","IDHmut-codel",28,"Clinicoradiologic","ibs",0.1843417418658566
"Spatial validation cohort","IDHmut-codel",29,"Clinicoradiologic","ibs",0.16916939762793134
"Spatial validation cohort","IDHmut-codel",30,"Clinicoradiologic","ibs",0.15770771469155018
"Spatial validation cohort","IDHmut-codel",31,"Clinicoradiologic","ibs",0.14947501348825615
"Spatial validation cohort","IDHmut-codel",32,"Clinicoradiologic","ibs",0.1526831655118091
"Spatial validation cohort","IDHmut-codel",33,"Clinicoradiologic","ibs",0.15309717149297683
"Spatial validation cohort","IDHmut-codel",34,"Clinicoradiologic","ibs",0.17441364670835727
"Spatial validation cohort","IDHmut-codel",35,"Clinicoradiologic","ibs",0.12054896802255136
"Spatial validation cohort","IDHmut-codel",36,"Clinicoradiologic","ibs",0.17791406497476803
"Spatial validation cohort","IDHmut-codel",37,"Clinicoradiologic","ibs",0.15811692562089463
"Spatial validation cohort","IDHmut-codel",38,"Clinicoradiologic","ibs",0.14363813709778578
"Spatial validation cohort","IDHmut-codel",39,"Clinicoradiologic","ibs",0.12992832343566127
"Spatial validation cohort","IDHmut-codel",40,"Clinicoradiologic","ibs",0.16537186553905733
"Spatial validation cohort","IDHmut-codel",41,"Clinicoradiologic","ibs",0.13110545694858294
"Spatial validation cohort","IDHmut-codel",42,"Clinicoradiologic","ibs",0.15138219352504334
"Spatial validation cohort","IDHmut-codel",43,"Clinicoradiologic","ibs",0.1504395523236567
"Spatial validation cohort","IDHmut-codel",44,"Clinicoradiologic","ibs",0.15258249934344809
"Spatial validation cohort","IDHmut-codel",45,"Clinicoradiologic","ibs",0.1627574062285134
"Spatial validation cohort","IDHmut-codel",46,"Clinicoradiologic","ibs",0.1654485433182798
"Spatial validation cohort","IDHmut-codel",47,"Clinicoradiologic","ibs",0.16876192711404744
"Spatial validation cohort","IDHmut-codel",48,"Clinicoradiologic","ibs",0.1757223317855436
"Spatial validation cohort","IDHmut-codel",49,"Clinicoradiologic","ibs",0.1592031468465243
"Spatial validation cohort","IDHmut-codel",50,"Clinicoradiologic","ibs",0.14900179675378328
"Spatial validation cohort","IDHmut-codel",51,"Clinicoradiologic","ibs",0.18006383159546147
"Spatial validation cohort","IDHmut-codel",52,"Clinicoradiologic","ibs",0.178355151607349
"Spatial validation cohort","IDHmut-codel",53,"Clinicoradiologic","ibs",0.142271689687163
"Spatial validation cohort","IDHmut-codel",54,"Clinicoradiologic","ibs",0.14272899301015235
"Spatial validation cohort","IDHmut-codel",55,"Clinicoradiologic","ibs",0.12994310044140553
"Spatial validation cohort","IDHmut-codel",56,"Clinicoradiologic","ibs",0.1535599172145467
"Spatial validation cohort","IDHmut-codel",57,"Clinicoradiologic","ibs",0.1422436181267357
"Spatial validation cohort","IDHmut-codel",58,"Clinicoradiologic","ibs",0.1655385127018764
"Spatial validation cohort","IDHmut-codel",59,"Clinicoradiologic","ibs",0.1535748362926415
"Spatial validation cohort","IDHmut-codel",60,"Clinicoradiologic","ibs",0.17256633430527654
"Spatial validation cohort","IDHmut-codel",61,"Clinicoradiologic","ibs",0.17339739297128307
"Spatial validation cohort","IDHmut-codel",62,"Clinicoradiologic","ibs",0.15885764594502838
"Spatial validation cohort","IDHmut-codel",63,"Clinicoradiologic","ibs",0.13620253632665902
"Spatial validation cohort","IDHmut-codel",64,"Clinicoradiologic","ibs",0.14335606046164898
"Spatial validation cohort","IDHmut-codel",65,"Clinicoradiologic","ibs",0.15739915863093668
"Spatial validation cohort","IDHmut-codel",66,"Clinicoradiologic","ibs",0.17312883507441787
"Spatial validation cohort","IDHmut-codel",67,"Clinicoradiologic","ibs",0.1689944042040299
"Spatial validation cohort","IDHmut-codel",68,"Clinicoradiologic","ibs",0.1667791205003521
"Spatial validation cohort","IDHmut-codel",69,"Clinicoradiologic","ibs",0.1338078905801693
"Spatial validation cohort","IDHmut-codel",70,"Clinicoradiologic","ibs",0.1720512148050429
"Spatial validation cohort","IDHmut-codel",71,"Clinicoradiologic","ibs",0.16856826879330475
"Spatial validation cohort","IDHmut-codel",72,"Clinicoradiologic","ibs",0.1580497544614275
"Spatial validation cohort","IDHmut-codel",73,"Clinicoradiologic","ibs",0.15077329027993244
"Spatial validation cohort","IDHmut-codel",74,"Clinicoradiologic","ibs",0.1465024869582896
"Spatial validation cohort","IDHmut-codel",75,"Clinicoradiologic","ibs",0.1602326323771548
"Spatial validation cohort","IDHmut-codel",76,"Clinicoradiologic","ibs",0.16587140047660828
"Spatial validation cohort","IDHmut-codel",77,"Clinicoradiologic","ibs",0.14058064671845882
"Spatial validation cohort","IDHmut-codel",78,"Clinicoradiologic","ibs",0.16518424191718853
"Spatial validation cohort","IDHmut-codel",79,"Clinicoradiologic","ibs",0.1462443855955019
"Spatial validation cohort","IDHmut-codel",80,"Clinicoradiologic","ibs",0.16806693416773266
"Spatial validation cohort","IDHmut-codel",81,"Clinicoradiologic","ibs",0.15901260823540903
"Spatial validation cohort","IDHmut-codel",82,"Clinicoradiologic","ibs",0.17835374808919627
"Spatial validation cohort","IDHmut-codel",83,"Clinicoradiologic","ibs",0.1401107665177618
"Spatial validation cohort","IDHmut-codel",84,"Clinicoradiologic","ibs",0.1317113008177278
"Spatial validation cohort","IDHmut-codel",85,"Clinicoradiologic","ibs",0.1872603062240342
"Spatial validation cohort","IDHmut-codel",86,"Clinicoradiologic","ibs",0.1459969883489985
"Spatial validation cohort","IDHmut-codel",87,"Clinicoradiologic","ibs",0.15978354862537938
"Spatial validation cohort","IDHmut-codel",88,"Clinicoradiologic","ibs",0.2015272792147833
"Spatial validation cohort","IDHmut-codel",89,"Clinicoradiologic","ibs",0.1866269813681859
"Spatial validation cohort","IDHmut-codel",90,"Clinicoradiologic","ibs",0.17431812227317744
"Spatial validation cohort","IDHmut-codel",91,"Clinicoradiologic","ibs",0.1476052144484992
"Spatial validation cohort","IDHmut-codel",92,"Clinicoradiologic","ibs",0.15801958431410376
"Spatial validation cohort","IDHmut-codel",93,"Clinicoradiologic","ibs",0.18159730476932776
"Spatial validation cohort","IDHmut-codel",94,"Clinicoradiologic","ibs",0.14596270808274248
"Spatial validation cohort","IDHmut-codel",95,"Clinicoradiologic","ibs",0.1254802967887158
"Spatial validation cohort","IDHmut-codel",96,"Clinicoradiologic","ibs",0.15207580581494218
"Spatial validation cohort","IDHmut-codel",97,"Clinicoradiologic","ibs",0.13843982921901715
"Spatial validation cohort","IDHmut-codel",98,"Clinicoradiologic","ibs",0.1635913516920341
"Spatial validation cohort","IDHmut-codel",99,"Clinicoradiologic","ibs",0.13749052300145692
"Spatial validation cohort","IDHmut-codel",100,"Clinicoradiologic","ibs",0.1406951418604259
"Spatial validation cohort","IDHmut-codel",1,"3D-ViT","ibs",0.12279914424258284
"Spatial validation cohort","IDHmut-codel",2,"3D-ViT","ibs",0.12289111670778227
"Spatial validation cohort","IDHmut-codel",3,"3D-ViT","ibs",0.14292087876846046
"Spatial validation cohort","IDHmut-codel",4,"3D-ViT","ibs",0.12864472292060009
"Spatial validation cohort","IDHmut-codel",5,"3D-ViT","ibs",0.1500864230153212
"Spatial validation cohort","IDHmut-codel",6,"3D-ViT","ibs",0.14116246651722827
"Spatial validation cohort","IDHmut-codel",7,"3D-ViT","ibs",0.1495456227180975
"Spatial validation cohort","IDHmut-codel",8,"3D-ViT","ibs",0.13780237758747219
"Spatial validation cohort","IDHmut-codel",9,"3D-ViT","ibs",0.13854055442111018
"Spatial validation cohort","IDHmut-codel",10,"3D-ViT","ibs",0.11693070260001177
"Spatial validation cohort","IDHmut-codel",11,"3D-ViT","ibs",0.12244448019448817
"Spatial validation cohort","IDHmut-codel",12,"3D-ViT","ibs",0.1400262180447965
"Spatial validation cohort","IDHmut-codel",13,"3D-ViT","ibs",0.11280899136318462
"Spatial validation cohort","IDHmut-codel",14,"3D-ViT","ibs",0.1273390185371961
"Spatial validation cohort","IDHmut-codel",15,"3D-ViT","ibs",0.12137670571434557
"Spatial validation cohort","IDHmut-codel",16,"3D-ViT","ibs",0.1581780285901838
"Spatial validation cohort","IDHmut-codel",17,"3D-ViT","ibs",0.12282537106984896
"Spatial validation cohort","IDHmut-codel",18,"3D-ViT","ibs",0.11599427309341816
"Spatial validation cohort","IDHmut-codel",19,"3D-ViT","ibs",0.14200158386074702
"Spatial validation cohort","IDHmut-codel",20,"3D-ViT","ibs",0.13916040088325535
"Spatial validation cohort","IDHmut-codel",21,"3D-ViT","ibs",0.14104681502820152
"Spatial validation cohort","IDHmut-codel",22,"3D-ViT","ibs",0.11609089617598409
"Spatial validation cohort","IDHmut-codel",23,"3D-ViT","ibs",0.1477814914087692
"Spatial validation cohort","IDHmut-codel",24,"3D-ViT","ibs",0.1269068240801552
"Spatial validation cohort","IDHmut-codel",25,"3D-ViT","ibs",0.13385919748521738
"Spatial validation cohort","IDHmut-codel",26,"3D-ViT","ibs",0.14650358300574934
"Spatial validation cohort","IDHmut-codel",27,"3D-ViT","ibs",0.14826384515784252
"Spatial validation cohort","IDHmut-codel",28,"3D-ViT","ibs",0.14998636640731838
"Spatial validation cohort","IDHmut-codel",29,"3D-ViT","ibs",0.15604319394484883
"Spatial validation cohort","IDHmut-codel",30,"3D-ViT","ibs",0.13767337303535584
"Spatial validation cohort","IDHmut-codel",31,"3D-ViT","ibs",0.12620650729354357
"Spatial validation cohort","IDHmut-codel",32,"3D-ViT","ibs",0.1525184716292062
"Spatial validation cohort","IDHmut-codel",33,"3D-ViT","ibs",0.13178378320568265
"Spatial validation cohort","IDHmut-codel",34,"3D-ViT","ibs",0.14869855709608812
"Spatial validation cohort","IDHmut-codel",35,"3D-ViT","ibs",0.11511456413966228
"Spatial validation cohort","IDHmut-codel",36,"3D-ViT","ibs",0.16919975667689227
"Spatial validation cohort","IDHmut-codel",37,"3D-ViT","ibs",0.14618771787753676
"Spatial validation cohort","IDHmut-codel",38,"3D-ViT","ibs",0.1200740604149811
"Spatial validation cohort","IDHmut-codel",39,"3D-ViT","ibs",0.12361487954893959
"Spatial validation cohort","IDHmut-codel",40,"3D-ViT","ibs",0.15597445456671377
"Spatial validation cohort","IDHmut-codel",41,"3D-ViT","ibs",0.10881957722884232
"Spatial validation cohort","IDHmut-codel",42,"3D-ViT","ibs",0.11876264182072518
"Spatial validation cohort","IDHmut-codel",43,"3D-ViT","ibs",0.12214919098118633
"Spatial validation cohort","IDHmut-codel",44,"3D-ViT","ibs",0.11143046094899813
"Spatial validation cohort","IDHmut-codel",45,"3D-ViT","ibs",0.13355476621257914
"Spatial validation cohort","IDHmut-codel",46,"3D-ViT","ibs",0.12616616991315546
"Spatial validation cohort","IDHmut-codel",47,"3D-ViT","ibs",0.15193258537474513
"Spatial validation cohort","IDHmut-codel",48,"3D-ViT","ibs",0.1547339196928298
"Spatial validation cohort","IDHmut-codel",49,"3D-ViT","ibs",0.1268204271008075
"Spatial validation cohort","IDHmut-codel",50,"3D-ViT","ibs",0.13542594230994262
"Spatial validation cohort","IDHmut-codel",51,"3D-ViT","ibs",0.1546831527220973
"Spatial validation cohort","IDHmut-codel",52,"3D-ViT","ibs",0.15030713570343288
"Spatial validation cohort","IDHmut-codel",53,"3D-ViT","ibs",0.11502932768879538
"Spatial validation cohort","IDHmut-codel",54,"3D-ViT","ibs",0.11990616370740985
"Spatial validation cohort","IDHmut-codel",55,"3D-ViT","ibs",0.11361713091400062
"Spatial validation cohort","IDHmut-codel",56,"3D-ViT","ibs",0.12168982839222872
"Spatial validation cohort","IDHmut-codel",57,"3D-ViT","ibs",0.12847578926888925
"Spatial validation cohort","IDHmut-codel",58,"3D-ViT","ibs",0.1384767780096061
"Spatial validation cohort","IDHmut-codel",59,"3D-ViT","ibs",0.11988187868444783
"Spatial validation cohort","IDHmut-codel",60,"3D-ViT","ibs",0.14829337866480571
"Spatial validation cohort","IDHmut-codel",61,"3D-ViT","ibs",0.15456895349170632
"Spatial validation cohort","IDHmut-codel",62,"3D-ViT","ibs",0.13774030486043254
"Spatial validation cohort","IDHmut-codel",63,"3D-ViT","ibs",0.10543685707924481
"Spatial validation cohort","IDHmut-codel",64,"3D-ViT","ibs",0.1295985019977013
"Spatial validation cohort","IDHmut-codel",65,"3D-ViT","ibs",0.1404293413029994
"Spatial validation cohort","IDHmut-codel",66,"3D-ViT","ibs",0.1491860320466961
"Spatial validation cohort","IDHmut-codel",67,"3D-ViT","ibs",0.14454667138430138
"Spatial validation cohort","IDHmut-codel",68,"3D-ViT","ibs",0.12593149178263
"Spatial validation cohort","IDHmut-codel",69,"3D-ViT","ibs",0.09496536760743711
"Spatial validation cohort","IDHmut-codel",70,"3D-ViT","ibs",0.13280117261328636
"Spatial validation cohort","IDHmut-codel",71,"3D-ViT","ibs",0.14165922997738384
"Spatial validation cohort","IDHmut-codel",72,"3D-ViT","ibs",0.13368763841264503
"Spatial validation cohort","IDHmut-codel",73,"3D-ViT","ibs",0.14750642019040397
"Spatial validation cohort","IDHmut-codel",74,"3D-ViT","ibs",0.1365408046464668
"Spatial validation cohort","IDHmut-codel",75,"3D-ViT","ibs",0.1530594486644356
"Spatial validation cohort","IDHmut-codel",76,"3D-ViT","ibs",0.14169405717176362
"Spatial validation cohort","IDHmut-codel",77,"3D-ViT","ibs",0.125917407326761
"Spatial validation cohort","IDHmut-codel",78,"3D-ViT","ibs",0.14481952376907523
"Spatial validation cohort","IDHmut-codel",79,"3D-ViT","ibs",0.1388472728215665
"Spatial validation cohort","IDHmut-codel",80,"3D-ViT","ibs",0.14367580513585634
"Spatial validation cohort","IDHmut-codel",81,"3D-ViT","ibs",0.1288391111915003
"Spatial validation cohort","IDHmut-codel",82,"3D-ViT","ibs",0.1381146122996249
"Spatial validation cohort","IDHmut-codel",83,"3D-ViT","ibs",0.13720421239537445
"Spatial validation cohort","IDHmut-codel",84,"3D-ViT","ibs",0.11808453339759174
"Spatial validation cohort","IDHmut-codel",85,"3D-ViT","ibs",0.14961370802160684
"Spatial validation cohort","IDHmut-codel",86,"3D-ViT","ibs",0.14731081320299355
"Spatial validation cohort","IDHmut-codel",87,"3D-ViT","ibs",0.13262625458656846
"Spatial validation cohort","IDHmut-codel",88,"3D-ViT","ibs",0.17427898787818272
"Spatial validation cohort","IDHmut-codel",89,"3D-ViT","ibs",0.1481817244325283
"Spatial validation cohort","IDHmut-codel",90,"3D-ViT","ibs",0.13387520716185272
"Spatial validation cohort","IDHmut-codel",91,"3D-ViT","ibs",0.13193427750297196
"Spatial validation cohort","IDHmut-codel",92,"3D-ViT","ibs",0.13690953098561698
"Spatial validation cohort","IDHmut-codel",93,"3D-ViT","ibs",0.16841512743732182
"Spatial validation cohort","IDHmut-codel",94,"3D-ViT","ibs",0.12791096628007886
"Spatial validation cohort","IDHmut-codel",95,"3D-ViT","ibs",0.10589616550144315
"Spatial validation cohort","IDHmut-codel",96,"3D-ViT","ibs",0.11328702265676174
"Spatial validation cohort","IDHmut-codel",97,"3D-ViT","ibs",0.1315896385475478
"Spatial validation cohort","IDHmut-codel",98,"3D-ViT","ibs",0.12283515896485969
"Spatial validation cohort","IDHmut-codel",99,"3D-ViT","ibs",0.1303998181473617
"Spatial validation cohort","IDHmut-codel",100,"3D-ViT","ibs",0.12586958206985158
"Spatial validation cohort","IDHmut-codel",1,"CR-ViT","ibs",0.11195570768390792
"Spatial validation cohort","IDHmut-codel",2,"CR-ViT","ibs",0.11870867531303428
"Spatial validation cohort","IDHmut-codel",3,"CR-ViT","ibs",0.15039760587709944
"Spatial validation cohort","IDHmut-codel",4,"CR-ViT","ibs",0.12596894759022353
"Spatial validation cohort","IDHmut-codel",5,"CR-ViT","ibs",0.15477084243152417
"Spatial validation cohort","IDHmut-codel",6,"CR-ViT","ibs",0.16644073872099785
"Spatial validation cohort","IDHmut-codel",7,"CR-ViT","ibs",0.13076431248564382
"Spatial validation cohort","IDHmut-codel",8,"CR-ViT","ibs",0.11458117549110315
"Spatial validation cohort","IDHmut-codel",9,"CR-ViT","ibs",0.14236809965905392
"Spatial validation cohort","IDHmut-codel",10,"CR-ViT","ibs",0.12777712305104097
"Spatial validation cohort","IDHmut-codel",11,"CR-ViT","ibs",0.12551790402700633
"Spatial validation cohort","IDHmut-codel",12,"CR-ViT","ibs",0.15242070840833588
"Spatial validation cohort","IDHmut-codel",13,"CR-ViT","ibs",0.11731138829324544
"Spatial validation cohort","IDHmut-codel",14,"CR-ViT","ibs",0.1258483952597253
"Spatial validation cohort","IDHmut-codel",15,"CR-ViT","ibs",0.1296749813202105
"Spatial validation cohort","IDHmut-codel",16,"CR-ViT","ibs",0.15599135887332102
"Spatial validation cohort","IDHmut-codel",17,"CR-ViT","ibs",0.12471581217026627
"Spatial validation cohort","IDHmut-codel",18,"CR-ViT","ibs",0.11157637534816486
"Spatial validation cohort","IDHmut-codel",19,"CR-ViT","ibs",0.14179202319086712
"Spatial validation cohort","IDHmut-codel",20,"CR-ViT","ibs",0.12740217592343048
"Spatial validation cohort","IDHmut-codel",21,"CR-ViT","ibs",0.13071501599600008
"Spatial validation cohort","IDHmut-codel",22,"CR-ViT","ibs",0.11250323477874109
"Spatial validation cohort","IDHmut-codel",23,"CR-ViT","ibs",0.14464321008071587
"Spatial validation cohort","IDHmut-codel",24,"CR-ViT","ibs",0.1223193239563899
"Spatial validation cohort","IDHmut-codel",25,"CR-ViT","ibs",0.1398526052128076
"Spatial validation cohort","IDHmut-codel",26,"CR-ViT","ibs",0.1519471232845022
"Spatial validation cohort","IDHmut-codel",27,"CR-ViT","ibs",0.13113658665322647
"Spatial validation cohort","IDHmut-codel",28,"CR-ViT","ibs",0.15573768208151814
"Spatial validation cohort","IDHmut-codel",29,"CR-ViT","ibs",0.15676039778159362
"Spatial validation cohort","IDHmut-codel",30,"CR-ViT","ibs",0.13650193213447548
"Spatial validation cohort","IDHmut-codel",31,"CR-ViT","ibs",0.12495404290558113
"Spatial validation cohort","IDHmut-codel",32,"CR-ViT","ibs",0.14323170603581767
"Spatial validation cohort","IDHmut-codel",33,"CR-ViT","ibs",0.1375405232454012
"Spatial validation cohort","IDHmut-codel",34,"CR-ViT","ibs",0.14390241613329574
"Spatial validation cohort","IDHmut-codel",35,"CR-ViT","ibs",0.11094844818844947
"Spatial validation cohort","IDHmut-codel",36,"CR-ViT","ibs",0.16754593730886996
"Spatial validation cohort","IDHmut-codel",37,"CR-ViT","ibs",0.1402858638163186
"Spatial validation cohort","IDHmut-codel",38,"CR-ViT","ibs",0.12684132081853908
"Spatial validation cohort","IDHmut-codel",39,"CR-ViT","ibs",0.1266507771337155
"Spatial validation cohort","IDHmut-codel",40,"CR-ViT","ibs",0.14050059183587787
"Spatial validation cohort","IDHmut-codel",41,"CR-ViT","ibs",0.11199605803342359
"Spatial validation cohort","IDHmut-codel",42,"CR-ViT","ibs",0.11856815201841216
"Spatial validation cohort","IDHmut-codel",43,"CR-ViT","ibs",0.11378751778211162
"Spatial validation cohort","IDHmut-codel",44,"CR-ViT","ibs",0.12873712218828995
"Spatial validation cohort","IDHmut-codel",45,"CR-ViT","ibs",0.1364436807920027
"Spatial validation cohort","IDHmut-codel",46,"CR-ViT","ibs",0.15627960192008486
"Spatial validation cohort","IDHmut-codel",47,"CR-ViT","ibs",0.14294554071000445
"Spatial validation cohort","IDHmut-codel",48,"CR-ViT","ibs",0.15843489857874946
"Spatial validation cohort","IDHmut-codel",49,"CR-ViT","ibs",0.12167799134207095
"Spatial validation cohort","IDHmut-codel",50,"CR-ViT","ibs",0.11962558751778254
"Spatial validation cohort","IDHmut-codel",51,"CR-ViT","ibs",0.14278692289532516
"Spatial validation cohort","IDHmut-codel",52,"CR-ViT","ibs",0.15442575186819804
"Spatial validation cohort","IDHmut-codel",53,"CR-ViT","ibs",0.11007863089917974
"Spatial validation cohort","IDHmut-codel",54,"CR-ViT","ibs",0.11235500231573807
"Spatial validation cohort","IDHmut-codel",55,"CR-ViT","ibs",0.11756781615342564
"Spatial validation cohort","IDHmut-codel",56,"CR-ViT","ibs",0.12382872288042046
"Spatial validation cohort","IDHmut-codel",57,"CR-ViT","ibs",0.12152665378112086
"Spatial validation cohort","IDHmut-codel",58,"CR-ViT","ibs",0.1554712007527966
"Spatial validation cohort","IDHmut-codel",59,"CR-ViT","ibs",0.13028235261399804
"Spatial validation cohort","IDHmut-codel",60,"CR-ViT","ibs",0.15306982623601273
"Spatial validation cohort","IDHmut-codel",61,"CR-ViT","ibs",0.1509597162186509
"Spatial validation cohort","IDHmut-codel",62,"CR-ViT","ibs",0.1337255659431729
"Spatial validation cohort","IDHmut-codel",63,"CR-ViT","ibs",0.10434017931020394
"Spatial validation cohort","IDHmut-codel",64,"CR-ViT","ibs",0.11830490858487631
"Spatial validation cohort","IDHmut-codel",65,"CR-ViT","ibs",0.1521444034070188
"Spatial validation cohort","IDHmut-codel",66,"CR-ViT","ibs",0.15448121393111094
"Spatial validation cohort","IDHmut-codel",67,"CR-ViT","ibs",0.15107683558184626
"Spatial validation cohort","IDHmut-codel",68,"CR-ViT","ibs",0.13890656215389305
"Spatial validation cohort","IDHmut-codel",69,"CR-ViT","ibs",0.0968758984641333
"Spatial validation cohort","IDHmut-codel",70,"CR-ViT","ibs",0.1413174970810528
"Spatial validation cohort","IDHmut-codel",71,"CR-ViT","ibs",0.14474378092606793
"Spatial validation cohort","IDHmut-codel",72,"CR-ViT","ibs",0.1424922423475623
"Spatial validation cohort","IDHmut-codel",73,"CR-ViT","ibs",0.1333171471980686
"Spatial validation cohort","IDHmut-codel",74,"CR-ViT","ibs",0.12672214446413183
"Spatial validation cohort","IDHmut-codel",75,"CR-ViT","ibs",0.13339081606486983
"Spatial validation cohort","IDHmut-codel",76,"CR-ViT","ibs",0.13665909925018568
"Spatial validation cohort","IDHmut-codel",77,"CR-ViT","ibs",0.11537342300100466
"Spatial validation cohort","IDHmut-codel",78,"CR-ViT","ibs",0.14667754537990205
"Spatial validation cohort","IDHmut-codel",79,"CR-ViT","ibs",0.12986564406110299
"Spatial validation cohort","IDHmut-codel",80,"CR-ViT","ibs",0.13963849837820735
"Spatial validation cohort","IDHmut-codel",81,"CR-ViT","ibs",0.13279045188055003
"Spatial validation cohort","IDHmut-codel",82,"CR-ViT","ibs",0.14774991522277628
"Spatial validation cohort","IDHmut-codel",83,"CR-ViT","ibs",0.11927580432698724
"Spatial validation cohort","IDHmut-codel",84,"CR-ViT","ibs",0.12442330020996234
"Spatial validation cohort","IDHmut-codel",85,"CR-ViT","ibs",0.16026991698215573
"Spatial validation cohort","IDHmut-codel",86,"CR-ViT","ibs",0.14114740964034628
"Spatial validation cohort","IDHmut-codel",87,"CR-ViT","ibs",0.1325770785852096
"Spatial validation cohort","IDHmut-codel",88,"CR-ViT","ibs",0.17327684771944804
"Spatial validation cohort","IDHmut-codel",89,"CR-ViT","ibs",0.14795662912791707
"Spatial validation cohort","IDHmut-codel",90,"CR-ViT","ibs",0.13552009105939453
"Spatial validation cohort","IDHmut-codel",91,"CR-ViT","ibs",0.1393879964634777
"Spatial validation cohort","IDHmut-codel",92,"CR-ViT","ibs",0.14358025116602066
"Spatial validation cohort","IDHmut-codel",93,"CR-ViT","ibs",0.16858715635851346
"Spatial validation cohort","IDHmut-codel",94,"CR-ViT","ibs",0.12303169535033763
"Spatial validation cohort","IDHmut-codel",95,"CR-ViT","ibs",0.09079751133350365
"Spatial validation cohort","IDHmut-codel",96,"CR-ViT","ibs",0.12575420855407235
"Spatial validation cohort","IDHmut-codel",97,"CR-ViT","ibs",0.1315635489473864
"Spatial validation cohort","IDHmut-codel",98,"CR-ViT","ibs",0.1367008884383782
"Spatial validation cohort","IDHmut-codel",99,"CR-ViT","ibs",0.12663543043182995
"Spatial validation cohort","IDHmut-codel",100,"CR-ViT","ibs",0.11850559683749223
"Spatial validation cohort","GBM",1,"3D-CNN","cindex",0.6077528391308236
"Spatial validation cohort","GBM",2,"3D-CNN","cindex",0.6372331813727579
"Spatial validation cohort","GBM",3,"3D-CNN","cindex",0.6111434874911543
"Spatial validation cohort","GBM",4,"3D-CNN","cindex",0.613737509446637
"Spatial validation cohort","GBM",5,"3D-CNN","cindex",0.6356015882686611
"Spatial validation cohort","GBM",6,"3D-CNN","cindex",0.6075396743291055
"Spatial validation cohort","GBM",7,"3D-CNN","cindex",0.6179587165684737
"Spatial validation cohort","GBM",8,"3D-CNN","cindex",0.5897208011792248
"Spatial validation cohort","GBM",9,"3D-CNN","cindex",0.6156133828996282
"Spatial validation cohort","GBM",10,"3D-CNN","cindex",0.6180395663350844
"Spatial validation cohort","GBM",11,"3D-CNN","cindex",0.6245974543781628
"Spatial validation cohort","GBM",12,"3D-CNN","cindex",0.5956383557061014
"Spatial validation cohort","GBM",13,"3D-CNN","cindex",0.5739497452271087
"Spatial validation cohort","GBM",14,"3D-CNN","cindex",0.650284661754856
"Spatial validation cohort","GBM",15,"3D-CNN","cindex",0.6270378078390566
"Spatial validation cohort","GBM",16,"3D-CNN","cindex",0.6401082579708232
"Spatial validation cohort","GBM",17,"3D-CNN","cindex",0.6062179514801569
"Spatial validation cohort","GBM",18,"3D-CNN","cindex",0.6083209084781764
"Spatial validation cohort","GBM",19,"3D-CNN","cindex",0.6451515478373422
"Spatial validation cohort","GBM",20,"3D-CNN","cindex",0.6424318260269244
"Spatial validation cohort","GBM",21,"3D-CNN","cindex",0.5990722048021992
"Spatial validation cohort","GBM",22,"3D-CNN","cindex",0.6370290452920395
"Spatial validation cohort","GBM",23,"3D-CNN","cindex",0.6177040706439803
"Spatial validation cohort","GBM",24,"3D-CNN","cindex",0.6079742023662068
"Spatial validation cohort","GBM",25,"3D-CNN","cindex",0.6194299737374607
"Spatial validation cohort","GBM",26,"3D-CNN","cindex",0.5724301056938288
"Spatial validation cohort","GBM",27,"3D-CNN","cindex",0.61251781671837
"Spatial validation cohort","GBM",28,"3D-CNN","cindex",0.6200547875390202
"Spatial validation cohort","GBM",29,"3D-CNN","cindex",0.6399855047748977
"Spatial validation cohort","GBM",30,"3D-CNN","cindex",0.6232358398132127
"Spatial validation cohort","GBM",31,"3D-CNN","cindex",0.5912222341452946
"Spatial validation cohort","GBM",32,"3D-CNN","cindex",0.6004948730315167
"Spatial validation cohort","GBM",33,"3D-CNN","cindex",0.5744368890777731
"Spatial validation cohort","GBM",34,"3D-CNN","cindex",0.5977277465082343
"Spatial validation cohort","GBM",35,"3D-CNN","cindex",0.6201407643833374
"Spatial validation cohort","GBM",36,"3D-CNN","cindex",0.5986249358645459
"Spatial validation cohort","GBM",37,"3D-CNN","cindex",0.5798781519715688
"Spatial validation cohort","GBM",38,"3D-CNN","cindex",0.5951789372738765
"Spatial validation cohort","GBM",39,"3D-CNN","cindex",0.6197158469945355
"Spatial validation cohort","GBM",40,"3D-CNN","cindex",0.6272379332341059
"Spatial validation cohort","GBM",41,"3D-CNN","cindex",0.62611477111445335
"Spatial validation cohort","GBM",42,"3D-CNN","cindex",0.6042880106887121
"Spatial validation cohort","GBM",43,"3D-CNN","cindex",0.5864836100468285
"Spatial validation cohort","GBM",44,"3D-CNN","cindex",0.5898374767135608
"Spatial validation cohort","GBM",45,"3D-CNN","cindex",0.6177902778943833
"Spatial validation cohort","GBM",46,"3D-CNN","cindex",0.5893380451646268
"Spatial validation cohort","GBM",47,"3D-CNN","cindex",0.597932827642521
"Spatial validation cohort","GBM",48,"3D-CNN","cindex",0.6533607471729478
"Spatial validation cohort","GBM",49,"3D-CNN","cindex",0.6142193885192238
"Spatial validation cohort","GBM",50,"3D-CNN","cindex",0.6200497208653175
"Spatial validation cohort","GBM",51,"3D-CNN","cindex",0.621897191308956
"Spatial validation cohort","GBM",52,"3D-CNN","cindex",0.6053574475345505
"Spatial validation cohort","GBM",53,"3D-CNN","cindex",0.6317066939192642
"Spatial validation cohort","GBM",54,"3D-CNN","cindex",0.5969870654632496
"Spatial validation cohort","GBM",55,"3D-CNN","cindex",0.5813850251553714
"Spatial validation cohort","GBM",56,"3D-CNN","cindex",0.6112095009896864
"Spatial validation cohort","GBM",57,"3D-CNN","cindex",0.6029535410154145
"Spatial validation cohort","GBM",58,"3D-CNN","cindex",0.5959391282772311
"Spatial validation cohort","GBM",59,"3D-CNN","cindex",0.628250146308837
"Spatial validation cohort","GBM",60,"3D-CNN","cindex",0.6119160922728921
"Spatial validation cohort","GBM",61,"3D-CNN","cindex",0.6186789834330818
"Spatial validation cohort","GBM",62,"3D-CNN","cindex",0.6137659016535553
"Spatial validation cohort","GBM",63,"3D-CNN","cindex",0.6157931193719695
"Spatial validation cohort","GBM",64,"3D-CNN","cindex",0.6218519061276613
"Spatial validation cohort","GBM",65,"3D-CNN","cindex",0.593018678098071
"Spatial validation cohort","GBM",66,"3D-CNN","cindex",0.6041777118015057
"Spatial validation cohort","GBM",67,"3D-CNN","cindex",0.6181221139045665
"Spatial validation cohort","GBM",68,"3D-CNN","cindex",0.5828427427893779
"Spatial validation cohort","GBM",69,"3D-CNN","cindex",0.5894143632722995
"Spatial validation cohort","GBM",70,"3D-CNN","cindex",0.6131628197130381
"Spatial validation cohort","GBM",71,"3D-CNN","cindex",0.6080166909021938
"Spatial validation cohort","GBM",72,"3D-CNN","cindex",0.5884876960374161
"Spatial validation cohort","GBM",73,"3D-CNN","cindex",0.6280144312931198
"Spatial validation cohort","GBM",74,"3D-CNN","cindex",0.6068625623822244
"Spatial validation cohort","GBM",75,"3D-CNN","cindex",0.630173564753004
"Spatial validation cohort","GBM",76,"3D-CNN","cindex",0.5598244863013699
"Spatial validation cohort","GBM",77,"3D-CNN","cindex",0.6244280630401626
"Spatial validation cohort","GBM",78,"3D-CNN","cindex",0.5820671666123247
"Spatial validation cohort","GBM",79,"3D-CNN","cindex",0.6375015725248458
"Spatial validation cohort","GBM",80,"3D-CNN","cindex",0.6315867881161148
"Spatial validation cohort","GBM",81,"3D-CNN","cindex",0.5999204488360409
"Spatial validation cohort","GBM",82,"3D-CNN","cindex",0.6027203413099035
"Spatial validation cohort","GBM",83,"3D-CNN","cindex",0.6492759576871726
"Spatial validation cohort","GBM",84,"3D-CNN","cindex",0.5703758759821618
"Spatial validation cohort","GBM",85,"3D-CNN","cindex",0.6411397661690483
"Spatial validation cohort","GBM",86,"3D-CNN","cindex",0.5766979523936662
"Spatial validation cohort","GBM",87,"3D-CNN","cindex",0.5998693141098604
"Spatial validation cohort","GBM",88,"3D-CNN","cindex",0.5999737716383984
"Spatial validation cohort","GBM",89,"3D-CNN","cindex",0.6279490645850595
"Spatial validation cohort","GBM",90,"3D-CNN","cindex",0.60068349106204
"Spatial validation cohort","GBM",91,"3D-CNN","cindex",0.5825174681039635
"Spatial validation cohort","GBM",92,"3D-CNN","cindex",0.6199684044233807
"Spatial validation cohort","GBM",93,"3D-CNN","cindex",0.6159978381299824
"Spatial validation cohort","GBM",94,"3D-CNN","cindex",0.6186469633552576
"Spatial validation cohort","GBM",95,"3D-CNN","cindex",0.6106112448781312
"Spatial validation cohort","GBM",96,"3D-CNN","cindex",0.5903581208737555
"Spatial validation cohort","GBM",97,"3D-CNN","cindex",0.6124045882904781
"Spatial validation cohort","GBM",98,"3D-CNN","cindex",0.5980121731597784
"Spatial validation cohort","GBM",99,"3D-CNN","cindex",0.5915063597182803
"Spatial validation cohort","GBM",100,"3D-CNN","cindex",0.6110631306216165
"Spatial validation cohort","GBM",1,"Clinicoradiologic","cindex",0.6535701511222392
"Spatial validation cohort","GBM",2,"Clinicoradiologic","cindex",0.603915470154659
"Spatial validation cohort","GBM",3,"Clinicoradiologic","cindex",0.575615035590892
"Spatial validation cohort","GBM",4,"Clinicoradiologic","cindex",0.6122785288437316
"Spatial validation cohort","GBM",5,"Clinicoradiologic","cindex",0.6385008088405218
"Spatial validation cohort","GBM",6,"Clinicoradiologic","cindex",0.5827729614533115
"Spatial validation cohort","GBM",7,"Clinicoradiologic","cindex",0.6477133047937947
"Spatial validation cohort","GBM",8,"Clinicoradiologic","cindex",0.6175431370848868
"Spatial validation cohort","GBM",9,"Clinicoradiologic","cindex",0.6144981412639405
"Spatial validation cohort","GBM",10,"Clinicoradiologic","cindex",0.6426511679892701
"Spatial validation cohort","GBM",11,"Clinicoradiologic","cindex",0.6219466777663374
"Spatial validation cohort","GBM",12,"Clinicoradiologic","cindex",0.6060406473466315
"Spatial validation cohort","GBM",13,"Clinicoradiologic","cindex",0.6219192162179894
"Spatial validation cohort","GBM",14,"Clinicoradiologic","cindex",0.5915731748158071
"Spatial validation cohort","GBM",15,"Clinicoradiologic","cindex",0.6213796392646549
"Spatial validation cohort","GBM",16,"Clinicoradiologic","cindex",0.6209100710717979
"Spatial validation cohort","GBM",17,"Clinicoradiologic","cindex",0.5956069289438531
"Spatial validation cohort","GBM",18,"Clinicoradiologic","cindex",0.6315332611670513
"Spatial validation cohort","GBM",19,"Clinicoradiologic","cindex",0.6446985222737569
"Spatial validation cohort","GBM",20,"Clinicoradiologic","cindex",0.631957628581291
"Spatial validation cohort","GBM",21,"Clinicoradiologic","cindex",0.6242644216313732
"Spatial validation cohort","GBM",22,"Clinicoradiologic","cindex",0.6341943263311545
"Spatial validation cohort","GBM",23,"Clinicoradiologic","cindex",0.6400818436355804
"Spatial validation cohort","GBM",24,"Clinicoradiologic","cindex",0.6260197326271729
"Spatial validation cohort","GBM",25,"Clinicoradiologic","cindex",0.64175313213071
"Spatial validation cohort","GBM",26,"Clinicoradiologic","cindex",0.6262785543811797
"Spatial validation cohort","GBM",27,"Clinicoradiologic","cindex",0.6235117799949694
"Spatial validation cohort","GBM",28,"Clinicoradiologic","cindex",0.6337516722940689
"Spatial validation cohort","GBM",29,"Clinicoradiologic","cindex",0.6299241132332879
"Spatial validation cohort","GBM",30,"Clinicoradiologic","cindex",0.6189726698492777
"Spatial validation cohort","GBM",31,"Clinicoradiologic","cindex",0.6396287155274171
"Spatial validation cohort","GBM",32,"Clinicoradiologic","cindex",0.6479062257543668
"Spatial validation cohort","GBM",33,"Clinicoradiologic","cindex",0.6245218869528262
"Spatial validation cohort","GBM",34,"Clinicoradiologic","cindex",0.5964873879508026
"Spatial validation cohort","GBM",35,"Clinicoradiologic","cindex",0.6274961126115066
"Spatial validation cohort","GBM",36,"Clinicoradiologic","cindex",0.6267624422780913
"Spatial validation cohort","GBM",37,"Clinicoradiologic","cindex",0.5792223726518869
"Spatial validation cohort","GBM",38,"Clinicoradiologic","cindex",0.6165053833747439
"Spatial validation cohort","GBM",39,"Clinicoradiologic","cindex",0.6188415300546448
"Spatial validation cohort","GBM",40,"Clinicoradiologic","cindex",0.5861365086115246
"Spatial validation cohort","GBM",41,"Clinicoradiologic","cindex",0.615554896519584
"Spatial validation cohort","GBM",42,"Clinicoradiologic","cindex",0.6176175862716853
"Spatial validation cohort","GBM",43,"Clinicoradiologic","cindex",0.6252979991485739
"Spatial validation cohort","GBM",44,"Clinicoradiologic","cindex",0.6339907068371127
"Spatial validation cohort","GBM",45,"Clinicoradiologic","cindex",0.6488225170010914
"Spatial validation cohort","GBM",46,"Clinicoradiologic","cindex",0.6077077228064127
"Spatial validation cohort","GBM",47,"Clinicoradiologic","cindex",0.6445194146593034
"Spatial validation cohort","GBM",48,"Clinicoradiologic","cindex",0.6023863164111201
"Spatial validation cohort","GBM",49,"Clinicoradiologic","cindex",0.6227347611202636
"Spatial validation cohort","GBM",50,"Clinicoradiologic","cindex",0.6304082344731333
"Spatial validation cohort","GBM",51,"Clinicoradiologic","cindex",0.5926868044515103
"Spatial validation cohort","GBM",52,"Clinicoradiologic","cindex",0.6180259341409315
"Spatial validation cohort","GBM",53,"Clinicoradiologic","cindex",0.6210185658320558
"Spatial validation cohort","GBM",54,"Clinicoradiologic","cindex",0.6128093638140413
"Spatial validation cohort","GBM",55,"Clinicoradiologic","cindex",0.638883016953452
"Spatial validation cohort","GBM",56,"Clinicoradiologic","cindex",0.63202416918429
"Spatial validation cohort","GBM",57,"Clinicoradiologic","cindex",0.6386762962164493
"Spatial validation cohort","GBM",58,"Clinicoradiologic","cindex",0.5886299727069721
"Spatial validation cohort","GBM",59,"Clinicoradiologic","cindex",0.6248014380068556
"Spatial validation cohort","GBM",60,"Clinicoradiologic","cindex",0.607680160474595
"Spatial validation cohort","GBM",61,"Clinicoradiologic","cindex",0.6209775349119612
"Spatial validation cohort","GBM",62,"Clinicoradiologic","cindex",0.5948031120646685
"Spatial validation cohort","GBM",63,"Clinicoradiologic","cindex",0.6244201423143931
"Spatial validation cohort","GBM",64,"Clinicoradiologic","cindex",0.6505223271296083
"Spatial validation cohort","GBM",65,"Clinicoradiologic","cindex",0.6006845719784786
"Spatial validation cohort","GBM",66,"Clinicoradiologic","cindex",0.6045700349909872
"Spatial validation cohort","GBM",67,"Clinicoradiologic","cindex",0.639681888147768
"Spatial validation cohort","GBM",68,"Clinicoradiologic","cindex",0.6196899750116471
"Spatial validation cohort","GBM",69,"Clinicoradiologic","cindex",0.5759655677806907
"Spatial validation cohort","GBM",70,"Clinicoradiologic","cindex",0.6276044915782907
"Spatial validation cohort","GBM",71,"Clinicoradiologic","cindex",0.6285220543297296
"Spatial validation cohort","GBM",72,"Clinicoradiologic","cindex",0.6448799639570059
"Spatial validation cohort","GBM",73,"Clinicoradiologic","cindex",0.6581323712471253
"Spatial validation cohort","GBM",74,"Clinicoradiologic","cindex",0.6568615269926074
"Spatial validation cohort","GBM",75,"Clinicoradiologic","cindex",0.6207954692277876
"Spatial validation cohort","GBM",76,"Clinicoradiologic","cindex",0.6046018835616438
"Spatial validation cohort","GBM",77,"Clinicoradiologic","cindex",0.6380274529740722
"Spatial validation cohort","GBM",78,"Clinicoradiologic","cindex",0.598087164438648
"Spatial validation cohort","GBM",79,"Clinicoradiologic","cindex",0.6452698452635551
"Spatial validation cohort","GBM",80,"Clinicoradiologic","cindex",0.6403124201923895
"Spatial validation cohort","GBM",81,"Clinicoradiologic","cindex",0.636461647965165
"Spatial validation cohort","GBM",82,"Clinicoradiologic","cindex",0.6314233214353602
"Spatial validation cohort","GBM",83,"Clinicoradiologic","cindex",0.6150148916504057
"Spatial validation cohort","GBM",84,"Clinicoradiologic","cindex",0.6366956891059673
"Spatial validation cohort","GBM",85,"Clinicoradiologic","cindex",0.6234746683135635
"Spatial validation cohort","GBM",86,"Clinicoradiologic","cindex",0.5842558172968311
"Spatial validation cohort","GBM",87,"Clinicoradiologic","cindex",0.6095021289153071
"Spatial validation cohort","GBM",88,"Clinicoradiologic","cindex",0.6099514775310368
"Spatial validation cohort","GBM",89,"Clinicoradiologic","cindex",0.6430596136234792
"Spatial validation cohort","GBM",90,"Clinicoradiologic","cindex",0.6459319137749737
"Spatial validation cohort","GBM",91,"Clinicoradiologic","cindex",0.6347259723395923
"Spatial validation cohort","GBM",92,"Clinicoradiologic","cindex",0.639652448657188
"Spatial validation cohort","GBM",93,"Clinicoradiologic","cindex",0.6358037202179886
"Spatial validation cohort","GBM",94,"Clinicoradiologic","cindex",0.6488959596822415
"Spatial validation cohort","GBM",95,"Clinicoradiologic","cindex",0.6323976682296287
"Spatial validation cohort","GBM",96,"Clinicoradiologic","cindex",0.5957076442991487
"Spatial validation cohort","GBM",97,"Clinicoradiologic","cindex",0.5579399599164214
"Spatial validation cohort","GBM",98,"Clinicoradiologic","cindex",0.577894544874279
"Spatial validation cohort","GBM",99,"Clinicoradiologic","cindex",0.6192473457374119
"Spatial validation cohort","GBM",100,"Clinicoradiologic","cindex",0.6116002780527878
"Spatial validation cohort","GBM",1,"3D-ViT","cindex",0.674874809979433
"Spatial validation cohort","GBM",2,"3D-ViT","cindex",0.6675897916577904
"Spatial validation cohort","GBM",3,"3D-ViT","cindex",0.6383569912167506
"Spatial validation cohort","GBM",4,"3D-ViT","cindex",0.6492043832395668
"Spatial validation cohort","GBM",5,"3D-ViT","cindex",0.6888380007983361
"Spatial validation cohort","GBM",6,"3D-ViT","cindex",0.6393205189216031
"Spatial validation cohort","GBM",7,"3D-ViT","cindex",0.6737485694909507
"Spatial validation cohort","GBM",8,"3D-ViT","cindex",0.6360769097372756
"Spatial validation cohort","GBM",9,"3D-ViT","cindex",0.6499380421313506
"Spatial validation cohort","GBM",10,"3D-ViT","cindex",0.6504861964904437
"Spatial validation cohort","GBM",11,"3D-ViT","cindex",0.6575569040681754
"Spatial validation cohort","GBM",12,"3D-ViT","cindex",0.6431438966252666
"Spatial validation cohort","GBM",13,"3D-ViT","cindex",0.6405187307280162
"Spatial validation cohort","GBM",14,"3D-ViT","cindex",0.6756635130609511
"Spatial validation cohort","GBM",15,"3D-ViT","cindex",0.6744818765175165
"Spatial validation cohort","GBM",16,"3D-ViT","cindex",0.6799678746671948
"Spatial validation cohort","GBM",17,"3D-ViT","cindex",0.6483927263325721
"Spatial validation cohort","GBM",18,"3D-ViT","cindex",0.6330446682053062
"Spatial validation cohort","GBM",19,"3D-ViT","cindex",0.6889332326609858
"Spatial validation cohort","GBM",20,"3D-ViT","cindex",0.6838647739040387
"Spatial validation cohort","GBM",21,"3D-ViT","cindex",0.6450753833598213
"Spatial validation cohort","GBM",22,"3D-ViT","cindex",0.6702523746059952
"Spatial validation cohort","GBM",23,"3D-ViT","cindex",0.6523045444755546
"Spatial validation cohort","GBM",24,"3D-ViT","cindex",0.6605945414940417
"Spatial validation cohort","GBM",25,"3D-ViT","cindex",0.684322125113015
"Spatial validation cohort","GBM",26,"3D-ViT","cindex",0.6182130071599046
"Spatial validation cohort","GBM",27,"3D-ViT","cindex",0.6501320533243901
"Spatial validation cohort","GBM",28,"3D-ViT","cindex",0.6552207428170989
"Spatial validation cohort","GBM",29,"3D-ViT","cindex",0.6729834583901774
"Spatial validation cohort","GBM",30,"3D-ViT","cindex",0.6490858679563885
"Spatial validation cohort","GBM",31,"3D-ViT","cindex",0.6305934113102264
"Spatial validation cohort","GBM",32,"3D-ViT","cindex",0.624976409654218
"Spatial validation cohort","GBM",33,"3D-ViT","cindex",0.6209732256693583
"Spatial validation cohort","GBM",34,"3D-ViT","cindex",0.6532833020637898
"Spatial validation cohort","GBM",35,"3D-ViT","cindex",0.6503294050249611
"Spatial validation cohort","GBM",36,"3D-ViT","cindex",0.6562442278091329
"Spatial validation cohort","GBM",37,"3D-ViT","cindex",0.6268721441868337
"Spatial validation cohort","GBM",38,"3D-ViT","cindex",0.6281875245194194
"Spatial validation cohort","GBM",39,"3D-ViT","cindex",0.6629836065573771
"Spatial validation cohort","GBM",40,"3D-ViT","cindex",0.6683925154156921
"Spatial validation cohort","GBM",41,"3D-ViT","cindex",0.6676022623763425
"Spatial validation cohort","GBM",42,"3D-ViT","cindex",0.6426066261664684
"Spatial validation cohort","GBM",43,"3D-ViT","cindex",0.6410280970625798
"Spatial validation cohort","GBM",44,"3D-ViT","cindex",0.6481445793451961
"Spatial validation cohort","GBM",45,"3D-ViT","cindex",0.6571131726975066
"Spatial validation cohort","GBM",46,"3D-ViT","cindex",0.6344164799172556
"Spatial validation cohort","GBM",47,"3D-ViT","cindex",0.6468294045598126
"Spatial validation cohort","GBM",48,"3D-ViT","cindex",0.6861479909884294
"Spatial validation cohort","GBM",49,"3D-ViT","cindex",0.6509446072872762
"Spatial validation cohort","GBM",50,"3D-ViT","cindex",0.6805325366364271
"Spatial validation cohort","GBM",51,"3D-ViT","cindex",0.6573926868044515
"Spatial validation cohort","GBM",52,"3D-ViT","cindex",0.6509128135130524
"Spatial validation cohort","GBM",53,"3D-ViT","cindex",0.6669221597683529
"Spatial validation cohort","GBM",54,"3D-ViT","cindex",0.6353844126754068
"Spatial validation cohort","GBM",55,"3D-ViT","cindex",0.6168456432587832
"Spatial validation cohort","GBM",56,"3D-ViT","cindex",0.673226377747682
"Spatial validation cohort","GBM",57,"3D-ViT","cindex",0.6364234127411879
"Spatial validation cohort","GBM",58,"3D-ViT","cindex",0.6260958564221322
"Spatial validation cohort","GBM",59,"3D-ViT","cindex",0.6646392442103504
"Spatial validation cohort","GBM",60,"3D-ViT","cindex",0.6674953586137726
"Spatial validation cohort","GBM",61,"3D-ViT","cindex",0.6513249197675427
"Spatial validation cohort","GBM",62,"3D-ViT","cindex",0.643001105259736
"Spatial validation cohort","GBM",63,"3D-ViT","cindex",0.6517285531370038
"Spatial validation cohort","GBM",64,"3D-ViT","cindex",0.6630309627985849
"Spatial validation cohort","GBM",65,"3D-ViT","cindex",0.6473688815012466
"Spatial validation cohort","GBM",66,"3D-ViT","cindex",0.6232743081327536
"Spatial validation cohort","GBM",67,"3D-ViT","cindex",0.6617650076962545
"Spatial validation cohort","GBM",68,"3D-ViT","cindex",0.6199864469950447
"Spatial validation cohort","GBM",69,"3D-ViT","cindex",0.632919100798877
"Spatial validation cohort","GBM",70,"3D-ViT","cindex",0.6653982116864213
"Spatial validation cohort","GBM",71,"3D-ViT","cindex",0.6507976649596425
"Spatial validation cohort","GBM",72,"3D-ViT","cindex",0.6405569500761623
"Spatial validation cohort","GBM",73,"3D-ViT","cindex",0.6687132096968162
"Spatial validation cohort","GBM",74,"3D-ViT","cindex",0.6539417282723489
"Spatial validation cohort","GBM",75,"3D-ViT","cindex",0.6663077651922994
"Spatial validation cohort","GBM",76,"3D-ViT","cindex",0.6228488869863014
"Spatial validation cohort","GBM",77,"3D-ViT","cindex",0.6685943060498221
"Spatial validation cohort","GBM",78,"3D-ViT","cindex",0.6399521791109661
"Spatial validation cohort","GBM",79,"3D-ViT","cindex",0.6764163207112006
"Spatial validation cohort","GBM",80,"3D-ViT","cindex",0.6627756022814335
"Spatial validation cohort","GBM",81,"3D-ViT","cindex",0.6321282029810752
"Spatial validation cohort","GBM",82,"3D-ViT","cindex",0.6414873170422625
"Spatial validation cohort","GBM",83,"3D-ViT","cindex",0.676727944952244
"Spatial validation cohort","GBM",84,"3D-ViT","cindex",0.6303142917816946
"Spatial validation cohort","GBM",85,"3D-ViT","cindex",0.6681538428775262
"Spatial validation cohort","GBM",86,"3D-ViT","cindex",0.6082951674847508
"Spatial validation cohort","GBM",87,"3D-ViT","cindex",0.6477593693351882
"Spatial validation cohort","GBM",88,"3D-ViT","cindex",0.640267092148977
"Spatial validation cohort","GBM",89,"3D-ViT","cindex",0.6519776721468754
"Spatial validation cohort","GBM",90,"3D-ViT","cindex",0.6426897125832457
"Spatial validation cohort","GBM",91,"3D-ViT","cindex",0.6398684997011357
"Spatial validation cohort","GBM",92,"3D-ViT","cindex",0.6563559768299105
"Spatial validation cohort","GBM",93,"3D-ViT","cindex",0.6697743548169166
"Spatial validation cohort","GBM",94,"3D-ViT","cindex",0.6370654309387546
"Spatial validation cohort","GBM",95,"3D-ViT","cindex",0.6686942930765006
"Spatial validation cohort","GBM",96,"3D-ViT","cindex",0.6250451100685673
"Spatial validation cohort","GBM",97,"3D-ViT","cindex",0.6525627904993391
"Spatial validation cohort","GBM",98,"3D-ViT","cindex",0.6131602343447238
"Spatial validation cohort","GBM",99,"3D-ViT","cindex",0.6338484179543782
"Spatial validation cohort","GBM",100,"3D-ViT","cindex",0.6513491879594717
"Spatial validation cohort","GBM",1,"CR-ViT","cindex",0.7275999284628454
"Spatial validation cohort","GBM",2,"CR-ViT","cindex",0.6976694644454859
"Spatial validation cohort","GBM",3,"CR-ViT","cindex",0.6544769595804021
"Spatial validation cohort","GBM",4,"CR-ViT","cindex",0.6911999328239147
"Spatial validation cohort","GBM",5,"CR-ViT","cindex",0.7324313535998656
"Spatial validation cohort","GBM",6,"CR-ViT","cindex",0.6552730131799467
"Spatial validation cohort","GBM",7,"CR-ViT","cindex",0.7201076590514135
"Spatial validation cohort","GBM",8,"CR-ViT","cindex",0.6799184947541836
"Spatial validation cohort","GBM",9,"CR-ViT","cindex",0.6793267244940108
"Spatial validation cohort","GBM",10,"CR-ViT","cindex",0.7076561976081368
"Spatial validation cohort","GBM",11,"CR-ViT","cindex",0.6944815650535632
"Spatial validation cohort","GBM",12,"CR-ViT","cindex",0.6748003178187597
"Spatial validation cohort","GBM",13,"CR-ViT","cindex",0.6844096485664924
"Spatial validation cohort","GBM",14,"CR-ViT","cindex",0.7006865371734763
"Spatial validation cohort","GBM",15,"CR-ViT","cindex",0.7034122441900797
"Spatial validation cohort","GBM",16,"CR-ViT","cindex",0.7079675226087531
"Spatial validation cohort","GBM",17,"CR-ViT","cindex",0.6791269875468608
"Spatial validation cohort","GBM",18,"CR-ViT","cindex",0.6888339698944057
"Spatial validation cohort","GBM",19,"CR-ViT","cindex",0.7298457555819221
"Spatial validation cohort","GBM",20,"CR-ViT","cindex",0.7206593027269589
"Spatial validation cohort","GBM",21,"CR-ViT","cindex",0.69279670117263
"Spatial validation cohort","GBM",22,"CR-ViT","cindex",0.7182204734403757
"Spatial validation cohort","GBM",23,"CR-ViT","cindex",0.7022830066767176
"Spatial validation cohort","GBM",24,"CR-ViT","cindex",0.7005936872677572
"Spatial validation cohort","GBM",25,"CR-ViT","cindex",0.7299263787833126
"Spatial validation cohort","GBM",26,"CR-ViT","cindex",0.6685987043982271
"Spatial validation cohort","GBM",27,"CR-ViT","cindex",0.6939087784019452
"Spatial validation cohort","GBM",28,"CR-ViT","cindex",0.696799813127774
"Spatial validation cohort","GBM",29,"CR-ViT","cindex",0.717087312414734
"Spatial validation cohort","GBM",30,"CR-ViT","cindex",0.6924055118930976
"Spatial validation cohort","GBM",31,"CR-ViT","cindex",0.6796652001287692
"Spatial validation cohort","GBM",32,"CR-ViT","cindex",0.6853991486506322
"Spatial validation cohort","GBM",33,"CR-ViT","cindex",0.6739269018274543
"Spatial validation cohort","GBM",34,"CR-ViT","cindex",0.6827809047321243
"Spatial validation cohort","GBM",35,"CR-ViT","cindex",0.6986046321302889
"Spatial validation cohort","GBM",36,"CR-ViT","cindex",0.695782452539764
"Spatial validation cohort","GBM",37,"CR-ViT","cindex",0.6500465391775259
"Spatial validation cohort","GBM",38,"CR-ViT","cindex",0.6696525870711826
"Spatial validation cohort","GBM",39,"CR-ViT","cindex",0.704896174863388
"Spatial validation cohort","GBM",40,"CR-ViT","cindex",0.6908994258983627
"Spatial validation cohort","GBM",41,"CR-ViT","cindex",0.6940707945855488
"Spatial validation cohort","GBM",42,"CR-ViT","cindex",0.6822822070520449
"Spatial validation cohort","GBM",43,"CR-ViT","cindex",0.6890378884631758
"Spatial validation cohort","GBM",44,"CR-ViT","cindex",0.6991927367722319
"Spatial validation cohort","GBM",45,"CR-ViT","cindex",0.7009067248761649
"Spatial validation cohort","GBM",46,"CR-ViT","cindex",0.6668677814169971
"Spatial validation cohort","GBM",47,"CR-ViT","cindex",0.7009691213443067
"Spatial validation cohort","GBM",48,"CR-ViT","cindex",0.71178284739386255
"Spatial validation cohort","GBM",49,"CR-ViT","cindex",0.6910716960140354
"Spatial validation cohort","GBM",50,"CR-ViT","cindex",0.7211488136775994
"Spatial validation cohort","GBM",51,"CR-ViT","cindex",0.6868044515103339
"Spatial validation cohort","GBM",52,"CR-ViT","cindex",0.679128988227265
"Spatial validation cohort","GBM",53,"CR-ViT","cindex",0.6977516607051609
"Spatial validation cohort","GBM",54,"CR-ViT","cindex",0.6660957023958539
"Spatial validation cohort","GBM",55,"CR-ViT","cindex",0.6744176214433687
"Spatial validation cohort","GBM",56,"CR-ViT","cindex",0.7041775184915096
"Spatial validation cohort","GBM",57,"CR-ViT","cindex",0.6933491430419316
"Spatial validation cohort","GBM",58,"CR-ViT","cindex",0.6626002812008932
"Spatial validation cohort","GBM",59,"CR-ViT","cindex",0.6972243123484658
"Spatial validation cohort","GBM",60,"CR-ViT","cindex",0.7048078359403342
"Spatial validation cohort","GBM",61,"CR-ViT","cindex",0.704072339318241
"Spatial validation cohort","GBM",62,"CR-ViT","cindex",0.6743167977808118
"Spatial validation cohort","GBM",63,"CR-ViT","cindex",0.6892382611616045
"Spatial validation cohort","GBM",64,"CR-ViT","cindex",0.7146984319718634
"Spatial validation cohort","GBM",65,"CR-ViT","cindex",0.6752548007523731
"Spatial validation cohort","GBM",66,"CR-ViT","cindex",0.6650196161594741
"Spatial validation cohort","GBM",67,"CR-ViT","cindex",0.7042585941508466
"Spatial validation cohort","GBM",68,"CR-ViT","cindex",0.6668290203718605
"Spatial validation cohort","GBM",69,"CR-ViT","cindex",0.6585884441508577
"Spatial validation cohort","GBM",70,"CR-ViT","cindex",0.7088999792056561
"Spatial validation cohort","GBM",71,"CR-ViT","cindex",0.6932414490737814
"Spatial validation cohort","GBM",72,"CR-ViT","cindex",0.6950934328806505
"Spatial validation cohort","GBM",73,"CR-ViT","cindex",0.7160790767348144
"Spatial validation cohort","GBM",74,"CR-ViT","cindex",0.7118303617651323
"Spatial validation cohort","GBM",75,"CR-ViT","cindex",0.6978767388776433
"Spatial validation cohort","GBM",76,"CR-ViT","cindex",0.6631207191780821
"Spatial validation cohort","GBM",77,"CR-ViT","cindex",0.7183951872563972
"Spatial validation cohort","GBM",78,"CR-ViT","cindex",0.6808607760026084
"Spatial validation cohort","GBM",79,"CR-ViT","cindex",0.7296095944982597
"Spatial validation cohort","GBM",80,"CR-ViT","cindex",0.7075636332680685
"Spatial validation cohort","GBM",81,"CR-ViT","cindex",0.6904203650979736
"Spatial validation cohort","GBM",82,"CR-ViT","cindex",0.6959891862208799
"Spatial validation cohort","GBM",83,"CR-ViT","cindex",0.710341994454144
"Spatial validation cohort","GBM",84,"CR-ViT","cindex",0.6787215969420259
"Spatial validation cohort","GBM",85,"CR-ViT","cindex",0.7029622846433972
"Spatial validation cohort","GBM",86,"CR-ViT","cindex",0.63188268879259
"Spatial validation cohort","GBM",87,"CR-ViT","cindex",0.6823068167446567
"Spatial validation cohort","GBM",88,"CR-ViT","cindex",0.6799702745235181
"Spatial validation cohort","GBM",89,"CR-ViT","cindex",0.6969822511011294
"Spatial validation cohort","GBM",90,"CR-ViT","cindex",0.6966789344549597
"Spatial validation cohort","GBM",91,"CR-ViT","cindex",0.6880062658449615
"Spatial validation cohort","GBM",92,"CR-ViT","cindex",0.7012532912058979
"Spatial validation cohort","GBM",93,"CR-ViT","cindex",0.7236184299418997
"Spatial validation cohort","GBM",94,"CR-ViT","cindex",0.7002647988383018
"Spatial validation cohort","GBM",95,"CR-ViT","cindex",0.6986651459468594
"Spatial validation cohort","GBM",96,"CR-ViT","cindex",0.6614091324007048
"Spatial validation cohort","GBM",97,"CR-ViT","cindex",0.6760479297258113
"Spatial validation cohort","GBM",98,"CR-ViT","cindex",0.6358994232566622
"Spatial validation cohort","GBM",99,"CR-ViT","cindex",0.6724061810154526
"Spatial validation cohort","GBM",100,"CR-ViT","cindex",0.689823689254945
"Spatial validation cohort","GBM",1,"3D-CNN","iauc",0.7367157268228347
"Spatial validation cohort","GBM",2,"3D-CNN","iauc",0.7520648158316166
"Spatial validation cohort","GBM",3,"3D-CNN","iauc",0.7607374700903385
"Spatial validation cohort","GBM",4,"3D-CNN","iauc",0.7618196116464714
"Spatial validation cohort","GBM",5,"3D-CNN","iauc",0.7490678729185053
"Spatial validation cohort","GBM",6,"3D-CNN","iauc",0.7038357923912044
"Spatial validation cohort","GBM",7,"3D-CNN","iauc",0.7340274682021449
"Spatial validation cohort","GBM",8,"3D-CNN","iauc",0.7228345228480834
"Spatial validation cohort","GBM",9,"3D-CNN","iauc",0.7506520479850703
"Spatial validation cohort","GBM",10,"3D-CNN","iauc",0.7657077852608156
"Spatial validation cohort","GBM",11,"3D-CNN","iauc",0.7706098079063756
"Spatial validation cohort","GBM",12,"3D-CNN","iauc",0.7404065351419399
"Spatial validation cohort","GBM",13,"3D-CNN","iauc",0.6783656771507794
"Spatial validation cohort","GBM",14,"3D-CNN","iauc",0.8044016609582951
"Spatial validation cohort","GBM",15,"3D-CNN","iauc",0.787166621039037
"Spatial validation cohort","GBM",16,"3D-CNN","iauc",0.7860746275503583
"Spatial validation cohort","GBM",17,"3D-CNN","iauc",0.7648599864385183
"Spatial validation cohort","GBM",18,"3D-CNN","iauc",0.7354779964676843
"Spatial validation cohort","GBM",19,"3D-CNN","iauc",0.7554622381525806
"Spatial validation cohort","GBM",20,"3D-CNN","iauc",0.765418347785714
"Spatial validation cohort","GBM",21,"3D-CNN","iauc",0.7624953688488441
"Spatial validation cohort","GBM",22,"3D-CNN","iauc",0.7808384957196572
"Spatial validation cohort","GBM",23,"3D-CNN","iauc",0.7877348916245198
"Spatial validation cohort","GBM",24,"3D-CNN","iauc",0.7380262057235147
"Spatial validation cohort","GBM",25,"3D-CNN","iauc",0.7288680395158184
"Spatial validation cohort","GBM",26,"3D-CNN","iauc",0.7251916576807133
"Spatial validation cohort","GBM",27,"3D-CNN","iauc",0.7578217549907726
"Spatial validation cohort","GBM",28,"3D-CNN","iauc",0.7484965748381727
"Spatial validation cohort","GBM",29,"3D-CNN","iauc",0.7480064863063464
"Spatial validation cohort","GBM",30,"3D-CNN","iauc",0.7393385934218237
"Spatial validation cohort","GBM",31,"3D-CNN","iauc",0.7338572989685745
"Spatial validation cohort","GBM",32,"3D-CNN","iauc",0.7660150030499767
"Spatial validation cohort","GBM",33,"3D-CNN","iauc",0.7518527208444982
"Spatial validation cohort","GBM",34,"3D-CNN","iauc",0.7011017835484452
"Spatial validation cohort","GBM",35,"3D-CNN","iauc",0.7221866059328774
"Spatial validation cohort","GBM",36,"3D-CNN","iauc",0.7291051244009158
"Spatial validation cohort","GBM",37,"3D-CNN","iauc",0.7262243574964842
"Spatial validation cohort","GBM",38,"3D-CNN","iauc",0.7537083006435579
"Spatial validation cohort","GBM",39,"3D-CNN","iauc",0.7239432280497042
"Spatial validation cohort","GBM",40,"3D-CNN","iauc",0.7162722202812059
"Spatial validation cohort","GBM",41,"3D-CNN","iauc",0.7522800892960878
"Spatial validation cohort","GBM",42,"3D-CNN","iauc",0.7317193601695309
"Spatial validation cohort","GBM",43,"3D-CNN","iauc",0.716921481520666
"Spatial validation cohort","GBM",44,"3D-CNN","iauc",0.7549089293659469
"Spatial validation cohort","GBM",45,"3D-CNN","iauc",0.7599633144139344
"Spatial validation cohort","GBM",46,"3D-CNN","iauc",0.7048041109676697
"Spatial validation cohort","GBM",47,"3D-CNN","iauc",0.7533045133459687
"Spatial validation cohort","GBM",48,"3D-CNN","iauc",0.7633600968939671
"Spatial validation cohort","GBM",49,"3D-CNN","iauc",0.6911452751513324
"Spatial validation cohort","GBM",50,"3D-CNN","iauc",0.7733948460362605
"Spatial validation cohort","GBM",51,"3D-CNN","iauc",0.750594198114373
"Spatial validation cohort","GBM",52,"3D-CNN","iauc",0.7529581061251188
"Spatial validation cohort","GBM",53,"3D-CNN","iauc",0.7300493147797609
"Spatial validation cohort","GBM",54,"3D-CNN","iauc",0.7604706152800074
"Spatial validation cohort","GBM",55,"3D-CNN","iauc",0.7643348208551413
"Spatial validation cohort","GBM",56,"3D-CNN","iauc",0.7048739765833485
"Spatial validation cohort","GBM",57,"3D-CNN","iauc",0.7071552578091966
"Spatial validation cohort","GBM",58,"3D-CNN","iauc",0.769300128809879
"Spatial validation cohort","GBM",59,"3D-CNN","iauc",0.7649659847797665
"Spatial validation cohort","GBM",60,"3D-CNN","iauc",0.739547975368567
"Spatial validation cohort","GBM",61,"3D-CNN","iauc",0.7629204654611311
"Spatial validation cohort","GBM",62,"3D-CNN","iauc",0.7631922777610141
"Spatial validation cohort","GBM",63,"3D-CNN","iauc",0.7699251751370901
"Spatial validation cohort","GBM",64,"3D-CNN","iauc",0.7375553790396318
"Spatial validation cohort","GBM",65,"3D-CNN","iauc",0.7673550494821612
"Spatial validation cohort","GBM",66,"3D-CNN","iauc",0.7570974699844274
"Spatial validation cohort","GBM",67,"3D-CNN","iauc",0.7203319841190192
"Spatial validation cohort","GBM",68,"3D-CNN","iauc",0.7126278362686101
"Spatial validation cohort","GBM",69,"3D-CNN","iauc",0.7305183227610343
"Spatial validation cohort","GBM",70,"3D-CNN","iauc",0.7221994755698463
"Spatial validation cohort","GBM",71,"3D-CNN","iauc",0.7478388438763177
"Spatial validation cohort","GBM",72,"3D-CNN","iauc",0.7383796827111229
"Spatial validation cohort","GBM",73,"3D-CNN","iauc",0.7663191350724105
"Spatial validation cohort","GBM",74,"3D-CNN","iauc",0.7561457153456665
"Spatial validation cohort","GBM",75,"3D-CNN","iauc",0.8150799043311704
"Spatial validation cohort","GBM",76,"3D-CNN","iauc",0.6402345071704615
"Spatial validation cohort","GBM",77,"3D-CNN","iauc",0.7683975660737943
"Spatial validation cohort","GBM",78,"3D-CNN","iauc",0.729589592988989
"Spatial validation cohort","GBM",79,"3D-CNN","iauc",0.7623705113669218
"Spatial validation cohort","GBM",80,"3D-CNN","iauc",0.7738705581492973
"Spatial validation cohort","GBM",81,"3D-CNN","iauc",0.7082927402881398
"Spatial validation cohort","GBM",82,"3D-CNN","iauc",0.730200132530728
"Spatial validation cohort","GBM",83,"3D-CNN","iauc",0.7827024049659584
"Spatial validation cohort","GBM",84,"3D-CNN","iauc",0.6766019816240341
"Spatial validation cohort","GBM",85,"3D-CNN","iauc",0.8020892766061792
"Spatial validation cohort","GBM",86,"3D-CNN","iauc",0.7458332017774096
"Spatial validation cohort","GBM",87,"3D-CNN","iauc",0.7588211940662385
"Spatial validation cohort","GBM",88,"3D-CNN","iauc",0.7232838219512363
"Spatial validation cohort","GBM",89,"3D-CNN","iauc",0.7843617385141226
"Spatial validation cohort","GBM",90,"3D-CNN","iauc",0.7398626985793424
"Spatial validation cohort","GBM",91,"3D-CNN","iauc",0.7415192934214544
"Spatial validation cohort","GBM",92,"3D-CNN","iauc",0.7612264639609454
"Spatial validation cohort","GBM",93,"3D-CNN","iauc",0.7449825547634285
"Spatial validation cohort","GBM",94,"3D-CNN","iauc",0.7172849794020248
"Spatial validation cohort","GBM",95,"3D-CNN","iauc",0.7497857914290674
"Spatial validation cohort","GBM",96,"3D-CNN","iauc",0.7066159325509844
"Spatial validation cohort","GBM",97,"3D-CNN","iauc",0.7343368994981482
"Spatial validation cohort","GBM",98,"3D-CNN","iauc",0.7477887971275905
"Spatial validation cohort","GBM",99,"3D-CNN","iauc",0.7321195301084653
"Spatial validation cohort","GBM",100,"3D-CNN","iauc",0.7415673415354801
"Spatial validation cohort","GBM",1,"Clinicoradiologic","iauc",0.7384714066446527
"Spatial validation cohort","GBM",2,"Clinicoradiologic","iauc",0.6725424502256996
"Spatial validation cohort","GBM",3,"Clinicoradiologic","iauc",0.6253505997225363
"Spatial validation cohort","GBM",4,"Clinicoradiologic","iauc",0.689290568743512
"Spatial validation cohort","GBM",5,"Clinicoradiologic","iauc",0.7092341946137424
"Spatial validation cohort","GBM",6,"Clinicoradiologic","iauc",0.6727214473083117
"Spatial validation cohort","GBM",7,"Clinicoradiologic","iauc",0.7304335934861895
"Spatial validation cohort","GBM",8,"Clinicoradiologic","iauc",0.7285891735874385
"Spatial validation cohort","GBM",9,"Clinicoradiologic","iauc",0.6887829597730852
"Spatial validation cohort","GBM",10,"Clinicoradiologic","iauc",0.7216005625420763
"Spatial validation cohort","GBM",11,"Clinicoradiologic","iauc",0.7002246262041719
"Spatial validation cohort","GBM",12,"Clinicoradiologic","iauc",0.6820983097076946
"Spatial validation cohort","GBM",13,"Clinicoradiologic","iauc",0.685165644764659
"Spatial validation cohort","GBM",14,"Clinicoradiologic","iauc",0.6831162891425593
"Spatial validation cohort","GBM",15,"Clinicoradiologic","iauc",0.7215983823103553
"Spatial validation cohort","GBM",16,"Clinicoradiologic","iauc",0.7071458838149223
"Spatial validation cohort","GBM",17,"Clinicoradiologic","iauc",0.6513822227369683
"Spatial validation cohort","GBM",18,"Clinicoradiologic","iauc",0.6961119106159757
"Spatial validation cohort","GBM",19,"Clinicoradiologic","iauc",0.7082659020149634
"Spatial validation cohort","GBM",20,"Clinicoradiologic","iauc",0.7165067910650991
"Spatial validation cohort","GBM",21,"Clinicoradiologic","iauc",0.6914380010500986
"Spatial validation cohort","GBM",22,"Clinicoradiologic","iauc",0.713533549459373
"Spatial validation cohort","GBM",23,"Clinicoradiologic","iauc",0.739503279868901
"Spatial validation cohort","GBM",24,"Clinicoradiologic","iauc",0.717132659827757
"Spatial validation cohort","GBM",25,"Clinicoradiologic","iauc",0.7353185205623656
"Spatial validation cohort","GBM",26,"Clinicoradiologic","iauc",0.6858293886239657
"Spatial validation cohort","GBM",27,"Clinicoradiologic","iauc",0.6957172018631728
"Spatial validation cohort","GBM",28,"Clinicoradiologic","iauc",0.7120821622579645
"Spatial validation cohort","GBM",29,"Clinicoradiologic","iauc",0.7003929889580028
"Spatial validation cohort","GBM",30,"Clinicoradiologic","iauc",0.6827178106389309
"Spatial validation cohort","GBM",31,"Clinicoradiologic","iauc",0.7115579420037714
"Spatial validation cohort","GBM",32,"Clinicoradiologic","iauc",0.7094002181891376
"Spatial validation cohort","GBM",33,"Clinicoradiologic","iauc",0.6865749028623076
"Spatial validation cohort","GBM",34,"Clinicoradiologic","iauc",0.7038738437091037
"Spatial validation cohort","GBM",35,"Clinicoradiologic","iauc",0.7293624269225129
"Spatial validation cohort","GBM",36,"Clinicoradiologic","iauc",0.6858114103312037
"Spatial validation cohort","GBM",37,"Clinicoradiologic","iauc",0.6755803791236041
"Spatial validation cohort","GBM",38,"Clinicoradiologic","iauc",0.7048790057384391
"Spatial validation cohort","GBM",39,"Clinicoradiologic","iauc",0.6581566061478525
"Spatial validation cohort","GBM",40,"Clinicoradiologic","iauc",0.6627550723696303
"Spatial validation cohort","GBM",41,"Clinicoradiologic","iauc",0.7094081127258377
"Spatial validation cohort","GBM",42,"Clinicoradiologic","iauc",0.7261656542825815
"Spatial validation cohort","GBM",43,"Clinicoradiologic","iauc",0.6744391753389138
"Spatial validation cohort","GBM",44,"Clinicoradiologic","iauc",0.7165458623392621
"Spatial validation cohort","GBM",45,"Clinicoradiologic","iauc",0.7294498092816842
"Spatial validation cohort","GBM",46,"Clinicoradiologic","iauc",0.6974503548284794
"Spatial validation cohort","GBM",47,"Clinicoradiologic","iauc",0.7200723503478339
"Spatial validation cohort","GBM",48,"Clinicoradiologic","iauc",0.6814508805520567
"Spatial validation cohort","GBM",49,"Clinicoradiologic","iauc",0.6856350722420482
"Spatial validation cohort","GBM",50,"Clinicoradiologic","iauc",0.7192793526616733
"Spatial validation cohort","GBM",51,"Clinicoradiologic","iauc",0.6892613877518257
"Spatial validation cohort","GBM",52,"Clinicoradiologic","iauc",0.6893635067971322
"Spatial validation cohort","GBM",53,"Clinicoradiologic","iauc",0.6621122372366538
"Spatial validation cohort","GBM",54,"Clinicoradiologic","iauc",0.6766094682254988
"Spatial validation cohort","GBM",55,"Clinicoradiologic","iauc",0.6607077818122722
"Spatial validation cohort","GBM",56,"Clinicoradiologic","iauc",0.6864213789818437
"Spatial validation cohort","GBM",57,"Clinicoradiologic","iauc",0.6611865688422
"Spatial validation cohort","GBM",58,"Clinicoradiologic","iauc",0.6408362400735983
"Spatial validation cohort","GBM",59,"Clinicoradiologic","iauc",0.7147917850995132
"Spatial validation cohort","GBM",60,"Clinicoradiologic","iauc",0.671665298263154
"Spatial validation cohort","GBM",61,"Clinicoradiologic","iauc",0.6764897928722589
"Spatial validation cohort","GBM",62,"Clinicoradiologic","iauc",0.6930979319780481
"Spatial validation cohort","GBM",63,"Clinicoradiologic","iauc",0.663764294093606
"Spatial validation cohort","GBM",64,"Clinicoradiologic","iauc",0.7581075581027342
"Spatial validation cohort","GBM",65,"Clinicoradiologic","iauc",0.6617292755493839
"Spatial validation cohort","GBM",66,"Clinicoradiologic","iauc",0.693381235765799
"Spatial validation cohort","GBM",67,"Clinicoradiologic","iauc",0.7431809088196862
"Spatial validation cohort","GBM",68,"Clinicoradiologic","iauc",0.696043518977428
"Spatial validation cohort","GBM",69,"Clinicoradiologic","iauc",0.6585247087399682
"Spatial validation cohort","GBM",70,"Clinicoradiologic","iauc",0.6653302886989049
"Spatial validation cohort","GBM",71,"Clinicoradiologic","iauc",0.6851017587206442
"Spatial validation cohort","GBM",72,"Clinicoradiologic","iauc",0.7125486105089879
"Spatial validation cohort","GBM",73,"Clinicoradiologic","iauc",0.7565417966589189
"Spatial validation cohort","GBM",74,"Clinicoradiologic","iauc",0.7342757628719772
"Spatial validation cohort","GBM",75,"Clinicoradiologic","iauc",0.6904476140700501
"Spatial validation cohort","GBM",76,"Clinicoradiologic","iauc",0.7065954525578557
"Spatial validation cohort","GBM",77,"Clinicoradiologic","iauc",0.7337343508513224
"Spatial validation cohort","GBM",78,"Clinicoradiologic","iauc",0.6739530555237163
"Spatial validation cohort","GBM",79,"Clinicoradiologic","iauc",0.7160479487723255
"Spatial validation cohort","GBM",80,"Clinicoradiologic","iauc",0.7180624120204122
"Spatial validation cohort","GBM",81,"Clinicoradiologic","iauc",0.6933628672843846
"Spatial validation cohort","GBM",82,"Clinicoradiologic","iauc",0.7185750400094625
"Spatial validation cohort","GBM",83,"Clinicoradiologic","iauc",0.724123582931224
"Spatial validation cohort","GBM",84,"Clinicoradiologic","iauc",0.7322398749176616
"Spatial validation cohort","GBM",85,"Clinicoradiologic","iauc",0.7086856453610708
"Spatial validation cohort","GBM",86,"Clinicoradiologic","iauc",0.6314117124350681
"Spatial validation cohort","GBM",87,"Clinicoradiologic","iauc",0.6669500205445118
"Spatial validation cohort","GBM",88,"Clinicoradiologic","iauc",0.6878593997959809
"Spatial validation cohort","GBM",89,"Clinicoradiologic","iauc",0.7172589442328035
"Spatial validation cohort","GBM",90,"Clinicoradiologic","iauc",0.7248149151552858
"Spatial validation cohort","GBM",91,"Clinicoradiologic","iauc",0.743041052236904
"Spatial validation cohort","GBM",92,"Clinicoradiologic","iauc",0.7329269416434439
"Spatial validation cohort","GBM",93,"Clinicoradiologic","iauc",0.7155881628302276
"Spatial validation cohort","GBM",94,"Clinicoradiologic","iauc",0.7199625987961463
"Spatial validation cohort","GBM",95,"Clinicoradiologic","iauc",0.7203742396084909
"Spatial validation cohort","GBM",96,"Clinicoradiologic","iauc",0.6106765707287141
"Spatial validation cohort","GBM",97,"Clinicoradiologic","iauc",0.5923710193232038
"Spatial validation cohort","GBM",98,"Clinicoradiologic","iauc",0.6479347001628896
"Spatial validation cohort","GBM",99,"Clinicoradiologic","iauc",0.7333769648008104
"Spatial validation cohort","GBM",100,"Clinicoradiologic","iauc",0.7140874344363337
"Spatial validation cohort","GBM",1,"3D-ViT","iauc",0.8128413585532276
"Spatial validation cohort","GBM",2,"3D-ViT","iauc",0.7923973056016511
"Spatial validation cohort","GBM",3,"3D-ViT","iauc",0.7971036512276742
"Spatial validation cohort","GBM",4,"3D-ViT","iauc",0.8080962200564782
"Spatial validation cohort","GBM",5,"3D-ViT","iauc",0.8236050031247237
"Spatial validation cohort","GBM",6,"3D-ViT","iauc",0.7772816218045954
"Spatial validation cohort","GBM",7,"3D-ViT","iauc",0.8061798916274772
"Spatial validation cohort","GBM",8,"3D-ViT","iauc",0.7886298692039807
"Spatial validation cohort","GBM",9,"3D-ViT","iauc",0.795310060265193
"Spatial validation cohort","GBM",10,"3D-ViT","iauc",0.810957199156064
"Spatial validation cohort","GBM",11,"3D-ViT","iauc",0.8289007679457524
"Spatial validation cohort","GBM",12,"3D-ViT","iauc",0.7958001527805485
"Spatial validation cohort","GBM",13,"3D-ViT","iauc",0.7737728555890271
"Spatial validation cohort","GBM",14,"3D-ViT","iauc",0.844917659684363
"Spatial validation cohort","GBM",15,"3D-ViT","iauc",0.8313787049049769
"Spatial validation cohort","GBM",16,"3D-ViT","iauc",0.8247995653378956
"Spatial validation cohort","GBM",17,"3D-ViT","iauc",0.8102576735990328
"Spatial validation cohort","GBM",18,"3D-ViT","iauc",0.7853569560696735
"Spatial validation cohort","GBM",19,"3D-ViT","iauc",0.831413638691192
"Spatial validation cohort","GBM",20,"3D-ViT","iauc",0.8212165402542666
"Spatial validation cohort","GBM",21,"3D-ViT","iauc",0.8195801852804367
"Spatial validation cohort","GBM",22,"3D-ViT","iauc",0.8327959887312305
"Spatial validation cohort","GBM",23,"3D-ViT","iauc",0.8496289960269723
"Spatial validation cohort","GBM",24,"3D-ViT","iauc",0.8078425177577224
"Spatial validation cohort","GBM",25,"3D-ViT","iauc",0.8092529269808708
"Spatial validation cohort","GBM",26,"3D-ViT","iauc",0.7858273173339732
"Spatial validation cohort","GBM",27,"3D-ViT","iauc",0.8082499257390189
"Spatial validation cohort","GBM",28,"3D-ViT","iauc",0.7978699207264403
"Spatial validation cohort","GBM",29,"3D-ViT","iauc",0.8026678886809332
"Spatial validation cohort","GBM",30,"3D-ViT","iauc",0.795158824512766
"Spatial validation cohort","GBM",31,"3D-ViT","iauc",0.7793301449637444
"Spatial validation cohort","GBM",32,"3D-ViT","iauc",0.809887256409525
"Spatial validation cohort","GBM",33,"3D-ViT","iauc",0.8018227569458853
"Spatial validation cohort","GBM",34,"3D-ViT","iauc",0.7962164696778112
"Spatial validation cohort","GBM",35,"3D-ViT","iauc",0.769359005508684
"Spatial validation cohort","GBM",36,"3D-ViT","iauc",0.803694515103445
"Spatial validation cohort","GBM",37,"3D-ViT","iauc",0.791421930177768
"Spatial validation cohort","GBM",38,"3D-ViT","iauc",0.8018571241827483
"Spatial validation cohort","GBM",39,"3D-ViT","iauc",0.7932292080932709
"Spatial validation cohort","GBM",40,"3D-ViT","iauc",0.7858808680449527
"Spatial validation cohort","GBM",41,"3D-ViT","iauc",0.8209913562183838
"Spatial validation cohort","GBM",42,"3D-ViT","iauc",0.7937620735785591
"Spatial validation cohort","GBM",43,"3D-ViT","iauc",0.7852222461136784
"Spatial validation cohort","GBM",44,"3D-ViT","iauc",0.8178705213293604
"Spatial validation cohort","GBM",45,"3D-ViT","iauc",0.8168392637220862
"Spatial validation cohort","GBM",46,"3D-ViT","iauc",0.7680836245919959
"Spatial validation cohort","GBM",47,"3D-ViT","iauc",0.8134679298397673
"Spatial validation cohort","GBM",48,"3D-ViT","iauc",0.8364917716033509
"Spatial validation cohort","GBM",49,"3D-ViT","iauc",0.7573657557745729
"Spatial validation cohort","GBM",50,"3D-ViT","iauc",0.8401468146490262
"Spatial validation cohort","GBM",51,"3D-ViT","iauc",0.8070185153431588
"Spatial validation cohort","GBM",52,"3D-ViT","iauc",0.8121042253933468
"Spatial validation cohort","GBM",53,"3D-ViT","iauc",0.7886287208052288
"Spatial validation cohort","GBM",54,"3D-ViT","iauc",0.8069240993469856
"Spatial validation cohort","GBM",55,"3D-ViT","iauc",0.8180267521557127
"Spatial validation cohort","GBM",56,"3D-ViT","iauc",0.7865777623594723
"Spatial validation cohort","GBM",57,"3D-ViT","iauc",0.7682545959443492
"Spatial validation cohort","GBM",58,"3D-ViT","iauc",0.8076228627177789
"Spatial validation cohort","GBM",59,"3D-ViT","iauc",0.8243849937547202
"Spatial validation cohort","GBM",60,"3D-ViT","iauc",0.8076799555268047
"Spatial validation cohort","GBM",61,"3D-ViT","iauc",0.8222816086152648
"Spatial validation cohort","GBM",62,"3D-ViT","iauc",0.8199467647232908
"Spatial validation cohort","GBM",63,"3D-ViT","iauc",0.8197315149199995
"Spatial validation cohort","GBM",64,"3D-ViT","iauc",0.8048264337203445
"Spatial validation cohort","GBM",65,"3D-ViT","iauc",0.8261713804177594
"Spatial validation cohort","GBM",66,"3D-ViT","iauc",0.7991051914247612
"Spatial validation cohort","GBM",67,"3D-ViT","iauc",0.8053490557492115
"Spatial validation cohort","GBM",68,"3D-ViT","iauc",0.7748229360040177
"Spatial validation cohort","GBM",69,"3D-ViT","iauc",0.7918883466105017
"Spatial validation cohort","GBM",70,"3D-ViT","iauc",0.7905857167310797
"Spatial validation cohort","GBM",71,"3D-ViT","iauc",0.797882880003877
"Spatial validation cohort","GBM",72,"3D-ViT","iauc",0.8107403024319058
"Spatial validation cohort","GBM",73,"3D-ViT","iauc",0.8278301263729176
"Spatial validation cohort","GBM",74,"3D-ViT","iauc",0.8247024899768256
"Spatial validation cohort","GBM",75,"3D-ViT","iauc",0.8628272538899747
"Spatial validation cohort","GBM",76,"3D-ViT","iauc",0.7337199842499511
"Spatial validation cohort","GBM",77,"3D-ViT","iauc",0.8236344752166905
"Spatial validation cohort","GBM",78,"3D-ViT","iauc",0.8074096951989042
"Spatial validation cohort","GBM",79,"3D-ViT","iauc",0.8203717157564533
"Spatial validation cohort","GBM",80,"3D-ViT","iauc",0.8135330608149727
"Spatial validation cohort","GBM",81,"3D-ViT","iauc",0.7723211733319989
"Spatial validation cohort","GBM",82,"3D-ViT","iauc",0.7830146118717636
"Spatial validation cohort","GBM",83,"3D-ViT","iauc",0.8293425069421867
"Spatial validation cohort","GBM",84,"3D-ViT","iauc",0.7721169084685552
"Spatial validation cohort","GBM",85,"3D-ViT","iauc",0.8433854308881908
"Spatial validation cohort","GBM",86,"3D-ViT","iauc",0.7946209711604549
"Spatial validation cohort","GBM",87,"3D-ViT","iauc",0.8114211998213695
"Spatial validation cohort","GBM",88,"3D-ViT","iauc",0.7922163855780257
"Spatial validation cohort","GBM",89,"3D-ViT","iauc",0.8298514736934106
"Spatial validation cohort","GBM",90,"3D-ViT","iauc",0.7976534044916624
"Spatial validation cohort","GBM",91,"3D-ViT","iauc",0.8018903880746605
"Spatial validation cohort","GBM",92,"3D-ViT","iauc",0.8236920710506301
"Spatial validation cohort","GBM",93,"3D-ViT","iauc",0.8147424483096108
"Spatial validation cohort","GBM",94,"3D-ViT","iauc",0.7583118067493412
"Spatial validation cohort","GBM",95,"3D-ViT","iauc",0.8273032711197364
"Spatial validation cohort","GBM",96,"3D-ViT","iauc",0.7694064320768518
"Spatial validation cohort","GBM",97,"3D-ViT","iauc",0.7974109812318309
"Spatial validation cohort","GBM",98,"3D-ViT","iauc",0.7869563104817363
"Spatial validation cohort","GBM",99,"3D-ViT","iauc",0.7921238981893547
"Spatial validation cohort","GBM",100,"3D-ViT","iauc",0.793674733568738
"Spatial validation cohort","GBM",1,"CR-ViT","iauc",0.8570673130631656
"Spatial validation cohort","GBM",2,"CR-ViT","iauc",0.8256652716392711
"Spatial validation cohort","GBM",3,"CR-ViT","iauc",0.8063143741940088
"Spatial validation cohort","GBM",4,"CR-ViT","iauc",0.8446635750324923
"Spatial validation cohort","GBM",5,"CR-ViT","iauc",0.8636628003112523
"Spatial validation cohort","GBM",6,"CR-ViT","iauc",0.7987719002660459
"Spatial validation cohort","GBM",7,"CR-ViT","iauc",0.8528245135733907
"Spatial validation cohort","GBM",8,"CR-ViT","iauc",0.8415815415393808
"Spatial validation cohort","GBM",9,"CR-ViT","iauc",0.8226253047311521
"Spatial validation cohort","GBM",10,"CR-ViT","iauc",0.8584189971070698
"Spatial validation cohort","GBM",11,"CR-ViT","iauc",0.8487352997647514
"Spatial validation cohort","GBM",12,"CR-ViT","iauc",0.8254412440740784
"Spatial validation cohort","GBM",13,"CR-ViT","iauc",0.8034514151411668
"Spatial validation cohort","GBM",14,"CR-ViT","iauc",0.8602135504307346
"Spatial validation cohort","GBM",15,"CR-ViT","iauc",0.8616727267815665
"Spatial validation cohort","GBM",16,"CR-ViT","iauc",0.8532357740226852
"Spatial validation cohort","GBM",17,"CR-ViT","iauc",0.8355012441010039
"Spatial validation cohort","GBM",18,"CR-ViT","iauc",0.8393115036969424
"Spatial validation cohort","GBM",19,"CR-ViT","iauc",0.8640697084875391
"Spatial validation cohort","GBM",20,"CR-ViT","iauc",0.852371738132443
"Spatial validation cohort","GBM",21,"CR-ViT","iauc",0.8484152292629231
"Spatial validation cohort","GBM",22,"CR-ViT","iauc",0.8768046943470668
"Spatial validation cohort","GBM",23,"CR-ViT","iauc",0.8862860856837056
"Spatial validation cohort","GBM",24,"CR-ViT","iauc",0.8471412023644906
"Spatial validation cohort","GBM",25,"CR-ViT","iauc",0.8545496758405305
"Spatial validation cohort","GBM",26,"CR-ViT","iauc",0.8145776298577297
"Spatial validation cohort","GBM",27,"CR-ViT","iauc",0.8524293488576321
"Spatial validation cohort","GBM",28,"CR-ViT","iauc",0.8341320296195318
"Spatial validation cohort","GBM",29,"CR-ViT","iauc",0.8429804751451524
"Spatial validation cohort","GBM",30,"CR-ViT","iauc",0.8260100576961645
"Spatial validation cohort","GBM",31,"CR-ViT","iauc",0.8206802242102341
"Spatial validation cohort","GBM",32,"CR-ViT","iauc",0.8550605735008815
"Spatial validation cohort","GBM",33,"CR-ViT","iauc",0.8392384211771663
"Spatial validation cohort","GBM",34,"CR-ViT","iauc",0.8386561403478345
"Spatial validation cohort","GBM",35,"CR-ViT","iauc",0.8180561280630196
"Spatial validation cohort","GBM",36,"CR-ViT","iauc",0.8336219959885035
"Spatial validation cohort","GBM",37,"CR-ViT","iauc",0.815130319076539
"Spatial validation cohort","GBM",38,"CR-ViT","iauc",0.8333382777461864
"Spatial validation cohort","GBM",39,"CR-ViT","iauc",0.8235838734913575
"Spatial validation cohort","GBM",40,"CR-ViT","iauc",0.8120209489217755
"Spatial validation cohort","GBM",41,"CR-ViT","iauc",0.8510616753242455
"Spatial validation cohort","GBM",42,"CR-ViT","iauc",0.8435856457401798
"Spatial validation cohort","GBM",43,"CR-ViT","iauc",0.8211246158713266
"Spatial validation cohort","GBM",44,"CR-ViT","iauc",0.8583607078441672
"Spatial validation cohort","GBM",45,"CR-ViT","iauc",0.8497339717169468
"Spatial validation cohort","GBM",46,"CR-ViT","iauc",0.809973840147784
"Spatial validation cohort","GBM",47,"CR-ViT","iauc",0.8490955308447508
"Spatial validation cohort","GBM",48,"CR-ViT","iauc",0.848319985401023
"Spatial validation cohort","GBM",49,"CR-ViT","iauc",0.7971162565203904
"Spatial validation cohort","GBM",50,"CR-ViT","iauc",0.8694187317825045
"Spatial validation cohort","GBM",51,"CR-ViT","iauc",0.8417338266372254
"Spatial validation cohort","GBM",52,"CR-ViT","iauc",0.834525487206366
"Spatial validation cohort","GBM",53,"CR-ViT","iauc",0.807724627372214
"Spatial validation cohort","GBM",54,"CR-ViT","iauc",0.8355341392272877
"Spatial validation cohort","GBM",55,"CR-ViT","iauc",0.8411561335544335
"Spatial validation cohort","GBM",56,"CR-ViT","iauc",0.8173409772179124
"Spatial validation cohort","GBM",57,"CR-ViT","iauc",0.8179331851836729
"Spatial validation cohort","GBM",58,"CR-ViT","iauc",0.8231630183957167
"Spatial validation cohort","GBM",59,"CR-ViT","iauc",0.8576693537216751
"Spatial validation cohort","GBM",60,"CR-ViT","iauc",0.8401330570061264
"Spatial validation cohort","GBM",61,"CR-ViT","iauc",0.855779160714619
"Spatial validation cohort","GBM",62,"CR-ViT","iauc",0.8476034925316951
"Spatial validation cohort","GBM",63,"CR-ViT","iauc",0.8473181889890768
"Spatial validation cohort","GBM",64,"CR-ViT","iauc",0.8637761081527244
"Spatial validation cohort","GBM",65,"CR-ViT","iauc",0.8499995786504214
"Spatial validation cohort","GBM",66,"CR-ViT","iauc",0.844409884962203
"Spatial validation cohort","GBM",67,"CR-ViT","iauc",0.8562205045757588
"Spatial validation cohort","GBM",68,"CR-ViT","iauc",0.8201783877091212
"Spatial validation cohort","GBM",69,"CR-ViT","iauc",0.819624649885193
"Spatial validation cohort","GBM",70,"CR-ViT","iauc",0.8214726765084381
"Spatial validation cohort","GBM",71,"CR-ViT","iauc",0.8317878142459832
"Spatial validation cohort","GBM",72,"CR-ViT","iauc",0.8502555323601763
"Spatial validation cohort","GBM",73,"CR-ViT","iauc",0.8679242227518476
"Spatial validation cohort","GBM",74,"CR-ViT","iauc",0.8584289353673821
"Spatial validation cohort","GBM",75,"CR-ViT","iauc",0.870141582180084
"Spatial validation cohort","GBM",76,"CR-ViT","iauc",0.7927386083798477
"Spatial validation cohort","GBM",77,"CR-ViT","iauc",0.8725239480851197
"Spatial validation cohort","GBM",78,"CR-ViT","iauc",0.8386504474574692
"Spatial validation cohort","GBM",79,"CR-ViT","iauc",0.8634869518138024
"Spatial validation cohort","GBM",80,"CR-ViT","iauc",0.8509255187662468
"Spatial validation cohort","GBM",81,"CR-ViT","iauc",0.8109916058490997
"Spatial validation cohort","GBM",82,"CR-ViT","iauc",0.8347934017491156
"Spatial validation cohort","GBM",83,"CR-ViT","iauc",0.8598939612210048
"Spatial validation cohort","GBM",84,"CR-ViT","iauc",0.8314998751617438
"Spatial validation cohort","GBM",85,"CR-ViT","iauc",0.8589235185035764
"Spatial validation cohort","GBM",86,"CR-ViT","iauc",0.8045645348089228
"Spatial validation cohort","GBM",87,"CR-ViT","iauc",0.827407998390052
"Spatial validation cohort","GBM",88,"CR-ViT","iauc",0.8268377248025754
"Spatial validation cohort","GBM",89,"CR-ViT","iauc",0.8647821321935182
"Spatial validation cohort","GBM",90,"CR-ViT","iauc",0.8498293018739034
"Spatial validation cohort","GBM",91,"CR-ViT","iauc",0.8503753733528985
"Spatial validation cohort","GBM",92,"CR-ViT","iauc",0.8597459160968791
"Spatial validation cohort","GBM",93,"CR-ViT","iauc",0.8603093956894966
"Spatial validation cohort","GBM",94,"CR-ViT","iauc",0.8194552343392655
"Spatial validation cohort","GBM",95,"CR-ViT","iauc",0.8579920693637628
"Spatial validation cohort","GBM",96,"CR-ViT","iauc",0.7776881860206447
"Spatial validation cohort","GBM",97,"CR-ViT","iauc",0.8277840326085275
"Spatial validation cohort","GBM",98,"CR-ViT","iauc",0.7978380540001442
"Spatial validation cohort","GBM",99,"CR-ViT","iauc",0.8328584293236286
"Spatial validation cohort","GBM",100,"CR-ViT","iauc",0.8388020697683131
"Spatial validation cohort","GBM",1,"3D-CNN","ibs",0.18382975873613544
"Spatial validation cohort","GBM",2,"3D-CNN","ibs",0.16083972380970973
"Spatial validation cohort","GBM",3,"3D-CNN","ibs",0.15924526709043438
"Spatial validation cohort","GBM",4,"3D-CNN","ibs",0.15223327446264634
"Spatial validation cohort","GBM",5,"3D-CNN","ibs",0.16595036583495118
"Spatial validation cohort","GBM",6,"3D-CNN","ibs",0.1621399749486205
"Spatial validation cohort","GBM",7,"3D-CNN","ibs",0.16635291916435271
"Spatial validation cohort","GBM",8,"3D-CNN","ibs",0.16755507883893692
"Spatial validation cohort","GBM",9,"3D-CNN","ibs",0.16281920419624568
"Spatial validation cohort","GBM",10,"3D-CNN","ibs",0.1680946163118686
"Spatial validation cohort","GBM",11,"3D-CNN","ibs",0.16309053571311433
"Spatial validation cohort","GBM",12,"3D-CNN","ibs",0.16315084604304445
"Spatial validation cohort","GBM",13,"3D-CNN","ibs",0.1909605948970269
"Spatial validation cohort","GBM",14,"3D-CNN","ibs",0.15274485222100745
"Spatial validation cohort","GBM",15,"3D-CNN","ibs",0.1574358378198785
"Spatial validation cohort","GBM",16,"3D-CNN","ibs",0.17242079657956644
"Spatial validation cohort","GBM",17,"3D-CNN","ibs",0.16620730759476682
"Spatial validation cohort","GBM",18,"3D-CNN","ibs",0.15088278743940264
"Spatial validation cohort","GBM",19,"3D-CNN","ibs",0.1743461622323175
"Spatial validation cohort","GBM",20,"3D-CNN","ibs",0.1641511752042169
"Spatial validation cohort","GBM",21,"3D-CNN","ibs",0.16235833193942373
"Spatial validation cohort","GBM",22,"3D-CNN","ibs",0.156809972043784
"Spatial validation cohort","GBM",23,"3D-CNN","ibs",0.15601036349602865
"Spatial validation cohort","GBM",24,"3D-CNN","ibs",0.17304975375424184
"Spatial validation cohort","GBM",25,"3D-CNN","ibs",0.17717616653073337
"Spatial validation cohort","GBM",26,"3D-CNN","ibs",0.16369169435080355
"Spatial validation cohort","GBM",27,"3D-CNN","ibs",0.15586104885936697
"Spatial validation cohort","GBM",28,"3D-CNN","ibs",0.1642095859748114
"Spatial validation cohort","GBM",29,"3D-CNN","ibs",0.17142726128407013
"Spatial validation cohort","GBM",30,"3D-CNN","ibs",0.16995096926559985
"Spatial validation cohort","GBM",31,"3D-CNN","ibs",0.1667399928601914
"Spatial validation cohort","GBM",32,"3D-CNN","ibs",0.16143576316349345
"Spatial validation cohort","GBM",33,"3D-CNN","ibs",0.16999102116542597
"Spatial validation cohort","GBM",34,"3D-CNN","ibs",0.16420251066639496
"Spatial validation cohort","GBM",35,"3D-CNN","ibs",0.15615172981782907
"Spatial validation cohort","GBM",36,"3D-CNN","ibs",0.15546680206877841
"Spatial validation cohort","GBM",37,"3D-CNN","ibs",0.1685681102860435
"Spatial validation cohort","GBM",38,"3D-CNN","ibs",0.17055275879145407
"Spatial validation cohort","GBM",39,"3D-CNN","ibs",0.1713797971201213
"Spatial validation cohort","GBM",40,"3D-CNN","ibs",0.165742214982175
"Spatial validation cohort","GBM",41,"3D-CNN","ibs",0.1663825250468007
"Spatial validation cohort","GBM",42,"3D-CNN","ibs",0.1658986879229974
"Spatial validation cohort","GBM",43,"3D-CNN","ibs",0.17151630537975893
"Spatial validation cohort","GBM",44,"3D-CNN","ibs",0.16243695591595053
"Spatial validation cohort","GBM",45,"3D-CNN","ibs",0.15645710570368312
"Spatial validation cohort","GBM",46,"3D-CNN","ibs",0.18055457472943184
"Spatial validation cohort","GBM",47,"3D-CNN","ibs",0.16773554018281656
"Spatial validation cohort","GBM",48,"3D-CNN","ibs",0.16610178803974554
"Spatial validation cohort","GBM",49,"3D-CNN","ibs",0.17539651560553213
"Spatial validation cohort","GBM",50,"3D-CNN","ibs",0.16134642997621793
"Spatial validation cohort","GBM",51,"3D-CNN","ibs",0.16020114823805098
"Spatial validation cohort","GBM",52,"3D-CNN","ibs",0.1549123323349412
"Spatial validation cohort","GBM",53,"3D-CNN","ibs",0.1712830352423892
"Spatial validation cohort","GBM",54,"3D-CNN","ibs",0.16238306250062456
"Spatial validation cohort","GBM",55,"3D-CNN","ibs",0.15697401659827023
"Spatial validation cohort","GBM",56,"3D-CNN","ibs",0.17058902447003924
"Spatial validation cohort","GBM",57,"3D-CNN","ibs",0.1747765415026583
"Spatial validation cohort","GBM",58,"3D-CNN","ibs",0.1484486785394616
"Spatial validation cohort","GBM",59,"3D-CNN","ibs",0.15080689205804065
"Spatial validation cohort","GBM",60,"3D-CNN","ibs",0.15836126013544272
"Spatial validation cohort","GBM",61,"3D-CNN","ibs",0.1606375584315976
"Spatial validation cohort","GBM",62,"3D-CNN","ibs",0.1724676026073183
"Spatial validation cohort","GBM",63,"3D-CNN","ibs",0.15167798362328103
"Spatial validation cohort","GBM",64,"3D-CNN","ibs",0.15993422036292268
"Spatial validation cohort","GBM",65,"3D-CNN","ibs",0.16487126255672122
"Spatial validation cohort","GBM",66,"3D-CNN","ibs",0.16499550257499543
"Spatial validation cohort","GBM",67,"3D-CNN","ibs",0.16089448167705173
"Spatial validation cohort","GBM",68,"3D-CNN","ibs",0.1682723343472095
"Spatial validation cohort","GBM",69,"3D-CNN","ibs",0.15362640807106293
"Spatial validation cohort","GBM",70,"3D-CNN","ibs",0.1599875771297927
"Spatial validation cohort","GBM",71,"3D-CNN","ibs",0.15258208597729137
"Spatial validation cohort","GBM",72,"3D-CNN","ibs",0.16926641843667403
"Spatial validation cohort","GBM",73,"3D-CNN","ibs",0.1629097200088007
"Spatial validation cohort","GBM",74,"3D-CNN","ibs",0.15613524169667278
"Spatial validation cohort","GBM",75,"3D-CNN","ibs",0.152647607087092
"Spatial validation cohort","GBM",76,"3D-CNN","ibs",0.18273413485006565
"Spatial validation cohort","GBM",77,"3D-CNN","ibs",0.16616196288125715
"Spatial validation cohort","GBM",78,"3D-CNN","ibs",0.1684134157009919
"Spatial validation cohort","GBM",79,"3D-CNN","ibs",0.16328509838012006
"Spatial validation cohort","GBM",80,"3D-CNN","ibs",0.15799893613550745
"Spatial validation cohort","GBM",81,"3D-CNN","ibs",0.16320140785741755
"Spatial validation cohort","GBM",82,"3D-CNN","ibs",0.1637656896129326
"Spatial validation cohort","GBM",83,"3D-CNN","ibs",0.15930475856689047
"Spatial validation cohort","GBM",84,"3D-CNN","ibs",0.17926944915004323
"Spatial validation cohort","GBM",85,"3D-CNN","ibs",0.16051118253791075
"Spatial validation cohort","GBM",86,"3D-CNN","ibs",0.15764736918992103
"Spatial validation cohort","GBM",87,"3D-CNN","ibs",0.16372344344728648
"Spatial validation cohort","GBM",88,"3D-CNN","ibs",0.17341874741676466
"Spatial validation cohort","GBM",89,"3D-CNN","ibs",0.15954729472660797
"Spatial validation cohort","GBM",90,"3D-CNN","ibs",0.17850841797232095
"Spatial validation cohort","GBM",91,"3D-CNN","ibs",0.1591103619827086
"Spatial validation cohort","GBM",92,"3D-CNN","ibs",0.161191257252729
"Spatial validation cohort","GBM",93,"3D-CNN","ibs",0.1815979443481352
"Spatial validation cohort","GBM",94,"3D-CNN","ibs",0.16902248215680438
"Spatial validation cohort","GBM",95,"3D-CNN","ibs",0.16111962403244504
"Spatial validation cohort","GBM",96,"3D-CNN","ibs",0.1680095894694539
"Spatial validation cohort","GBM",97,"3D-CNN","ibs",0.1678377264725355
"Spatial validation cohort","GBM",98,"3D-CNN","ibs",0.17300351584185308
"Spatial validation cohort","GBM",99,"3D-CNN","ibs",0.16565828779704345
"Spatial validation cohort","GBM",100,"3D-CNN","ibs",0.16069204188608002
"Spatial validation cohort","GBM",1,"Clinicoradiologic","ibs",0.19657845858910716
"Spatial validation cohort","GBM",2,"Clinicoradiologic","ibs",0.17888335182432957
"Spatial validation cohort","GBM",3,"Clinicoradiologic","ibs",0.18870586917105364
"Spatial validation cohort","GBM",4,"Clinicoradiologic","ibs",0.1713035363307566
"Spatial validation cohort","GBM",5,"Clinicoradiologic","ibs",0.1791775110877147
"Spatial validation cohort","GBM",6,"Clinicoradiologic","ibs",0.1675404464197047
"Spatial validation cohort","GBM",7,"Clinicoradiologic","ibs",0.17154151833222406
"Spatial validation cohort","GBM",8,"Clinicoradiologic","ibs",0.17078235647682322
"Spatial validation cohort","GBM",9,"Clinicoradiologic","ibs",0.17546030830338225
"Spatial validation cohort","GBM",10,"Clinicoradiologic","ibs",0.1874611073243031
"Spatial validation cohort","GBM",11,"Clinicoradiologic","ibs",0.18148906447807184
"Spatial validation cohort","GBM",12,"Clinicoradiologic","ibs",0.1739978894743018
"Spatial validation cohort","GBM",13,"Clinicoradiologic","ibs",0.19195089532797338
"Spatial validation cohort","GBM",14,"Clinicoradiologic","ibs",0.18739838305559905
"Spatial validation cohort","GBM",15,"Clinicoradiologic","ibs",0.17846312017854482
"Spatial validation cohort","GBM",16,"Clinicoradiologic","ibs",0.1992417890776646
"Spatial validation cohort","GBM",17,"Clinicoradiologic","ibs",0.19189040480480396
"Spatial validation cohort","GBM",18,"Clinicoradiologic","ibs",0.158408828582653
"Spatial validation cohort","GBM",19,"Clinicoradiologic","ibs",0.1908268457909431
"Spatial validation cohort","GBM",20,"Clinicoradiologic","ibs",0.18068106835616835
"Spatial validation cohort","GBM",21,"Clinicoradiologic","ibs",0.17797207735759077
"Spatial validation cohort","GBM",22,"Clinicoradiologic","ibs",0.17605705803444177
"Spatial validation cohort","GBM",23,"Clinicoradiologic","ibs",0.1729065270674948
"Spatial validation cohort","GBM",24,"Clinicoradiologic","ibs",0.18306248945779616
"Spatial validation cohort","GBM",25,"Clinicoradiologic","ibs",0.1837633189541286
"Spatial validation cohort","GBM",26,"Clinicoradiologic","ibs",0.16741319053429232
"Spatial validation cohort","GBM",27,"Clinicoradiologic","ibs",0.17434968537416487
"Spatial validation cohort","GBM",28,"Clinicoradiologic","ibs",0.18033853878679615
"Spatial validation cohort","GBM",29,"Clinicoradiologic","ibs",0.18384565283704182
"Spatial validation cohort","GBM",30,"Clinicoradiologic","ibs",0.18551449035954343
"Spatial validation cohort","GBM",31,"Clinicoradiologic","ibs",0.17303897476707106
"Spatial validation cohort","GBM",32,"Clinicoradiologic","ibs",0.17564311788724435
"Spatial validation cohort","GBM",33,"Clinicoradiologic","ibs",0.1890850801867516
"Spatial validation cohort","GBM",34,"Clinicoradiologic","ibs",0.16597925313258532
"Spatial validation cohort","GBM",35,"Clinicoradiologic","ibs",0.15846415727884927
"Spatial validation cohort","GBM",36,"Clinicoradiologic","ibs",0.161438940639074
"Spatial validation cohort","GBM",37,"Clinicoradiologic","ibs",0.18223174516848753
"Spatial validation cohort","GBM",38,"Clinicoradiologic","ibs",0.18654830490244845
"Spatial validation cohort","GBM",39,"Clinicoradiologic","ibs",0.1890852617686696
"Spatial validation cohort","GBM",40,"Clinicoradiologic","ibs",0.1790544279198874
"Spatial validation cohort","GBM",41,"Clinicoradiologic","ibs",0.18370091860431131
"Spatial validation cohort","GBM",42,"Clinicoradiologic","ibs",0.16831997426355746
"Spatial validation cohort","GBM",43,"Clinicoradiologic","ibs",0.181369175159824
"Spatial validation cohort","GBM",44,"Clinicoradiologic","ibs",0.1743096071770023
"Spatial validation cohort","GBM",45,"Clinicoradiologic","ibs",0.16770518008740962
"Spatial validation cohort","GBM",46,"Clinicoradiologic","ibs",0.18584444796156327
"Spatial validation cohort","GBM",47,"Clinicoradiologic","ibs",0.17874513015683996
"Spatial validation cohort","GBM",48,"Clinicoradiologic","ibs",0.186152901184167
"Spatial validation cohort","GBM",49,"Clinicoradiologic","ibs",0.17978001263493262
"Spatial validation cohort","GBM",50,"Clinicoradiologic","ibs",0.1781129608204882
"Spatial validation cohort","GBM",51,"Clinicoradiologic","ibs",0.1741892784028054
"Spatial validation cohort","GBM",52,"Clinicoradiologic","ibs",0.1663635918729521
"Spatial validation cohort","GBM",53,"Clinicoradiologic","ibs",0.1896212265492855
"Spatial validation cohort","GBM",54,"Clinicoradiologic","ibs",0.18603263014639565
"Spatial validation cohort","GBM",55,"Clinicoradiologic","ibs",0.17536837702286998
"Spatial validation cohort","GBM",56,"Clinicoradiologic","ibs",0.1746299955679789
"Spatial validation cohort","GBM",57,"Clinicoradiologic","ibs",0.18352414554472965
"Spatial validation cohort","GBM",58,"Clinicoradiologic","ibs",0.16843504476336632
"Spatial validation cohort","GBM",59,"Clinicoradiologic","ibs",0.16110686962605847
"Spatial validation cohort","GBM",60,"Clinicoradiologic","ibs",0.175017158667068
"Spatial validation cohort","GBM",61,"Clinicoradiologic","ibs",0.18111412822721912
"Spatial validation cohort","GBM",62,"Clinicoradiologic","ibs",0.19361354335233552
"Spatial validation cohort","GBM",63,"Clinicoradiologic","ibs",0.1699272553501697
"Spatial validation cohort","GBM",64,"Clinicoradiologic","ibs",0.16025120501792425
"Spatial validation cohort","GBM",65,"Clinicoradiologic","ibs",0.19345543065826262
"Spatial validation cohort","GBM",66,"Clinicoradiologic","ibs",0.1818787183260486
"Spatial validation cohort","GBM",67,"Clinicoradiologic","ibs",0.16013007227613343
"Spatial validation cohort","GBM",68,"Clinicoradiologic","ibs",0.1764476833326297
"Spatial validation cohort","GBM",69,"Clinicoradiologic","ibs",0.16167757796232418
"Spatial validation cohort","GBM",70,"Clinicoradiologic","ibs",0.1692481890095881
"Spatial validation cohort","GBM",71,"Clinicoradiologic","ibs",0.16452625461025017
"Spatial validation cohort","GBM",72,"Clinicoradiologic","ibs",0.1758070348266288
"Spatial validation cohort","GBM",73,"Clinicoradiologic","ibs",0.1720707524397041
"Spatial validation cohort","GBM",74,"Clinicoradiologic","ibs",0.16054770778958485
"Spatial validation cohort","GBM",75,"Clinicoradiologic","ibs",0.18649876259807818
"Spatial validation cohort","GBM",76,"Clinicoradiologic","ibs",0.1750762974485113
"Spatial validation cohort","GBM",77,"Clinicoradiologic","ibs",0.18316525819793167
"Spatial validation cohort","GBM",78,"Clinicoradiologic","ibs",0.1822709810890564
"Spatial validation cohort","GBM",79,"Clinicoradiologic","ibs",0.1781286819780964
"Spatial validation cohort","GBM",80,"Clinicoradiologic","ibs",0.17116276162102678
"Spatial validation cohort","GBM",81,"Clinicoradiologic","ibs",0.16511903896175797
"Spatial validation cohort","GBM",82,"Clinicoradiologic","ibs",0.17030060397757665
"Spatial validation cohort","GBM",83,"Clinicoradiologic","ibs",0.17800448871528643
"Spatial validation cohort","GBM",84,"Clinicoradiologic","ibs",0.17496910925360606
"Spatial validation cohort","GBM",85,"Clinicoradiologic","ibs",0.18761876178318468
"Spatial validation cohort","GBM",86,"Clinicoradiologic","ibs",0.1772544823534337
"Spatial validation cohort","GBM",87,"Clinicoradiologic","ibs",0.18407836440924957
"Spatial validation cohort","GBM",88,"Clinicoradiologic","ibs",0.18567766748951992
"Spatial validation cohort","GBM",89,"Clinicoradiologic","ibs",0.17876936508246863
"Spatial validation cohort","GBM",90,"Clinicoradiologic","ibs",0.19141569044864476
"Spatial validation cohort","GBM",91,"Clinicoradiologic","ibs",0.16321340090080885
"Spatial validation cohort","GBM",92,"Clinicoradiologic","ibs",0.17410348697272296
"Spatial validation cohort","GBM",93,"Clinicoradiologic","ibs",0.198218509690862
"Spatial validation cohort","GBM",94,"Clinicoradiologic","ibs",0.16966708475994555
"Spatial validation cohort","GBM",95,"Clinicoradiologic","ibs",0.17451574430046696
"Spatial validation cohort","GBM",96,"Clinicoradiologic","ibs",0.1899555134957394
"Spatial validation cohort","GBM",97,"Clinicoradiologic","ibs",0.19306271746599787
"Spatial validation cohort","GBM",98,"Clinicoradiologic","ibs",0.19516686983768394
"Spatial validation cohort","GBM",99,"Clinicoradiologic","ibs",0.16819904937840102
"Spatial validation cohort","GBM",100,"Clinicoradiologic","ibs",0.1684677335390698
"Spatial validation cohort","GBM",1,"3D-ViT","ibs",0.15857382860240685
"Spatial validation cohort","GBM",2,"3D-ViT","ibs",0.1526372945666024
"Spatial validation cohort","GBM",3,"3D-ViT","ibs",0.14868803861260282
"Spatial validation cohort","GBM",4,"3D-ViT","ibs",0.14138246440364075
"Spatial validation cohort","GBM",5,"3D-ViT","ibs",0.14341856975916265
"Spatial validation cohort","GBM",6,"3D-ViT","ibs",0.15181516269374706
"Spatial validation cohort","GBM",7,"3D-ViT","ibs",0.1498441545862067
"Spatial validation cohort","GBM",8,"3D-ViT","ibs",0.15153434649361797
"Spatial validation cohort","GBM",9,"3D-ViT","ibs",0.14872266883759944
"Spatial validation cohort","GBM",10,"3D-ViT","ibs",0.14837262853555538
"Spatial validation cohort","GBM",11,"3D-ViT","ibs",0.1458215471106766
"Spatial validation cohort","GBM",12,"3D-ViT","ibs",0.1503761724630052
"Spatial validation cohort","GBM",13,"3D-ViT","ibs",0.16987328928392711
"Spatial validation cohort","GBM",14,"3D-ViT","ibs",0.1375256867481709
"Spatial validation cohort","GBM",15,"3D-ViT","ibs",0.14184932579376464
"Spatial validation cohort","GBM",16,"3D-ViT","ibs",0.1533077003589353
"Spatial validation cohort","GBM",17,"3D-ViT","ibs",0.14640088405381765
"Spatial validation cohort","GBM",18,"3D-ViT","ibs",0.14254857324792394
"Spatial validation cohort","GBM",19,"3D-ViT","ibs",0.1478859420854897
"Spatial validation cohort","GBM",20,"3D-ViT","ibs",0.14714345519943592
"Spatial validation cohort","GBM",21,"3D-ViT","ibs",0.14498213507403293
"Spatial validation cohort","GBM",22,"3D-ViT","ibs",0.1352547102119355
"Spatial validation cohort","GBM",23,"3D-ViT","ibs",0.13297481529867464
"Spatial validation cohort","GBM",24,"3D-ViT","ibs",0.15213586965125792
"Spatial validation cohort","GBM",25,"3D-ViT","ibs",0.15386107949460426
"Spatial validation cohort","GBM",26,"3D-ViT","ibs",0.15081133125791132
"Spatial validation cohort","GBM",27,"3D-ViT","ibs",0.14294193354327914
"Spatial validation cohort","GBM",28,"3D-ViT","ibs",0.14994429429361306
"Spatial validation cohort","GBM",29,"3D-ViT","ibs",0.15665405422061152
"Spatial validation cohort","GBM",30,"3D-ViT","ibs",0.15560878929382851
"Spatial validation cohort","GBM",31,"3D-ViT","ibs",0.1560896695068203
"Spatial validation cohort","GBM",32,"3D-ViT","ibs",0.1478374876556391
"Spatial validation cohort","GBM",33,"3D-ViT","ibs",0.15210027993260217
"Spatial validation cohort","GBM",34,"3D-ViT","ibs",0.14634185103914588
"Spatial validation cohort","GBM",35,"3D-ViT","ibs",0.14804574315174676
"Spatial validation cohort","GBM",36,"3D-ViT","ibs",0.14051291083261225
"Spatial validation cohort","GBM",37,"3D-ViT","ibs",0.15217060394781967
"Spatial validation cohort","GBM",38,"3D-ViT","ibs",0.1573560558850137
"Spatial validation cohort","GBM",39,"3D-ViT","ibs",0.15498997880752985
"Spatial validation cohort","GBM",40,"3D-ViT","ibs",0.1525978746884146
"Spatial validation cohort","GBM",41,"3D-ViT","ibs",0.14606268610351092
"Spatial validation cohort","GBM",42,"3D-ViT","ibs",0.15018850010597676
"Spatial validation cohort","GBM",43,"3D-ViT","ibs",0.15611426912585666
"Spatial validation cohort","GBM",44,"3D-ViT","ibs",0.14586618495501344
"Spatial validation cohort","GBM",45,"3D-ViT","ibs",0.143038787578659
"Spatial validation cohort","GBM",46,"3D-ViT","ibs",0.16244529102394373
"Spatial validation cohort","GBM",47,"3D-ViT","ibs",0.14913108414006748
"Spatial validation cohort","GBM",48,"3D-ViT","ibs",0.14326542401654316
"Spatial validation cohort","GBM",49,"3D-ViT","ibs",0.16571755607507313
"Spatial validation cohort","GBM",50,"3D-ViT","ibs",0.1396312304866894
"Spatial validation cohort","GBM",51,"3D-ViT","ibs",0.14496091664096078
"Spatial validation cohort","GBM",52,"3D-ViT","ibs",0.1404135749299345
"Spatial validation cohort","GBM",53,"3D-ViT","ibs",0.15711169090006014
"Spatial validation cohort","GBM",54,"3D-ViT","ibs",0.14742604748134303
"Spatial validation cohort","GBM",55,"3D-ViT","ibs",0.1396756068524612
"Spatial validation cohort","GBM",56,"3D-ViT","ibs",0.1510874472834581
"Spatial validation cohort","GBM",57,"3D-ViT","ibs",0.1607035187947899
"Spatial validation cohort","GBM",58,"3D-ViT","ibs",0.1412493777657396
"Spatial validation cohort","GBM",59,"3D-ViT","ibs",0.1346586119835769
"Spatial validation cohort","GBM",60,"3D-ViT","ibs",0.1420740296584691
"Spatial validation cohort","GBM",61,"3D-ViT","ibs",0.14226116604701572
"Spatial validation cohort","GBM",62,"3D-ViT","ibs",0.14972346885348845
"Spatial validation cohort","GBM",63,"3D-ViT","ibs",0.13790022678723807
"Spatial validation cohort","GBM",64,"3D-ViT","ibs",0.1430155101061032
"Spatial validation cohort","GBM",65,"3D-ViT","ibs",0.14488419928233143
"Spatial validation cohort","GBM",66,"3D-ViT","ibs",0.15275300706595818
"Spatial validation cohort","GBM",67,"3D-ViT","ibs",0.14240761330503438
"Spatial validation cohort","GBM",68,"3D-ViT","ibs",0.15666863637430126
"Spatial validation cohort","GBM",69,"3D-ViT","ibs",0.14333619092877214
"Spatial validation cohort","GBM",70,"3D-ViT","ibs",0.1442989478232713
"Spatial validation cohort","GBM",71,"3D-ViT","ibs",0.14471990069861737
"Spatial validation cohort","GBM",72,"3D-ViT","ibs",0.14664432013976525
"Spatial validation cohort","GBM",73,"3D-ViT","ibs",0.1436522052775406
"Spatial validation cohort","GBM",74,"3D-ViT","ibs",0.13774256278686617
"Spatial validation cohort","GBM",75,"3D-ViT","ibs",0.1303407203482612
"Spatial validation cohort","GBM",76,"3D-ViT","ibs",0.1691924599682691
"Spatial validation cohort","GBM",77,"3D-ViT","ibs",0.14848983804500568
"Spatial validation cohort","GBM",78,"3D-ViT","ibs",0.14658230308619039
"Spatial validation cohort","GBM",79,"3D-ViT","ibs",0.1446664798389781
"Spatial validation cohort","GBM",80,"3D-ViT","ibs",0.1469283917131346
"Spatial validation cohort","GBM",81,"3D-ViT","ibs",0.1510143352603717
"Spatial validation cohort","GBM",82,"3D-ViT","ibs",0.15277397087199382
"Spatial validation cohort","GBM",83,"3D-ViT","ibs",0.14296441202706564
"Spatial validation cohort","GBM",84,"3D-ViT","ibs",0.1581367634643141
"Spatial validation cohort","GBM",85,"3D-ViT","ibs",0.1428298491031189
"Spatial validation cohort","GBM",86,"3D-ViT","ibs",0.14491735040633386
"Spatial validation cohort","GBM",87,"3D-ViT","ibs",0.14889811071709816
"Spatial validation cohort","GBM",88,"3D-ViT","ibs",0.15611683131688997
"Spatial validation cohort","GBM",89,"3D-ViT","ibs",0.14076917327935187
"Spatial validation cohort","GBM",90,"3D-ViT","ibs",0.15774860559586917
"Spatial validation cohort","GBM",91,"3D-ViT","ibs",0.14469753694566348
"Spatial validation cohort","GBM",92,"3D-ViT","ibs",0.14213865188979372
"Spatial validation cohort","GBM",93,"3D-ViT","ibs",0.15726135841023242
"Spatial validation cohort","GBM",94,"3D-ViT","ibs",0.16095905020349616
"Spatial validation cohort","GBM",95,"3D-ViT","ibs",0.13942981405947627
"Spatial validation cohort","GBM",96,"3D-ViT","ibs",0.15536417380666878
"Spatial validation cohort","GBM",97,"3D-ViT","ibs",0.15250209926909475
"Spatial validation cohort","GBM",98,"3D-ViT","ibs",0.16229990293094476
"Spatial validation cohort","GBM",99,"3D-ViT","ibs",0.15251295686268362
"Spatial validation cohort","GBM",100,"3D-ViT","ibs",0.14656140404045057
"Spatial validation cohort","GBM",1,"CR-ViT","ibs",0.14218029741684796
"Spatial validation cohort","GBM",2,"CR-ViT","ibs",0.14472907147341701
"Spatial validation cohort","GBM",3,"CR-ViT","ibs",0.151930471649259
"Spatial validation cohort","GBM",4,"CR-ViT","ibs",0.13188612132102698
"Spatial validation cohort","GBM",5,"CR-ViT","ibs",0.13187706718154432
"Spatial validation cohort","GBM",6,"CR-ViT","ibs",0.14735869473350696
"Spatial validation cohort","GBM",7,"CR-ViT","ibs",0.13274524148772684
"Spatial validation cohort","GBM",8,"CR-ViT","ibs",0.13871513159671703
"Spatial validation cohort","GBM",9,"CR-ViT","ibs",0.14461400005472055
"Spatial validation cohort","GBM",10,"CR-ViT","ibs",0.13289659610806412
"Spatial validation cohort","GBM",11,"CR-ViT","ibs",0.13866140105367963
"Spatial validation cohort","GBM",12,"CR-ViT","ibs",0.14145638241309685
"Spatial validation cohort","GBM",13,"CR-ViT","ibs",0.15996869508316724
"Spatial validation cohort","GBM",14,"CR-ViT","ibs",0.13046734040081856
"Spatial validation cohort","GBM",15,"CR-ViT","ibs",0.13284066395521582
"Spatial validation cohort","GBM",16,"CR-ViT","ibs",0.14108011721610222
"Spatial validation cohort","GBM",17,"CR-ViT","ibs",0.14439850418225722
"Spatial validation cohort","GBM",18,"CR-ViT","ibs",0.12746109021023766
"Spatial validation cohort","GBM",19,"CR-ViT","ibs",0.13536339114038606
"Spatial validation cohort","GBM",20,"CR-ViT","ibs",0.13342371895514776
"Spatial validation cohort","GBM",21,"CR-ViT","ibs",0.1345498752899608
"Spatial validation cohort","GBM",22,"CR-ViT","ibs",0.1207604490724821
"Spatial validation cohort","GBM",23,"CR-ViT","ibs",0.11745198040903988
"Spatial validation cohort","GBM",24,"CR-ViT","ibs",0.13897693156620286
"Spatial validation cohort","GBM",25,"CR-ViT","ibs",0.13840688899004486
"Spatial validation cohort","GBM",26,"CR-ViT","ibs",0.1422225750527273
"Spatial validation cohort","GBM",27,"CR-ViT","ibs",0.1313500703398895
"Spatial validation cohort","GBM",28,"CR-ViT","ibs",0.14206065566671608
"Spatial validation cohort","GBM",29,"CR-ViT","ibs",0.14229226908233078
"Spatial validation cohort","GBM",30,"CR-ViT","ibs",0.14657527948802893
"Spatial validation cohort","GBM",31,"CR-ViT","ibs",0.14448161078123203
"Spatial validation cohort","GBM",32,"CR-ViT","ibs",0.1324321487545604
"Spatial validation cohort","GBM",33,"CR-ViT","ibs",0.14306348715127432
"Spatial validation cohort","GBM",34,"CR-ViT","ibs",0.13335202618219283
"Spatial validation cohort","GBM",35,"CR-ViT","ibs",0.13536087125643947
"Spatial validation cohort","GBM",36,"CR-ViT","ibs",0.13101307108569155
"Spatial validation cohort","GBM",37,"CR-ViT","ibs",0.1472976497838026
"Spatial validation cohort","GBM",38,"CR-ViT","ibs",0.14293332223349972
"Spatial validation cohort","GBM",39,"CR-ViT","ibs",0.14559642135517084
"Spatial validation cohort","GBM",40,"CR-ViT","ibs",0.14608213537490478
"Spatial validation cohort","GBM",41,"CR-ViT","ibs",0.13712484887461665
"Spatial validation cohort","GBM",42,"CR-ViT","ibs",0.13831596466589496
"Spatial validation cohort","GBM",43,"CR-ViT","ibs",0.14488079916156912
"Spatial validation cohort","GBM",44,"CR-ViT","ibs",0.13324273959950536
"Spatial validation cohort","GBM",45,"CR-ViT","ibs",0.13520219968093405
"Spatial validation cohort","GBM",46,"CR-ViT","ibs",0.1524297450168436
"Spatial validation cohort","GBM",47,"CR-ViT","ibs",0.1385794135165426
"Spatial validation cohort","GBM",48,"CR-ViT","ibs",0.13686977803331019
"Spatial validation cohort","GBM",49,"CR-ViT","ibs",0.15775814875201064
"Spatial validation cohort","GBM",50,"CR-ViT","ibs",0.12878543047900026
"Spatial validation cohort","GBM",51,"CR-ViT","ibs",0.1392850569754124
"Spatial validation cohort","GBM",52,"CR-ViT","ibs",0.13868685341052728
"Spatial validation cohort","GBM",53,"CR-ViT","ibs",0.1538300037760845
"Spatial validation cohort","GBM",54,"CR-ViT","ibs",0.14135890715923652
"Spatial validation cohort","GBM",55,"CR-ViT","ibs",0.13760431293069164
"Spatial validation cohort","GBM",56,"CR-ViT","ibs",0.14731166718190689
"Spatial validation cohort","GBM",57,"CR-ViT","ibs",0.1480895132797812
"Spatial validation cohort","GBM",58,"CR-ViT","ibs",0.1354825344874987
"Spatial validation cohort","GBM",59,"CR-ViT","ibs",0.1261427117192477
"Spatial validation cohort","GBM",60,"CR-ViT","ibs",0.1363896811447823
"Spatial validation cohort","GBM",61,"CR-ViT","ibs",0.13316239236261898
"Spatial validation cohort","GBM",62,"CR-ViT","ibs",0.1392097564351234
"Spatial validation cohort","GBM",63,"CR-ViT","ibs",0.13234858598808627
"Spatial validation cohort","GBM",64,"CR-ViT","ibs",0.12658256519147704
"Spatial validation cohort","GBM",65,"CR-ViT","ibs",0.14074670282600066
"Spatial validation cohort","GBM",66,"CR-ViT","ibs",0.13898453356199722
"Spatial validation cohort","GBM",67,"CR-ViT","ibs",0.12890854726777234
"Spatial validation cohort","GBM",68,"CR-ViT","ibs",0.14440143899766195
"Spatial validation cohort","GBM",69,"CR-ViT","ibs",0.14098322722150983
"Spatial validation cohort","GBM",70,"CR-ViT","ibs",0.1359400560293062
"Spatial validation cohort","GBM",71,"CR-ViT","ibs",0.13699286402824498
"Spatial validation cohort","GBM",72,"CR-ViT","ibs",0.13765443725639454
"Spatial validation cohort","GBM",73,"CR-ViT","ibs",0.12856530902482222
"Spatial validation cohort","GBM",74,"CR-ViT","ibs",0.12628536379376012
"Spatial validation cohort","GBM",75,"CR-ViT","ibs",0.12727783739937742
"Spatial validation cohort","GBM",76,"CR-ViT","ibs",0.1555450715482079
"Spatial validation cohort","GBM",77,"CR-ViT","ibs",0.1291692976923714
"Spatial validation cohort","GBM",78,"CR-ViT","ibs",0.13804389547026416
"Spatial validation cohort","GBM",79,"CR-ViT","ibs",0.1297472479738007
"Spatial validation cohort","GBM",80,"CR-ViT","ibs",0.1350425523498891
"Spatial validation cohort","GBM",81,"CR-ViT","ibs",0.1399373005486874
"Spatial validation cohort","GBM",82,"CR-ViT","ibs",0.13421458177370793
"Spatial validation cohort","GBM",83,"CR-ViT","ibs",0.13211672553390047
"Spatial validation cohort","GBM",84,"CR-ViT","ibs",0.1399070483157144
"Spatial validation cohort","GBM",85,"CR-ViT","ibs",0.13306602516387248
"Spatial validation cohort","GBM",86,"CR-ViT","ibs",0.14815300703557113
"Spatial validation cohort","GBM",87,"CR-ViT","ibs",0.14638285623418015
"Spatial validation cohort","GBM",88,"CR-ViT","ibs",0.1452979331397701
"Spatial validation cohort","GBM",89,"CR-ViT","ibs",0.13317789228651644
"Spatial validation cohort","GBM",90,"CR-ViT","ibs",0.1415687879275454
"Spatial validation cohort","GBM",91,"CR-ViT","ibs",0.13293653750114684
"Spatial validation cohort","GBM",92,"CR-ViT","ibs",0.1281742622233336
"Spatial validation cohort","GBM",93,"CR-ViT","ibs",0.1409307999839057
"Spatial validation cohort","GBM",94,"CR-ViT","ibs",0.14601389063348907
"Spatial validation cohort","GBM",95,"CR-ViT","ibs",0.13232073003179454
"Spatial validation cohort","GBM",96,"CR-ViT","ibs",0.16142816414597994
"Spatial validation cohort","GBM",97,"CR-ViT","ibs",0.14165292965575416
"Spatial validation cohort","GBM",98,"CR-ViT","ibs",0.1633072528653728
"Spatial validation cohort","GBM",99,"CR-ViT","ibs",0.13999501885366444
"Spatial validation cohort","GBM",100,"CR-ViT","ibs",0.13847061049477366
"GBM multi-omics subset","GBM",1,"3D-CNN","cindex",0.6578073089700996
"GBM multi-omics subset","GBM",2,"3D-CNN","cindex",0.6284714861140556
"GBM multi-omics subset","GBM",3,"3D-CNN","cindex",0.6150954896383584
"GBM multi-omics subset","GBM",4,"3D-CNN","cindex",0.6535913345251867
"GBM multi-omics subset","GBM",5,"3D-CNN","cindex",0.5626590654586175
"GBM multi-omics subset","GBM",6,"3D-CNN","cindex",0.6174326786798947
"GBM multi-omics subset","GBM",7,"3D-CNN","cindex",0.6224691101650919
"GBM multi-omics subset","GBM",8,"3D-CNN","cindex",0.6595564045420779
"GBM multi-omics subset","GBM",9,"3D-CNN","cindex",0.5944605208763952
"GBM multi-omics subset","GBM",10,"3D-CNN","cindex",0.6646418098031002
"GBM multi-omics subset","GBM",11,"3D-CNN","cindex",0.6064445331205108
"GBM multi-omics subset","GBM",12,"3D-CNN","cindex",0.6189163397306754
"GBM multi-omics subset","GBM",13,"3D-CNN","cindex",0.6021071287908626
"GBM multi-omics subset","GBM",14,"3D-CNN","cindex",0.616865453023645
"GBM multi-omics subset","GBM",15,"3D-CNN","cindex",0.5694245340978906
"GBM multi-omics subset","GBM",16,"3D-CNN","cindex",0.5872802481902792
"GBM multi-omics subset","GBM",17,"3D-CNN","cindex",0.6629916251457648
"GBM multi-omics subset","GBM",18,"3D-CNN","cindex",0.6135618322225749
"GBM multi-omics subset","GBM",19,"3D-CNN","cindex",0.6479726751873072
"GBM multi-omics subset","GBM",20,"3D-CNN","cindex",0.6484383106775968
"GBM multi-omics subset","GBM",21,"3D-CNN","cindex",0.6038539553752535
"GBM multi-omics subset","GBM",22,"3D-CNN","cindex",0.630831442943091
"GBM multi-omics subset","GBM",23,"3D-CNN","cindex",0.612012987012987
"GBM multi-omics subset","GBM",24,"3D-CNN","cindex",0.5970979924468296
"GBM multi-omics subset","GBM",25,"3D-CNN","cindex",0.6707242225859247
"GBM multi-omics subset","GBM",26,"3D-CNN","cindex",0.566217845659164
"GBM multi-omics subset","GBM",27,"3D-CNN","cindex",0.6285316354954238
"GBM multi-omics subset","GBM",28,"3D-CNN","cindex",0.5797585686570381
"GBM multi-omics subset","GBM",29,"3D-CNN","cindex",0.5777538852507087
"GBM multi-omics subset","GBM",30,"3D-CNN","cindex",0.5886205885228273
"GBM multi-omics subset","GBM",31,"3D-CNN","cindex",0.6118730603664031
"GBM multi-omics subset","GBM",32,"3D-CNN","cindex",0.6774451897086795
"GBM multi-omics subset","GBM",33,"3D-CNN","cindex",0.6364104147370587
"GBM multi-omics subset","GBM",34,"3D-CNN","cindex",0.5967117988394584
"GBM multi-omics subset","GBM",35,"3D-CNN","cindex",0.5541464381254335
"GBM multi-omics subset","GBM",36,"3D-CNN","cindex",0.6317628269115592
"GBM multi-omics subset","GBM",37,"3D-CNN","cindex",0.6592666005946481
"GBM multi-omics subset","GBM",38,"3D-CNN","cindex",0.6620753935376967
"GBM multi-omics subset","GBM",39,"3D-CNN","cindex",0.5908101045296168
"GBM multi-omics subset","GBM",40,"3D-CNN","cindex",0.6489018424065786
"GBM multi-omics subset","GBM",41,"3D-CNN","cindex",0.6385145253069782
"GBM multi-omics subset","GBM",42,"3D-CNN","cindex",0.5937437934458789
"GBM multi-omics subset","GBM",43,"3D-CNN","cindex",0.5880655467381222
"GBM multi-omics subset","GBM",44,"3D-CNN","cindex",0.5824446267432322
"GBM multi-omics subset","GBM",45,"3D-CNN","cindex",0.5890877261233223
"GBM multi-omics subset","GBM",46,"3D-CNN","cindex",0.6166059870550162
"GBM multi-omics subset","GBM",47,"3D-CNN","cindex",0.5647573506969172
"GBM multi-omics subset","GBM",48,"3D-CNN","cindex",0.6478927203065135
"GBM multi-omics subset","GBM",49,"3D-CNN","cindex",0.6279800606848721
"GBM multi-omics subset","GBM",50,"3D-CNN","cindex",0.6827884912859647
"GBM multi-omics subset","GBM",51,"3D-CNN","cindex",0.5840179968701096
"GBM multi-omics subset","GBM",52,"3D-CNN","cindex",0.6603532666524793
"GBM multi-omics subset","GBM",53,"3D-CNN","cindex",0.6489629164047769
"GBM multi-omics subset","GBM",54,"3D-CNN","cindex",0.5991189427312775
"GBM multi-omics subset","GBM",55,"3D-CNN","cindex",0.6328310864393338
"GBM multi-omics subset","GBM",56,"3D-CNN","cindex",0.5879583249849729
"GBM multi-omics subset","GBM",57,"3D-CNN","cindex",0.6007779711331764
"GBM multi-omics subset","GBM",58,"3D-CNN","cindex",0.6119493670886076
"GBM multi-omics subset","GBM",59,"3D-CNN","cindex",0.6140771845630874
"GBM multi-omics subset","GBM",60,"3D-CNN","cindex",0.6792552628795092
"GBM multi-omics subset","GBM",61,"3D-CNN","cindex",0.6366412213740458
"GBM multi-omics subset","GBM",62,"3D-CNN","cindex",0.632546981207517
"GBM multi-omics subset","GBM",63,"3D-CNN","cindex",0.5722348747400733
"GBM multi-omics subset","GBM",64,"3D-CNN","cindex",0.6525254646644965
"GBM multi-omics subset","GBM",65,"3D-CNN","cindex",0.6037239425217568
"GBM multi-omics subset","GBM",66,"3D-CNN","cindex",0.6302554817944076
"GBM multi-omics subset","GBM",67,"3D-CNN","cindex",0.6351067027351969
"GBM multi-omics subset","GBM",68,"3D-CNN","cindex",0.6040737738143493
"GBM multi-omics subset","GBM",69,"3D-CNN","cindex",0.5895387237669116
"GBM multi-omics subset","GBM",70,"3D-CNN","cindex",0.6332074680092301
"GBM multi-omics subset","GBM",71,"3D-CNN","cindex",0.6157307767560165
"GBM multi-omics subset","GBM",72,"3D-CNN","cindex",0.6245423161418558
"GBM multi-omics subset","GBM",73,"3D-CNN","cindex",0.6525990222488277
"GBM multi-omics subset","GBM",74,"3D-CNN","cindex",0.5960336068776866
"GBM multi-omics subset","GBM",75,"3D-CNN","cindex",0.6308019011022348
"GBM multi-omics subset","GBM",76,"3D-CNN","cindex",0.6371347785108388
"GBM multi-omics subset","GBM",77,"3D-CNN","cindex",0.6211662631154157
"GBM multi-omics subset","GBM",78,"3D-CNN","cindex",0.6088852824830104
"GBM multi-omics subset","GBM",79,"3D-CNN","cindex",0.635007458975634
"GBM multi-omics subset","GBM",80,"3D-CNN","cindex",0.6413187710523629
"GBM multi-omics subset","GBM",81,"3D-CNN","cindex",0.657854130233515
"GBM multi-omics subset","GBM",82,"3D-CNN","cindex",0.5641179410294852
"GBM multi-omics subset","GBM",83,"3D-CNN","cindex",0.6413750387116754
"GBM multi-omics subset","GBM",84,"3D-CNN","cindex",0.6476180416182529
"GBM multi-omics subset","GBM",85,"3D-CNN","cindex",0.6180310880829015
"GBM multi-omics subset","GBM",86,"3D-CNN","cindex",0.6590116875128152
"GBM multi-omics subset","GBM",87,"3D-CNN","cindex",0.6082464081873646
"GBM multi-omics subset","GBM",88,"3D-CNN","cindex",0.6247737784033782
"GBM multi-omics subset","GBM",89,"3D-CNN","cindex",0.6371728303486277
"GBM multi-omics subset","GBM",90,"3D-CNN","cindex",0.6482238289845961
"GBM multi-omics subset","GBM",91,"3D-CNN","cindex",0.5793487221764221
"GBM multi-omics subset","GBM",92,"3D-CNN","cindex",0.631667366652667
"GBM multi-omics subset","GBM",93,"3D-CNN","cindex",0.6287496287496288
"GBM multi-omics subset","GBM",94,"3D-CNN","cindex",0.6662201154163232
"GBM multi-omics subset","GBM",95,"3D-CNN","cindex",0.616106333072713
"GBM multi-omics subset","GBM",96,"3D-CNN","cindex",0.59249303066507375
"GBM multi-omics subset","GBM",97,"3D-CNN","cindex",0.6052740863787376
"GBM multi-omics subset","GBM",98,"3D-CNN","cindex",0.5848121344304551
"GBM multi-omics subset","GBM",99,"3D-CNN","cindex",0.6439049064238745
"GBM multi-omics subset","GBM",100,"3D-CNN","cindex",0.6535808480421992
"GBM multi-omics subset","GBM",1,"Clinicoradiologic","cindex",0.6219168428470754
"GBM multi-omics subset","GBM",2,"Clinicoradiologic","cindex",0.6325524697901208
"GBM multi-omics subset","GBM",3,"Clinicoradiologic","cindex",0.5894453474197481
"GBM multi-omics subset","GBM",4,"Clinicoradiologic","cindex",0.6105268692817332
"GBM multi-omics subset","GBM",5,"Clinicoradiologic","cindex",0.6308154331670569
"GBM multi-omics subset","GBM",6,"Clinicoradiologic","cindex",0.6135857461024499
"GBM multi-omics subset","GBM",7,"Clinicoradiologic","cindex",0.6040909562869899
"GBM multi-omics subset","GBM",8,"Clinicoradiologic","cindex",0.6404011461318051
"GBM multi-omics subset","GBM",9,"Clinicoradiologic","cindex",0.6214344770566349
"GBM multi-omics subset","GBM",10,"Clinicoradiologic","cindex",0.6551633850020947
"GBM multi-omics subset","GBM",11,"Clinicoradiologic","cindex",0.5651935355147646
"GBM multi-omics subset","GBM",12,"Clinicoradiologic","cindex",0.5980277807231471
"GBM multi-omics subset","GBM",13,"Clinicoradiologic","cindex",0.5833497439936983
"GBM multi-omics subset","GBM",14,"Clinicoradiologic","cindex",0.6220966729441306
"GBM multi-omics subset","GBM",15,"Clinicoradiologic","cindex",0.5974810567274217
"GBM multi-omics subset","GBM",16,"Clinicoradiologic","cindex",0.5771975180972079
"GBM multi-omics subset","GBM",17,"Clinicoradiologic","cindex",0.6002332237888265
"GBM multi-omics subset","GBM",18,"Clinicoradiologic","cindex",0.5808737966783032
"GBM multi-omics subset","GBM",19,"Clinicoradiologic","cindex",0.6039554869986778
"GBM multi-omics subset","GBM",20,"Clinicoradiologic","cindex",0.6312649164677804
"GBM multi-omics subset","GBM",21,"Clinicoradiologic","cindex",0.5824036511156186
"GBM multi-omics subset","GBM",22,"Clinicoradiologic","cindex",0.6163329716934609
"GBM multi-omics subset","GBM",23,"Clinicoradiologic","cindex",0.5591010551948052
"GBM multi-omics subset","GBM",24,"Clinicoradiologic","cindex",0.5868614589544823
"GBM multi-omics subset","GBM",25,"Clinicoradiologic","cindex",0.5825490998363339
"GBM multi-omics subset","GBM",26,"Clinicoradiologic","cindex",0.5711917202572347
"GBM multi-omics subset","GBM",27,"Clinicoradiologic","cindex",0.5653601273378432
"GBM multi-omics subset","GBM",28,"Clinicoradiologic","cindex",0.6404936408708773
"GBM multi-omics subset","GBM",29,"Clinicoradiologic","cindex",0.579415501905972
"GBM multi-omics subset","GBM",30,"Clinicoradiologic","cindex",0.6057776908788738
"GBM multi-omics subset","GBM",31,"Clinicoradiologic","cindex",0.5925017519271198
"GBM multi-omics subset","GBM",32,"Clinicoradiologic","cindex",0.6159775753328661
"GBM multi-omics subset","GBM",33,"Clinicoradiologic","cindex",0.6011114541525162
"GBM multi-omics subset","GBM",34,"Clinicoradiologic","cindex",0.6002041693531055
"GBM multi-omics subset","GBM",35,"Clinicoradiologic","cindex",0.6051223620330922
"GBM multi-omics subset","GBM",36,"Clinicoradiologic","cindex",0.5962767019365143
"GBM multi-omics subset","GBM",37,"Clinicoradiologic","cindex",0.5689791873141725
"GBM multi-omics subset","GBM",38,"Clinicoradiologic","cindex",0.6043392709196355
"GBM multi-omics subset","GBM",39,"Clinicoradiologic","cindex",0.6058906794425087
"GBM multi-omics subset","GBM",40,"Clinicoradiologic","cindex",0.6169980222754241
"GBM multi-omics subset","GBM",41,"Clinicoradiologic","cindex",0.601926724568234
"GBM multi-omics subset","GBM",42,"Clinicoradiologic","cindex",0.5834160873882821
"GBM multi-omics subset","GBM",43,"Clinicoradiologic","cindex",0.5908997217355457
"GBM multi-omics subset","GBM",44,"Clinicoradiologic","cindex",0.6261792452830188
"GBM multi-omics subset","GBM",45,"Clinicoradiologic","cindex",0.566134993191986
"GBM multi-omics subset","GBM",46,"Clinicoradiologic","cindex",0.6440129449838188
"GBM multi-omics subset","GBM",47,"Clinicoradiologic","cindex",0.5942618781157798
"GBM multi-omics subset","GBM",48,"Clinicoradiologic","cindex",0.6034961685823754
"GBM multi-omics subset","GBM",49,"Clinicoradiologic","cindex",0.6257043779800606
"GBM multi-omics subset","GBM",50,"Clinicoradiologic","cindex",0.6428792410023718
"GBM multi-omics subset","GBM",51,"Clinicoradiologic","cindex",0.5661189358372457
"GBM multi-omics subset","GBM",52,"Clinicoradiologic","cindex",0.6156629070014896
"GBM multi-omics subset","GBM",53,"Clinicoradiologic","cindex",0.6243976534674209
"GBM multi-omics subset","GBM",54,"Clinicoradiologic","cindex",0.6495236143837722
"GBM multi-omics subset","GBM",55,"Clinicoradiologic","cindex",0.5620539254559873
"GBM multi-omics subset","GBM",56,"Clinicoradiologic","cindex",0.6350931677018634
"GBM multi-omics subset","GBM",57,"Clinicoradiologic","cindex",0.6305148940526154
"GBM multi-omics subset","GBM",58,"Clinicoradiologic","cindex",0.5945316455696202
"GBM multi-omics subset","GBM",59,"Clinicoradiologic","cindex",0.5592381523695261
"GBM multi-omics subset","GBM",60,"Clinicoradiologic","cindex",0.5878557071829049
"GBM multi-omics subset","GBM",61,"Clinicoradiologic","cindex",0.5774045801526717
"GBM multi-omics subset","GBM",62,"Clinicoradiologic","cindex",0.6276489404238305
"GBM multi-omics subset","GBM",63,"Clinicoradiologic","cindex",0.5555500544608377
"GBM multi-omics subset","GBM",64,"Clinicoradiologic","cindex",0.6152472960201617
"GBM multi-omics subset","GBM",65,"Clinicoradiologic","cindex",0.5854078121837685
"GBM multi-omics subset","GBM",66,"Clinicoradiologic","cindex",0.6088815127740898
"GBM multi-omics subset","GBM",67,"Clinicoradiologic","cindex",0.6242861436729786
"GBM multi-omics subset","GBM",68,"Clinicoradiologic","cindex",0.604935143899473
"GBM multi-omics subset","GBM",69,"Clinicoradiologic","cindex",0.6398742942367104
"GBM multi-omics subset","GBM",70,"Clinicoradiologic","cindex",0.5759387455422698
"GBM multi-omics subset","GBM",71,"Clinicoradiologic","cindex",0.6112795930346312
"GBM multi-omics subset","GBM",72,"Clinicoradiologic","cindex",0.5935767339679883
"GBM multi-omics subset","GBM",73,"Clinicoradiologic","cindex",0.6201736007183478
"GBM multi-omics subset","GBM",74,"Clinicoradiologic","cindex",0.5948124267291911
"GBM multi-omics subset","GBM",75,"Clinicoradiologic","cindex",0.5883304681969865
"GBM multi-omics subset","GBM",76,"Clinicoradiologic","cindex",0.602366739972772
"GBM multi-omics subset","GBM",77,"Clinicoradiologic","cindex",0.5968523002421308
"GBM multi-omics subset","GBM",78,"Clinicoradiologic","cindex",0.6011765899178416
"GBM multi-omics subset","GBM",79,"Clinicoradiologic","cindex",0.6202884137245152
"GBM multi-omics subset","GBM",80,"Clinicoradiologic","cindex",0.6049811166683678
"GBM multi-omics subset","GBM",81,"Clinicoradiologic","cindex",0.592377327435449
"GBM multi-omics subset","GBM",82,"Clinicoradiologic","cindex",0.5760619690154922
"GBM multi-omics subset","GBM",83,"Clinicoradiologic","cindex",0.6209352740786621
"GBM multi-omics subset","GBM",84,"Clinicoradiologic","cindex",0.6000845040667582
"GBM multi-omics subset","GBM",85,"Clinicoradiologic","cindex",0.6044559585492228
"GBM multi-omics subset","GBM",86,"Clinicoradiologic","cindex",0.6162087348779988
"GBM multi-omics subset","GBM",87,"Clinicoradiologic","cindex",0.5803483566227121
"GBM multi-omics subset","GBM",88,"Clinicoradiologic","cindex",0.6354816006434747
"GBM multi-omics subset","GBM",89,"Clinicoradiologic","cindex",0.6120589170287167
"GBM multi-omics subset","GBM",90,"Clinicoradiologic","cindex",0.5992350413915959
"GBM multi-omics subset","GBM",91,"Clinicoradiologic","cindex",0.6261335531739489
"GBM multi-omics subset","GBM",92,"Clinicoradiologic","cindex",0.6150251994960101
"GBM multi-omics subset","GBM",93,"Clinicoradiologic","cindex",0.5284625284625284
"GBM multi-omics subset","GBM",94,"Clinicoradiologic","cindex",0.6432914262159934
"GBM multi-omics subset","GBM",95,"Clinicoradiologic","cindex",0.5742279124315872
"GBM multi-omics subset","GBM",96,"Clinicoradiologic","cindex",0.6116089207487057
"GBM multi-omics subset","GBM",97,"Clinicoradiologic","cindex",0.6254671926910299
"GBM multi-omics subset","GBM",98,"Clinicoradiologic","cindex",0.5929909784871616
"GBM multi-omics subset","GBM",99,"Clinicoradiologic","cindex",0.5808295397066262
"GBM multi-omics subset","GBM",100,"Clinicoradiologic","cindex",0.6307060255629945
"GBM multi-omics subset","GBM",1,"3D-ViT","cindex",0.7023054464914931
"GBM multi-omics subset","GBM",2,"3D-ViT","cindex",0.666313334746661
"GBM multi-omics subset","GBM",3,"3D-ViT","cindex",0.6839699309223892
"GBM multi-omics subset","GBM",4,"3D-ViT","cindex",0.7110106215164581
"GBM multi-omics subset","GBM",5,"3D-ViT","cindex",0.5997149546981574
"GBM multi-omics subset","GBM",6,"3D-ViT","cindex",0.6840453533103867
"GBM multi-omics subset","GBM",7,"3D-ViT","cindex",0.6577717786315025
"GBM multi-omics subset","GBM",8,"3D-ViT","cindex",0.6778096147723655
"GBM multi-omics subset","GBM",9,"3D-ViT","cindex",0.6548160396858206
"GBM multi-omics subset","GBM",10,"3D-ViT","cindex",0.7229786342689568
"GBM multi-omics subset","GBM",11,"3D-ViT","cindex",0.6947326416600159
"GBM multi-omics subset","GBM",12,"3D-ViT","cindex",0.6845509489979854
"GBM multi-omics subset","GBM",13,"3D-ViT","cindex",0.6666010240252067
"GBM multi-omics subset","GBM",14,"3D-ViT","cindex",0.6680267838459929
"GBM multi-omics subset","GBM",15,"3D-ViT","cindex",0.6332172844562769
"GBM multi-omics subset","GBM",16,"3D-ViT","cindex",0.644364012409514
"GBM multi-omics subset","GBM",17,"3D-ViT","cindex",0.6967030637124987
"GBM multi-omics subset","GBM",18,"3D-ViT","cindex",0.6793610494023061
"GBM multi-omics subset","GBM",19,"3D-ViT","cindex",0.6869766416923755
"GBM multi-omics subset","GBM",20,"3D-ViT","cindex",0.665871121718377
"GBM multi-omics subset","GBM",21,"3D-ViT","cindex",0.6599391480730223
"GBM multi-omics subset","GBM",22,"3D-ViT","cindex",0.6841897623039748
"GBM multi-omics subset","GBM",23,"3D-ViT","cindex",0.6724837662337663
"GBM multi-omics subset","GBM",24,"3D-ViT","cindex",0.6125024845955078
"GBM multi-omics subset","GBM",25,"3D-ViT","cindex",0.7327127659574468
"GBM multi-omics subset","GBM",26,"3D-ViT","cindex",0.6277130225080386
"GBM multi-omics subset","GBM",27,"3D-ViT","cindex",0.697075208913649
"GBM multi-omics subset","GBM",28,"3D-ViT","cindex",0.6511101530502263
"GBM multi-omics subset","GBM",29,"3D-ViT","cindex",0.6607369758576874
"GBM multi-omics subset","GBM",30,"3D-ViT","cindex",0.6385765959526836
"GBM multi-omics subset","GBM",31,"3D-ViT","cindex",0.6966663329662629
"GBM multi-omics subset","GBM",32,"3D-ViT","cindex",0.7261988187005706
"GBM multi-omics subset","GBM",33,"3D-ViT","cindex",0.7087578470721416
"GBM multi-omics subset","GBM",34,"3D-ViT","cindex",0.6427036320653342
"GBM multi-omics subset","GBM",35,"3D-ViT","cindex",0.642524521945903
"GBM multi-omics subset","GBM",36,"3D-ViT","cindex",0.6820722699141545
"GBM multi-omics subset","GBM",37,"3D-ViT","cindex",0.702378592666006
"GBM multi-omics subset","GBM",38,"3D-ViT","cindex",0.7168599834299917
"GBM multi-omics subset","GBM",39,"3D-ViT","cindex",0.6358885017421603
"GBM multi-omics subset","GBM",40,"3D-ViT","cindex",0.6983449568023317
"GBM multi-omics subset","GBM",41,"3D-ViT","cindex",0.6865328940800639
"GBM multi-omics subset","GBM",42,"3D-ViT","cindex",0.6567030784508441
"GBM multi-omics subset","GBM",43,"3D-ViT","cindex",0.664742863032052
"GBM multi-omics subset","GBM",44,"3D-ViT","cindex",0.666735028712059
"GBM multi-omics subset","GBM",45,"3D-ViT","cindex",0.6709784088698697
"GBM multi-omics subset","GBM",46,"3D-ViT","cindex",0.6591828478964401
"GBM multi-omics subset","GBM",47,"3D-ViT","cindex",0.6193915962966732
"GBM multi-omics subset","GBM",48,"3D-ViT","cindex",0.6952107279693487
"GBM multi-omics subset","GBM",49,"3D-ViT","cindex",0.6883398352839185
"GBM multi-omics subset","GBM",50,"3D-ViT","cindex",0.6910384655047953
"GBM multi-omics subset","GBM",51,"3D-ViT","cindex",0.6130672926447575
"GBM multi-omics subset","GBM",52,"3D-ViT","cindex",0.69993615662907
"GBM multi-omics subset","GBM",53,"3D-ViT","cindex",0.6918080871569243
"GBM multi-omics subset","GBM",54,"3D-ViT","cindex",0.6531093125704334
"GBM multi-omics subset","GBM",55,"3D-ViT","cindex",0.660289452815226
"GBM multi-omics subset","GBM",56,"3D-ViT","cindex",0.6489681426567822
"GBM multi-omics subset","GBM",57,"3D-ViT","cindex",0.6386528815641315
"GBM multi-omics subset","GBM",58,"3D-ViT","cindex",0.6667341772151899
"GBM multi-omics subset","GBM",59,"3D-ViT","cindex",0.6510697860427914
"GBM multi-omics subset","GBM",60,"3D-ViT","cindex",0.7097217814450439
"GBM multi-omics subset","GBM",61,"3D-ViT","cindex",0.7092111959287531
"GBM multi-omics subset","GBM",62,"3D-ViT","cindex",0.6888244702119153
"GBM multi-omics subset","GBM",63,"3D-ViT","cindex",0.6418457272997327
"GBM multi-omics subset","GBM",64,"3D-ViT","cindex",0.7139556862333298
"GBM multi-omics subset","GBM",65,"3D-ViT","cindex",0.6545233758348512
"GBM multi-omics subset","GBM",66,"3D-ViT","cindex",0.6729028364514182
"GBM multi-omics subset","GBM",67,"3D-ViT","cindex",0.6945195872157098
"GBM multi-omics subset","GBM",68,"3D-ViT","cindex",0.6730847182813133
"GBM multi-omics subset","GBM",69,"3D-ViT","cindex",0.6426973473953339
"GBM multi-omics subset","GBM",70,"3D-ViT","cindex",0.6767358925949234
"GBM multi-omics subset","GBM",71,"3D-ViT","cindex",0.6453727254940325
"GBM multi-omics subset","GBM",72,"3D-ViT","cindex",0.6590647557275866
"GBM multi-omics subset","GBM",73,"3D-ViT","cindex",0.6878180185573182
"GBM multi-omics subset","GBM",74,"3D-ViT","cindex",0.6845447440406409
"GBM multi-omics subset","GBM",75,"3D-ViT","cindex",0.6910708868439681
"GBM multi-omics subset","GBM",76,"3D-ViT","cindex",0.7030055503194051
"GBM multi-omics subset","GBM",77,"3D-ViT","cindex",0.6236884584342212
"GBM multi-omics subset","GBM",78,"3D-ViT","cindex",0.6413429353889847
"GBM multi-omics subset","GBM",79,"3D-ViT","cindex",0.6894082545997017
"GBM multi-omics subset","GBM",80,"3D-ViT","cindex",0.7214453404103297
"GBM multi-omics subset","GBM",81,"3D-ViT","cindex",0.7017796522991462
"GBM multi-omics subset","GBM",82,"3D-ViT","cindex",0.6249875062468766
"GBM multi-omics subset","GBM",83,"3D-ViT","cindex",0.6673892846082379
"GBM multi-omics subset","GBM",84,"3D-ViT","cindex",0.6921939368332101
"GBM multi-omics subset","GBM",85,"3D-ViT","cindex",0.6761658031088082
"GBM multi-omics subset","GBM",86,"3D-ViT","cindex",0.7059667828583145
"GBM multi-omics subset","GBM",87,"3D-ViT","cindex",0.6610903365479236
"GBM multi-omics subset","GBM",88,"3D-ViT","cindex",0.685602252161673
"GBM multi-omics subset","GBM",89,"3D-ViT","cindex",0.7076401398749603
"GBM multi-omics subset","GBM",90,"3D-ViT","cindex",0.6955883893953683
"GBM multi-omics subset","GBM",91,"3D-ViT","cindex",0.6367477328936522
"GBM multi-omics subset","GBM",92,"3D-ViT","cindex",0.6648467030659386
"GBM multi-omics subset","GBM",93,"3D-ViT","cindex",0.7225027225027225
"GBM multi-omics subset","GBM",94,"3D-ViT","cindex",0.7138293487221764
"GBM multi-omics subset","GBM",95,"3D-ViT","cindex",0.6591086786551994
"GBM multi-omics subset","GBM",96,"3D-ViT","cindex",0.6547192353643967
"GBM multi-omics subset","GBM",97,"3D-ViT","cindex",0.6832433554817275
"GBM multi-omics subset","GBM",98,"3D-ViT","cindex",0.6552988995737088
"GBM multi-omics subset","GBM",99,"3D-ViT","cindex",0.7107738998482549
"GBM multi-omics subset","GBM",100,"3D-ViT","cindex",0.6880706025562995
"GBM multi-omics subset","GBM",1,"CR-ViT","cindex",0.7297895902547065
"GBM multi-omics subset","GBM",2,"CR-ViT","cindex",0.7400890396438414
"GBM multi-omics subset","GBM",3,"CR-ViT","cindex",0.725619666802113
"GBM multi-omics subset","GBM",4,"CR-ViT","cindex",0.7436113155957513
"GBM multi-omics subset","GBM",5,"CR-ViT","cindex",0.6742339407512979
"GBM multi-omics subset","GBM",6,"CR-ViT","cindex",0.7220085037456975
"GBM multi-omics subset","GBM",7,"CR-ViT","cindex",0.692243796075174
"GBM multi-omics subset","GBM",8,"CR-ViT","cindex",0.7282181895362412
"GBM multi-omics subset","GBM",9,"CR-ViT","cindex",0.6974989665150889
"GBM multi-omics subset","GBM",10,"CR-ViT","cindex",0.7577503142019271
"GBM multi-omics subset","GBM",11,"CR-ViT","cindex",0.7057063048683161
"GBM multi-omics subset","GBM",12,"CR-ViT","cindex",0.713816138267416
"GBM multi-omics subset","GBM",13,"CR-ViT","cindex",0.6923001181567546
"GBM multi-omics subset","GBM",14,"CR-ViT","cindex",0.7220129734254028
"GBM multi-omics subset","GBM",15,"CR-ViT","cindex",0.6844153184517714
"GBM multi-omics subset","GBM",16,"CR-ViT","cindex",0.6840744570837642
"GBM multi-omics subset","GBM",17,"CR-ViT","cindex",0.7285063076433796
"GBM multi-omics subset","GBM",18,"CR-ViT","cindex",0.7061250396699461
"GBM multi-omics subset","GBM",19,"CR-ViT","cindex",0.7197003085059498
"GBM multi-omics subset","GBM",20,"CR-ViT","cindex",0.707377814672616
"GBM multi-omics subset","GBM",21,"CR-ViT","cindex",0.6893509127789047
"GBM multi-omics subset","GBM",22,"CR-ViT","cindex",0.7179208994969918
"GBM multi-omics subset","GBM",23,"CR-ViT","cindex",0.6884131493506493
"GBM multi-omics subset","GBM",24,"CR-ViT","cindex",0.6669648181276089
"GBM multi-omics subset","GBM",25,"CR-ViT","cindex",0.7441693944353519
"GBM multi-omics subset","GBM",26,"CR-ViT","cindex",0.6594654340836013
"GBM multi-omics subset","GBM",27,"CR-ViT","cindex",0.705232789494628
"GBM multi-omics subset","GBM",28,"CR-ViT","cindex",0.7187971545591723
"GBM multi-omics subset","GBM",29,"CR-ViT","cindex",0.6842928354999511
"GBM multi-omics subset","GBM",30,"CR-ViT","cindex",0.6877505132466517
"GBM multi-omics subset","GBM",31,"CR-ViT","cindex",0.7186905596155772
"GBM multi-omics subset","GBM",32,"CR-ViT","cindex",0.751526679347282
"GBM multi-omics subset","GBM",33,"CR-ViT","cindex",0.7301636307502315
"GBM multi-omics subset","GBM",34,"CR-ViT","cindex",0.7037395228884591
"GBM multi-omics subset","GBM",35,"CR-ViT","cindex",0.6850292281779451
"GBM multi-omics subset","GBM",36,"CR-ViT","cindex",0.7143142343781194
"GBM multi-omics subset","GBM",37,"CR-ViT","cindex",0.6999008919722498
"GBM multi-omics subset","GBM",38,"CR-ViT","cindex",0.7365368682684341
"GBM multi-omics subset","GBM",39,"CR-ViT","cindex",0.6907665505226481
"GBM multi-omics subset","GBM",40,"CR-ViT","cindex",0.71343811803893
"GBM multi-omics subset","GBM",41,"CR-ViT","cindex",0.7331536388140162
"GBM multi-omics subset","GBM",42,"CR-ViT","cindex",0.6754716981132075
"GBM multi-omics subset","GBM",43,"CR-ViT","cindex",0.6958672575492115
"GBM multi-omics subset","GBM",44,"CR-ViT","cindex",0.7169811320754718
"GBM multi-omics subset","GBM",45,"CR-ViT","cindex",0.6842054075082669
"GBM multi-omics subset","GBM",46,"CR-ViT","cindex",0.7230987055016181
"GBM multi-omics subset","GBM",47,"CR-ViT","cindex",0.6657849221690915
"GBM multi-omics subset","GBM",48,"CR-ViT","cindex",0.7225095785440613
"GBM multi-omics subset","GBM",49,"CR-ViT","cindex",0.7501083658430863
"GBM multi-omics subset","GBM",50,"CR-ViT","cindex",0.744147674538517
"GBM multi-omics subset","GBM",51,"CR-ViT","cindex",0.6530712050078247
"GBM multi-omics subset","GBM",52,"CR-ViT","cindex",0.740051074696744
"GBM multi-omics subset","GBM",53,"CR-ViT","cindex",0.7374816677142259
"GBM multi-omics subset","GBM",54,"CR-ViT","cindex",0.7241061366663252
"GBM multi-omics subset","GBM",55,"CR-ViT","cindex",0.6886399682791435
"GBM multi-omics subset","GBM",56,"CR-ViT","cindex",0.6988579442997396
"GBM multi-omics subset","GBM",57,"CR-ViT","cindex",0.7044733340157642
"GBM multi-omics subset","GBM",58,"CR-ViT","cindex",0.7020759493670886
"GBM multi-omics subset","GBM",59,"CR-ViT","cindex",0.6584683063387322
"GBM multi-omics subset","GBM",60,"CR-ViT","cindex",0.7133185232201418
"GBM multi-omics subset","GBM",61,"CR-ViT","cindex",0.7209160305343512
"GBM multi-omics subset","GBM",62,"CR-ViT","cindex",0.7353058776489404
"GBM multi-omics subset","GBM",63,"CR-ViT","cindex",0.661451628874146
"GBM multi-omics subset","GBM",64,"CR-ViT","cindex",0.7280268822849942
"GBM multi-omics subset","GBM",65,"CR-ViT","cindex",0.6840720501922688
"GBM multi-omics subset","GBM",66,"CR-ViT","cindex",0.703983101991551
"GBM multi-omics subset","GBM",67,"CR-ViT","cindex",0.7347961126139666
"GBM multi-omics subset","GBM",68,"CR-ViT","cindex",0.7061207944872314
"GBM multi-omics subset","GBM",69,"CR-ViT","cindex",0.6944710770214126
"GBM multi-omics subset","GBM",70,"CR-ViT","cindex",0.7029578351164254
"GBM multi-omics subset","GBM",71,"CR-ViT","cindex",0.6831344159655645
"GBM multi-omics subset","GBM",72,"CR-ViT","cindex",0.7136729783450152
"GBM multi-omics subset","GBM",73,"CR-ViT","cindex",0.7215404569490173
"GBM multi-omics subset","GBM",74,"CR-ViT","cindex",0.710042985541227
"GBM multi-omics subset","GBM",75,"CR-ViT","cindex",0.7183739508544847
"GBM multi-omics subset","GBM",76,"CR-ViT","cindex",0.7249973819248089
"GBM multi-omics subset","GBM",77,"CR-ViT","cindex",0.6581920903954802
"GBM multi-omics subset","GBM",78,"CR-ViT","cindex",0.6918551577239072
"GBM multi-omics subset","GBM",79,"CR-ViT","cindex",0.7120835405271009
"GBM multi-omics subset","GBM",80,"CR-ViT","cindex",0.7466571399407982
"GBM multi-omics subset","GBM",81,"CR-ViT","cindex",0.7227651476185577
"GBM multi-omics subset","GBM",82,"CR-ViT","cindex",0.6875562218890554
"GBM multi-omics subset","GBM",83,"CR-ViT","cindex",0.720243625477444
"GBM multi-omics subset","GBM",84,"CR-ViT","cindex",0.7226154008661667
"GBM multi-omics subset","GBM",85,"CR-ViT","cindex",0.7013471502590674
"GBM multi-omics subset","GBM",86,"CR-ViT","cindex",0.7220627434898503
"GBM multi-omics subset","GBM",87,"CR-ViT","cindex",0.6772288919504035
"GBM multi-omics subset","GBM",88,"CR-ViT","cindex",0.7427106374421878
"GBM multi-omics subset","GBM",89,"CR-ViT","cindex",0.7261841686976793
"GBM multi-omics subset","GBM",90,"CR-ViT","cindex",0.7227287016661428
"GBM multi-omics subset","GBM",91,"CR-ViT","cindex",0.6844600164880461
"GBM multi-omics subset","GBM",92,"CR-ViT","cindex",0.6959260814783704
"GBM multi-omics subset","GBM",93,"CR-ViT","cindex",0.7274527274527275
"GBM multi-omics subset","GBM",94,"CR-ViT","cindex",0.7476298433635614
"GBM multi-omics subset","GBM",95,"CR-ViT","cindex",0.6757232212666145
"GBM multi-omics subset","GBM",96,"CR-ViT","cindex",0.6803066507367582
"GBM multi-omics subset","GBM",97,"CR-ViT","cindex",0.7323504983388704
"GBM multi-omics subset","GBM",98,"CR-ViT","cindex",0.6879151382968177
"GBM multi-omics subset","GBM",99,"CR-ViT","cindex",0.7141122913505311
"GBM multi-omics subset","GBM",100,"CR-ViT","cindex",0.727023737066342
"GBM multi-omics subset","GBM",1,"3D-CNN","iauc",0.7819098800212975
"GBM multi-omics subset","GBM",2,"3D-CNN","iauc",0.8172786866121938
"GBM multi-omics subset","GBM",3,"3D-CNN","iauc",0.6781200125832603
"GBM multi-omics subset","GBM",4,"3D-CNN","iauc",0.7358298141992414
"GBM multi-omics subset","GBM",5,"3D-CNN","iauc",0.7151124049895344
"GBM multi-omics subset","GBM",6,"3D-CNN","iauc",0.7412356359588997
"GBM multi-omics subset","GBM",7,"3D-CNN","iauc",0.7851768489936826
"GBM multi-omics subset","GBM",8,"3D-CNN","iauc",0.8096486485548984
"GBM multi-omics subset","GBM",9,"3D-CNN","iauc",0.7861964470163395
"GBM multi-omics subset","GBM",10,"3D-CNN","iauc",0.8194468622437998
"GBM multi-omics subset","GBM",11,"3D-CNN","iauc",0.7105592681154536
"GBM multi-omics subset","GBM",12,"3D-CNN","iauc",0.6877344179997095
"GBM multi-omics subset","GBM",13,"3D-CNN","iauc",0.7468112964799756
"GBM multi-omics subset","GBM",14,"3D-CNN","iauc",0.78688872772609
"GBM multi-omics subset","GBM",15,"3D-CNN","iauc",0.7295174298627083
"GBM multi-omics subset","GBM",16,"3D-CNN","iauc",0.6134223669664968
"GBM multi-omics subset","GBM",17,"3D-CNN","iauc",0.7823137498962259
"GBM multi-omics subset","GBM",18,"3D-CNN","iauc",0.7414844956107309
"GBM multi-omics subset","GBM",19,"3D-CNN","iauc",0.7803594967179148
"GBM multi-omics subset","GBM",20,"3D-CNN","iauc",0.7921181901666537
"GBM multi-omics subset","GBM",21,"3D-CNN","iauc",0.7680528898794603
"GBM multi-omics subset","GBM",22,"3D-CNN","iauc",0.7929893677432971
"GBM multi-omics subset","GBM",23,"3D-CNN","iauc",0.7425164139282143
"GBM multi-omics subset","GBM",24,"3D-CNN","iauc",0.6879371273836404
"GBM multi-omics subset","GBM",25,"3D-CNN","iauc",0.8357036262006224
"GBM multi-omics subset","GBM",26,"3D-CNN","iauc",0.6192867488702275
"GBM multi-omics subset","GBM",27,"3D-CNN","iauc",0.7541919905700003
"GBM multi-omics subset","GBM",28,"3D-CNN","iauc",0.7420463764026425
"GBM multi-omics subset","GBM",29,"3D-CNN","iauc",0.6295186744176546
"GBM multi-omics subset","GBM",30,"3D-CNN","iauc",0.6326123596876886
"GBM multi-omics subset","GBM",31,"3D-CNN","iauc",0.6578333584551352
"GBM multi-omics subset","GBM",32,"3D-CNN","iauc",0.8024771527453883
"GBM multi-omics subset","GBM",33,"3D-CNN","iauc",0.7412548683910315
"GBM multi-omics subset","GBM",34,"3D-CNN","iauc",0.7190741892908878
"GBM multi-omics subset","GBM",35,"3D-CNN","iauc",0.6531589030090864
"GBM multi-omics subset","GBM",36,"3D-CNN","iauc",0.7337009783900276
"GBM multi-omics subset","GBM",37,"3D-CNN","iauc",0.6950908400396281
"GBM multi-omics subset","GBM",38,"3D-CNN","iauc",0.7480860927228041
"GBM multi-omics subset","GBM",39,"3D-CNN","iauc",0.733967434668176
"GBM multi-omics subset","GBM",40,"3D-CNN","iauc",0.8170464123882251
"GBM multi-omics subset","GBM",41,"3D-CNN","iauc",0.6660946270159026
"GBM multi-omics subset","GBM",42,"3D-CNN","iauc",0.7723786955612594
"GBM multi-omics subset","GBM",43,"3D-CNN","iauc",0.703510717218648
"GBM multi-omics subset","GBM",44,"3D-CNN","iauc",0.6659606303211888
"GBM multi-omics subset","GBM",45,"3D-CNN","iauc",0.7203073436540196
"GBM multi-omics subset","GBM",46,"3D-CNN","iauc",0.737961862254685
"GBM multi-omics subset","GBM",47,"3D-CNN","iauc",0.6201301016350502
"GBM multi-omics subset","GBM",48,"3D-CNN","iauc",0.7839514067902246
"GBM multi-omics subset","GBM",49,"3D-CNN","iauc",0.7303239163336822
"GBM multi-omics subset","GBM",50,"3D-CNN","iauc",0.7727969912604034
"GBM multi-omics subset","GBM",51,"3D-CNN","iauc",0.7513620076881474
"GBM multi-omics subset","GBM",52,"3D-CNN","iauc",0.727646726161048
"GBM multi-omics subset","GBM",53,"3D-CNN","iauc",0.8033990455796189
"GBM multi-omics subset","GBM",54,"3D-CNN","iauc",0.7536894328259724
"GBM multi-omics subset","GBM",55,"3D-CNN","iauc",0.6722063443418077
"GBM multi-omics subset","GBM",56,"3D-CNN","iauc",0.7344387428046134
"GBM multi-omics subset","GBM",57,"3D-CNN","iauc",0.7208290454946986
"GBM multi-omics subset","GBM",58,"3D-CNN","iauc",0.7785006434810628
"GBM multi-omics subset","GBM",59,"3D-CNN","iauc",0.7580566752234351
"GBM multi-omics subset","GBM",60,"3D-CNN","iauc",0.8473286074345904
"GBM multi-omics subset","GBM",61,"3D-CNN","iauc",0.7284074255440262
"GBM multi-omics subset","GBM",62,"3D-CNN","iauc",0.7639283287575097
"GBM multi-omics subset","GBM",63,"3D-CNN","iauc",0.7310773406966878
"GBM multi-omics subset","GBM",64,"3D-CNN","iauc",0.8056311419025132
"GBM multi-omics subset","GBM",65,"3D-CNN","iauc",0.7604779069587394
"GBM multi-omics subset","GBM",66,"3D-CNN","iauc",0.751455660009608
"GBM multi-omics subset","GBM",67,"3D-CNN","iauc",0.6983569830809954
"GBM multi-omics subset","GBM",68,"3D-CNN","iauc",0.6564101357782156
"GBM multi-omics subset","GBM",69,"3D-CNN","iauc",0.7531272860897744
"GBM multi-omics subset","GBM",70,"3D-CNN","iauc",0.7671284195398659
"GBM multi-omics subset","GBM",71,"3D-CNN","iauc",0.7352186096690855
"GBM multi-omics subset","GBM",72,"3D-CNN","iauc",0.7211826368169191
"GBM multi-omics subset","GBM",73,"3D-CNN","iauc",0.7846867716734172
"GBM multi-omics subset","GBM",74,"3D-CNN","iauc",0.6899176461737684
"GBM multi-omics subset","GBM",75,"3D-CNN","iauc",0.7509592905942545
"GBM multi-omics subset","GBM",76,"3D-CNN","iauc",0.7666352335910157
"GBM multi-omics subset","GBM",77,"3D-CNN","iauc",0.7488771050300225
"GBM multi-omics subset","GBM",78,"3D-CNN","iauc",0.7550714870252285
"GBM multi-omics subset","GBM",79,"3D-CNN","iauc",0.7157812123193624
"GBM multi-omics subset","GBM",80,"3D-CNN","iauc",0.7342751416272566
"GBM multi-omics subset","GBM",81,"3D-CNN","iauc",0.7835381615844086
"GBM multi-omics subset","GBM",82,"3D-CNN","iauc",0.5979850887786543
"GBM multi-omics subset","GBM",83,"3D-CNN","iauc",0.7728084844735833
"GBM multi-omics subset","GBM",84,"3D-CNN","iauc",0.6975768378995911
"GBM multi-omics subset","GBM",85,"3D-CNN","iauc",0.7706894676306698
"GBM multi-omics subset","GBM",86,"3D-CNN","iauc",0.7824090613826703
"GBM multi-omics subset","GBM",87,"3D-CNN","iauc",0.791394068366192
"GBM multi-omics subset","GBM",88,"3D-CNN","iauc",0.7698574982812617
"GBM multi-omics subset","GBM",89,"3D-CNN","iauc",0.7082395905513935
"GBM multi-omics subset","GBM",90,"3D-CNN","iauc",0.6743642841103783
"GBM multi-omics subset","GBM",91,"3D-CNN","iauc",0.6810031173318627
"GBM multi-omics subset","GBM",92,"3D-CNN","iauc",0.7088524765668566
"GBM multi-omics subset","GBM",93,"3D-CNN","iauc",0.7445600236353028
"GBM multi-omics subset","GBM",94,"3D-CNN","iauc",0.7913702928914127
"GBM multi-omics subset","GBM",95,"3D-CNN","iauc",0.7109160525708754
"GBM multi-omics subset","GBM",96,"3D-CNN","iauc",0.7902870969049451
"GBM multi-omics subset","GBM",97,"3D-CNN","iauc",0.7073726392145182
"GBM multi-omics subset","GBM",98,"3D-CNN","iauc",0.6986208138876475
"GBM multi-omics subset","GBM",99,"3D-CNN","iauc",0.7413926501352047
"GBM multi-omics subset","GBM",100,"3D-CNN","iauc",0.8206560259880489
"GBM multi-omics subset","GBM",1,"Clinicoradiologic","iauc",0.7929391742488232
"GBM multi-omics subset","GBM",2,"Clinicoradiologic","iauc",0.6982086751533604
"GBM multi-omics subset","GBM",3,"Clinicoradiologic","iauc",0.7199592633532801
"GBM multi-omics subset","GBM",4,"Clinicoradiologic","iauc",0.7649163369136995
"GBM multi-omics subset","GBM",5,"Clinicoradiologic","iauc",0.7267794045366546
"GBM multi-omics subset","GBM",6,"Clinicoradiologic","iauc",0.7450363029951705
"GBM multi-omics subset","GBM",7,"Clinicoradiologic","iauc",0.7442750176788241
"GBM multi-omics subset","GBM",8,"Clinicoradiologic","iauc",0.7137232760183547
"GBM multi-omics subset","GBM",9,"Clinicoradiologic","iauc",0.7829063671327302
"GBM multi-omics subset","GBM",10,"Clinicoradiologic","iauc",0.7642201088347882
"GBM multi-omics subset","GBM",11,"Clinicoradiologic","iauc",0.6293631130890922
"GBM multi-omics subset","GBM",12,"Clinicoradiologic","iauc",0.6703805774218853
"GBM multi-omics subset","GBM",13,"Clinicoradiologic","iauc",0.7302359632819118
"GBM multi-omics subset","GBM",14,"Clinicoradiologic","iauc",0.7296936773212449
"GBM multi-omics subset","GBM",15,"Clinicoradiologic","iauc",0.7491501422611354
"GBM multi-omics subset","GBM",16,"Clinicoradiologic","iauc",0.6556623341122912
"GBM multi-omics subset","GBM",17,"Clinicoradiologic","iauc",0.6798792104722106
"GBM multi-omics subset","GBM",18,"Clinicoradiologic","iauc",0.6760723016377398
"GBM multi-omics subset","GBM",19,"Clinicoradiologic","iauc",0.70236137890876
"GBM multi-omics subset","GBM",20,"Clinicoradiologic","iauc",0.7740142160096516
"GBM multi-omics subset","GBM",21,"Clinicoradiologic","iauc",0.704618200322287
"GBM multi-omics subset","GBM",22,"Clinicoradiologic","iauc",0.7374045951800816
"GBM multi-omics subset","GBM",23,"Clinicoradiologic","iauc",0.64610864556916
"GBM multi-omics subset","GBM",24,"Clinicoradiologic","iauc",0.6765535378405135
"GBM multi-omics subset","GBM",25,"Clinicoradiologic","iauc",0.7278790095143705
"GBM multi-omics subset","GBM",26,"Clinicoradiologic","iauc",0.6848222604262724
"GBM multi-omics subset","GBM",27,"Clinicoradiologic","iauc",0.6759525956143804
"GBM multi-omics subset","GBM",28,"Clinicoradiologic","iauc",0.7331391330890642
"GBM multi-omics subset","GBM",29,"Clinicoradiologic","iauc",0.7587815537791814
"GBM multi-omics subset","GBM",30,"Clinicoradiologic","iauc",0.7891289763803468
"GBM multi-omics subset","GBM",31,"Clinicoradiologic","iauc",0.7119561779315126
"GBM multi-omics subset","GBM",32,"Clinicoradiologic","iauc",0.7763058863066894
"GBM multi-omics subset","GBM",33,"Clinicoradiologic","iauc",0.7256022822328372
"GBM multi-omics subset","GBM",34,"Clinicoradiologic","iauc",0.638054363606694
"GBM multi-omics subset","GBM",35,"Clinicoradiologic","iauc",0.7144803165378496
"GBM multi-omics subset","GBM",36,"Clinicoradiologic","iauc",0.7059902051512713
"GBM multi-omics subset","GBM",37,"Clinicoradiologic","iauc",0.6906034517335606
"GBM multi-omics subset","GBM",38,"Clinicoradiologic","iauc",0.7062938481522902
"GBM multi-omics subset","GBM",39,"Clinicoradiologic","iauc",0.7093004349518097
"GBM multi-omics subset","GBM",40,"Clinicoradiologic","iauc",0.7097438344191477
"GBM multi-omics subset","GBM",41,"Clinicoradiologic","iauc",0.7479611298400504
"GBM multi-omics subset","GBM",42,"Clinicoradiologic","iauc",0.7189378205753255
"GBM multi-omics subset","GBM",43,"Clinicoradiologic","iauc",0.7212004951575762
"GBM multi-omics subset","GBM",44,"Clinicoradiologic","iauc",0.7570834462383597
"GBM multi-omics subset","GBM",45,"Clinicoradiologic","iauc",0.6908458779875969
"GBM multi-omics subset","GBM",46,"Clinicoradiologic","iauc",0.6987550023984669
"GBM multi-omics subset","GBM",47,"Clinicoradiologic","iauc",0.7091819173080939
"GBM multi-omics subset","GBM",48,"Clinicoradiologic","iauc",0.7802026306569709
"GBM multi-omics subset","GBM",49,"Clinicoradiologic","iauc",0.7346276463475987
"GBM multi-omics subset","GBM",50,"Clinicoradiologic","iauc",0.7535806679591225
"GBM multi-omics subset","GBM",51,"Clinicoradiologic","iauc",0.719326407725901
"GBM multi-omics subset","GBM",52,"Clinicoradiologic","iauc",0.6521299589500948
"GBM multi-omics subset","GBM",53,"Clinicoradiologic","iauc",0.726915219738462
"GBM multi-omics subset","GBM",54,"Clinicoradiologic","iauc",0.7900260422135474
"GBM multi-omics subset","GBM",55,"Clinicoradiologic","iauc",0.6915724652283597
"GBM multi-omics subset","GBM",56,"Clinicoradiologic","iauc",0.7318509894186523
"GBM multi-omics subset","GBM",57,"Clinicoradiologic","iauc",0.7620459895889173
"GBM multi-omics subset","GBM",58,"Clinicoradiologic","iauc",0.6987113571291442
"GBM multi-omics subset","GBM",59,"Clinicoradiologic","iauc",0.7526531199133398
"GBM multi-omics subset","GBM",60,"Clinicoradiologic","iauc",0.7002390038258963
"GBM multi-omics subset","GBM",61,"Clinicoradiologic","iauc",0.7466758450819929
"GBM multi-omics subset","GBM",62,"Clinicoradiologic","iauc",0.7841146233351594
"GBM multi-omics subset","GBM",63,"Clinicoradiologic","iauc",0.7142294086491717
"GBM multi-omics subset","GBM",64,"Clinicoradiologic","iauc",0.700931653563319
"GBM multi-omics subset","GBM",65,"Clinicoradiologic","iauc",0.7121775884027163
"GBM multi-omics subset","GBM",66,"Clinicoradiologic","iauc",0.7684919678287285
"GBM multi-omics subset","GBM",67,"Clinicoradiologic","iauc",0.7708489172138816
"GBM multi-omics subset","GBM",68,"Clinicoradiologic","iauc",0.7519592903466613
"GBM multi-omics subset","GBM",69,"Clinicoradiologic","iauc",0.7065499092432479
"GBM multi-omics subset","GBM",70,"Clinicoradiologic","iauc",0.6990488657198689
"GBM multi-omics subset","GBM",71,"Clinicoradiologic","iauc",0.6757799124648268
"GBM multi-omics subset","GBM",72,"Clinicoradiologic","iauc",0.70736586776367
"GBM multi-omics subset","GBM",73,"Clinicoradiologic","iauc",0.7273173585327772
"GBM multi-omics subset","GBM",74,"Clinicoradiologic","iauc",0.7766680075693081
"GBM multi-omics subset","GBM",75,"Clinicoradiologic","iauc",0.6746098196183303
"GBM multi-omics subset","GBM",76,"Clinicoradiologic","iauc",0.6608787762368776
"GBM multi-omics subset","GBM",77,"Clinicoradiologic","iauc",0.7052523507129078
"GBM multi-omics subset","GBM",78,"Clinicoradiologic","iauc",0.709331857950635
"GBM multi-omics subset","GBM",79,"Clinicoradiologic","iauc",0.719869087279696
"GBM multi-omics subset","GBM",80,"Clinicoradiologic","iauc",0.7309761419689961
"GBM multi-omics subset","GBM",81,"Clinicoradiologic","iauc",0.7256936205229629
"GBM multi-omics subset","GBM",82,"Clinicoradiologic","iauc",0.7012488182488752
"GBM multi-omics subset","GBM",83,"Clinicoradiologic","iauc",0.7393375308428582
"GBM multi-omics subset","GBM",84,"Clinicoradiologic","iauc",0.7158976344099044
"GBM multi-omics subset","GBM",85,"Clinicoradiologic","iauc",0.694477617279595
"GBM multi-omics subset","GBM",86,"Clinicoradiologic","iauc",0.7575171682381663
"GBM multi-omics subset","GBM",87,"Clinicoradiologic","iauc",0.7430971203040684
"GBM multi-omics subset","GBM",88,"Clinicoradiologic","iauc",0.7327433010119774
"GBM multi-omics subset","GBM",89,"Clinicoradiologic","iauc",0.7131051230099532
"GBM multi-omics subset","GBM",90,"Clinicoradiologic","iauc",0.6890271674361783
"GBM multi-omics subset","GBM",91,"Clinicoradiologic","iauc",0.7779816712995633
"GBM multi-omics subset","GBM",92,"Clinicoradiologic","iauc",0.759205312979907
"GBM multi-omics subset","GBM",93,"Clinicoradiologic","iauc",0.6187197455003839
"GBM multi-omics subset","GBM",94,"Clinicoradiologic","iauc",0.7475342292971391
"GBM multi-omics subset","GBM",95,"Clinicoradiologic","iauc",0.699819689710736
"GBM multi-omics subset","GBM",96,"Clinicoradiologic","iauc",0.7410619211854091
"GBM multi-omics subset","GBM",97,"Clinicoradiologic","iauc",0.73478704130001
"GBM multi-omics subset","GBM",98,"Clinicoradiologic","iauc",0.7193913666323861
"GBM multi-omics subset","GBM",99,"Clinicoradiologic","iauc",0.6815833472636754
"GBM multi-omics subset","GBM",100,"Clinicoradiologic","iauc",0.74227768070455
"GBM multi-omics subset","GBM",1,"3D-ViT","iauc",0.842686044483417
"GBM multi-omics subset","GBM",2,"3D-ViT","iauc",0.8651037442830514
"GBM multi-omics subset","GBM",3,"3D-ViT","iauc",0.8329872883570567
"GBM multi-omics subset","GBM",4,"3D-ViT","iauc",0.8093080649926266
"GBM multi-omics subset","GBM",5,"3D-ViT","iauc",0.7848946563492631
"GBM multi-omics subset","GBM",6,"3D-ViT","iauc",0.8341717315974886
"GBM multi-omics subset","GBM",7,"3D-ViT","iauc",0.8528731506429175
"GBM multi-omics subset","GBM",8,"3D-ViT","iauc",0.8444704019029428
"GBM multi-omics subset","GBM",9,"3D-ViT","iauc",0.8461810472574489
"GBM multi-omics subset","GBM",10,"3D-ViT","iauc",0.896627025494369
"GBM multi-omics subset","GBM",11,"3D-ViT","iauc",0.7977388056843469
"GBM multi-omics subset","GBM",12,"3D-ViT","iauc",0.7869047101869354
"GBM multi-omics subset","GBM",13,"3D-ViT","iauc",0.8470202856886682
"GBM multi-omics subset","GBM",14,"3D-ViT","iauc",0.834901745262911
"GBM multi-omics subset","GBM",15,"3D-ViT","iauc",0.8288118217895655
"GBM multi-omics subset","GBM",16,"3D-ViT","iauc",0.7474539306303593
"GBM multi-omics subset","GBM",17,"3D-ViT","iauc",0.8161642669745378
"GBM multi-omics subset","GBM",18,"3D-ViT","iauc",0.8071928301883446
"GBM multi-omics subset","GBM",19,"3D-ViT","iauc",0.8353598929630767
"GBM multi-omics subset","GBM",20,"3D-ViT","iauc",0.8342031478356364
"GBM multi-omics subset","GBM",21,"3D-ViT","iauc",0.7862423790667595
"GBM multi-omics subset","GBM",22,"3D-ViT","iauc",0.8590511838905963
"GBM multi-omics subset","GBM",23,"3D-ViT","iauc",0.8430566028644432
"GBM multi-omics subset","GBM",24,"3D-ViT","iauc",0.7671549107599606
"GBM multi-omics subset","GBM",25,"3D-ViT","iauc",0.903085809515432
"GBM multi-omics subset","GBM",26,"3D-ViT","iauc",0.7284338926388152
"GBM multi-omics subset","GBM",27,"3D-ViT","iauc",0.8348251274881076
"GBM multi-omics subset","GBM",28,"3D-ViT","iauc",0.8286607620563143
"GBM multi-omics subset","GBM",29,"3D-ViT","iauc",0.8004394598359077
"GBM multi-omics subset","GBM",30,"3D-ViT","iauc",0.7359510800874884
"GBM multi-omics subset","GBM",31,"3D-ViT","iauc",0.8228906511027331
"GBM multi-omics subset","GBM",32,"3D-ViT","iauc",0.8694624814119459
"GBM multi-omics subset","GBM",33,"3D-ViT","iauc",0.8484721085410755
"GBM multi-omics subset","GBM",34,"3D-ViT","iauc",0.7861026506343386
"GBM multi-omics subset","GBM",35,"3D-ViT","iauc",0.7839678642960872
"GBM multi-omics subset","GBM",36,"3D-ViT","iauc",0.8231390939151688
"GBM multi-omics subset","GBM",37,"3D-ViT","iauc",0.7996701619392134
"GBM multi-omics subset","GBM",38,"3D-ViT","iauc",0.8589548477299211
"GBM multi-omics subset","GBM",39,"3D-ViT","iauc",0.8200389613822096
"GBM multi-omics subset","GBM",40,"3D-ViT","iauc",0.8778927220453124
"GBM multi-omics subset","GBM",41,"3D-ViT","iauc",0.7756757821747823
"GBM multi-omics subset","GBM",42,"3D-ViT","iauc",0.8509399171971466
"GBM multi-omics subset","GBM",43,"3D-ViT","iauc",0.8322847543675949
"GBM multi-omics subset","GBM",44,"3D-ViT","iauc",0.7939739063091067
"GBM multi-omics subset","GBM",45,"3D-ViT","iauc",0.8355566186505785
"GBM multi-omics subset","GBM",46,"3D-ViT","iauc",0.8362467105868009
"GBM multi-omics subset","GBM",47,"3D-ViT","iauc",0.7746397544798953
"GBM multi-omics subset","GBM",48,"3D-ViT","iauc",0.8467771654453405
"GBM multi-omics subset","GBM",49,"3D-ViT","iauc",0.8262998514157134
"GBM multi-omics subset","GBM",50,"3D-ViT","iauc",0.807245477134185
"GBM multi-omics subset","GBM",51,"3D-ViT","iauc",0.7604056693183897
"GBM multi-omics subset","GBM",52,"3D-ViT","iauc",0.7982562395229618
"GBM multi-omics subset","GBM",53,"3D-ViT","iauc",0.8491706589407774
"GBM multi-omics subset","GBM",54,"3D-ViT","iauc",0.8241490910446575
"GBM multi-omics subset","GBM",55,"3D-ViT","iauc",0.7826168781122751
"GBM multi-omics subset","GBM",56,"3D-ViT","iauc",0.8295235396562105
"GBM multi-omics subset","GBM",57,"3D-ViT","iauc",0.8156224712748555
"GBM multi-omics subset","GBM",58,"3D-ViT","iauc",0.8193901740931966
"GBM multi-omics subset","GBM",59,"3D-ViT","iauc",0.8176012111138337
"GBM multi-omics subset","GBM",60,"3D-ViT","iauc",0.8696758078310067
"GBM multi-omics subset","GBM",61,"3D-ViT","iauc",0.828529158566878
"GBM multi-omics subset","GBM",62,"3D-ViT","iauc",0.8532227257412043
"GBM multi-omics subset","GBM",63,"3D-ViT","iauc",0.8113382709142579
"GBM multi-omics subset","GBM",64,"3D-ViT","iauc",0.8802859438287072
"GBM multi-omics subset","GBM",65,"3D-ViT","iauc",0.8311765761512583
"GBM multi-omics subset","GBM",66,"3D-ViT","iauc",0.8176288996081034
"GBM multi-omics subset","GBM",67,"3D-ViT","iauc",0.8495225128662007
"GBM multi-omics subset","GBM",68,"3D-ViT","iauc",0.7866611895820109
"GBM multi-omics subset","GBM",69,"3D-ViT","iauc",0.8250175960983879
"GBM multi-omics subset","GBM",70,"3D-ViT","iauc",0.8524991935751712
"GBM multi-omics subset","GBM",71,"3D-ViT","iauc",0.7983970336082694
"GBM multi-omics subset","GBM",72,"3D-ViT","iauc",0.7784969222739925
"GBM multi-omics subset","GBM",73,"3D-ViT","iauc",0.8408055738247217
"GBM multi-omics subset","GBM",74,"3D-ViT","iauc",0.8169098842588622
"GBM multi-omics subset","GBM",75,"3D-ViT","iauc",0.8276298638649451
"GBM multi-omics subset","GBM",76,"3D-ViT","iauc",0.842862184595227
"GBM multi-omics subset","GBM",77,"3D-ViT","iauc",0.7668718307015421
"GBM multi-omics subset","GBM",78,"3D-ViT","iauc",0.7858771834843448
"GBM multi-omics subset","GBM",79,"3D-ViT","iauc",0.8323490557868302
"GBM multi-omics subset","GBM",80,"3D-ViT","iauc",0.8478896230790819
"GBM multi-omics subset","GBM",81,"3D-ViT","iauc",0.8577264644186549
"GBM multi-omics subset","GBM",82,"3D-ViT","iauc",0.7042157351734349
"GBM multi-omics subset","GBM",83,"3D-ViT","iauc",0.8440433355977361
"GBM multi-omics subset","GBM",84,"3D-ViT","iauc",0.804100302988045
"GBM multi-omics subset","GBM",85,"3D-ViT","iauc",0.8374444604021412
"GBM multi-omics subset","GBM",86,"3D-ViT","iauc",0.8456496154289456
"GBM multi-omics subset","GBM",87,"3D-ViT","iauc",0.8607243160717022
"GBM multi-omics subset","GBM",88,"3D-ViT","iauc",0.851031188880778
"GBM multi-omics subset","GBM",89,"3D-ViT","iauc",0.8309000034279428
"GBM multi-omics subset","GBM",90,"3D-ViT","iauc",0.8068426172331248
"GBM multi-omics subset","GBM",91,"3D-ViT","iauc",0.7834212036539431
"GBM multi-omics subset","GBM",92,"3D-ViT","iauc",0.80032405156444
"GBM multi-omics subset","GBM",93,"3D-ViT","iauc",0.8652863215039502
"GBM multi-omics subset","GBM",94,"3D-ViT","iauc",0.8733857508156592
"GBM multi-omics subset","GBM",95,"3D-ViT","iauc",0.7777207876156654
"GBM multi-omics subset","GBM",96,"3D-ViT","iauc",0.854105793162704
"GBM multi-omics subset","GBM",97,"3D-ViT","iauc",0.8325573618916671
"GBM multi-omics subset","GBM",98,"3D-ViT","iauc",0.8224593847851622
"GBM multi-omics subset","GBM",99,"3D-ViT","iauc",0.8425589045284625
"GBM multi-omics subset","GBM",100,"3D-ViT","iauc",0.8716235669331757
"GBM multi-omics subset","GBM",1,"CR-ViT","iauc",0.8902949915139267
"GBM multi-omics subset","GBM",2,"CR-ViT","iauc",0.9089814472170962
"GBM multi-omics subset","GBM",3,"CR-ViT","iauc",0.8777136250285374
"GBM multi-omics subset","GBM",4,"CR-ViT","iauc",0.8671507208244125
"GBM multi-omics subset","GBM",5,"CR-ViT","iauc",0.8267485109029865
"GBM multi-omics subset","GBM",6,"CR-ViT","iauc",0.8840043597677885
"GBM multi-omics subset","GBM",7,"CR-ViT","iauc",0.8854152994556531
"GBM multi-omics subset","GBM",8,"CR-ViT","iauc",0.8720851463685804
"GBM multi-omics subset","GBM",9,"CR-ViT","iauc",0.8992485388177648
"GBM multi-omics subset","GBM",10,"CR-ViT","iauc",0.915397502227754
"GBM multi-omics subset","GBM",11,"CR-ViT","iauc",0.8116431251441844
"GBM multi-omics subset","GBM",12,"CR-ViT","iauc",0.8232220241832671
"GBM multi-omics subset","GBM",13,"CR-ViT","iauc",0.8868742263508087
"GBM multi-omics subset","GBM",14,"CR-ViT","iauc",0.8871629900450287
"GBM multi-omics subset","GBM",15,"CR-ViT","iauc",0.8717340201500127
"GBM multi-omics subset","GBM",16,"CR-ViT","iauc",0.8156580953185067
"GBM multi-omics subset","GBM",17,"CR-ViT","iauc",0.8488725564580609
"GBM multi-omics subset","GBM",18,"CR-ViT","iauc",0.8430534452967138
"GBM multi-omics subset","GBM",19,"CR-ViT","iauc",0.8753689003054189
"GBM multi-omics subset","GBM",20,"CR-ViT","iauc",0.8751594256211964
"GBM multi-omics subset","GBM",21,"CR-ViT","iauc",0.8477928814177655
"GBM multi-omics subset","GBM",22,"CR-ViT","iauc",0.8917635054964942
"GBM multi-omics subset","GBM",23,"CR-ViT","iauc",0.8598524857754164
"GBM multi-omics subset","GBM",24,"CR-ViT","iauc",0.828892008118596
"GBM multi-omics subset","GBM",25,"CR-ViT","iauc",0.9248389049477741
"GBM multi-omics subset","GBM",26,"CR-ViT","iauc",0.7915365486097374
"GBM multi-omics subset","GBM",27,"CR-ViT","iauc",0.8468498257318701
"GBM multi-omics subset","GBM",28,"CR-ViT","iauc",0.8914322426652919
"GBM multi-omics subset","GBM",29,"CR-ViT","iauc",0.8817726709852128
"GBM multi-omics subset","GBM",30,"CR-ViT","iauc",0.8306498946421809
"GBM multi-omics subset","GBM",31,"CR-ViT","iauc",0.855939018949431
"GBM multi-omics subset","GBM",32,"CR-ViT","iauc",0.922896263655477
"GBM multi-omics subset","GBM",33,"CR-ViT","iauc",0.8977135952977059
"GBM multi-omics subset","GBM",34,"CR-ViT","iauc",0.8512086837616768
"GBM multi-omics subset","GBM",35,"CR-ViT","iauc",0.8500030376989861
"GBM multi-omics subset","GBM",36,"CR-ViT","iauc",0.8646119543832415
"GBM multi-omics subset","GBM",37,"CR-ViT","iauc",0.8306985086793311
"GBM multi-omics subset","GBM",38,"CR-ViT","iauc",0.8851766699470195
"GBM multi-omics subset","GBM",39,"CR-ViT","iauc",0.8887193987486959
"GBM multi-omics subset","GBM",40,"CR-ViT","iauc",0.8896524840763239
"GBM multi-omics subset","GBM",41,"CR-ViT","iauc",0.8750343730032539
"GBM multi-omics subset","GBM",42,"CR-ViT","iauc",0.8807288663009725
"GBM multi-omics subset","GBM",43,"CR-ViT","iauc",0.8826795249705808
"GBM multi-omics subset","GBM",44,"CR-ViT","iauc",0.8682983339743262
"GBM multi-omics subset","GBM",45,"CR-ViT","iauc",0.8754919615288289
"GBM multi-omics subset","GBM",46,"CR-ViT","iauc",0.8829082251147458
"GBM multi-omics subset","GBM",47,"CR-ViT","iauc",0.8404315213518867
"GBM multi-omics subset","GBM",48,"CR-ViT","iauc",0.9042987604392515
"GBM multi-omics subset","GBM",49,"CR-ViT","iauc",0.9135473381325574
"GBM multi-omics subset","GBM",50,"CR-ViT","iauc",0.8852065796035101
"GBM multi-omics subset","GBM",51,"CR-ViT","iauc",0.8360341661966177
"GBM multi-omics subset","GBM",52,"CR-ViT","iauc",0.8275180759265921
"GBM multi-omics subset","GBM",53,"CR-ViT","iauc",0.8806290886092961
"GBM multi-omics subset","GBM",54,"CR-ViT","iauc",0.9060931375036266
"GBM multi-omics subset","GBM",55,"CR-ViT","iauc",0.8448814665853313
"GBM multi-omics subset","GBM",56,"CR-ViT","iauc",0.8677016868982245
"GBM multi-omics subset","GBM",57,"CR-ViT","iauc",0.8814622631410074
"GBM multi-omics subset","GBM",58,"CR-ViT","iauc",0.8577620500701234
"GBM multi-omics subset","GBM",59,"CR-ViT","iauc",0.8571405619138754
"GBM multi-omics subset","GBM",60,"CR-ViT","iauc",0.8839332051997396
"GBM multi-omics subset","GBM",61,"CR-ViT","iauc",0.8845969672829206
"GBM multi-omics subset","GBM",62,"CR-ViT","iauc",0.9273602015908701
"GBM multi-omics subset","GBM",63,"CR-ViT","iauc",0.8536691506159362
"GBM multi-omics subset","GBM",64,"CR-ViT","iauc",0.8825314052998146
"GBM multi-omics subset","GBM",65,"CR-ViT","iauc",0.8668010295354155
"GBM multi-omics subset","GBM",66,"CR-ViT","iauc",0.8846639335592461
"GBM multi-omics subset","GBM",67,"CR-ViT","iauc",0.9016121309407465
"GBM multi-omics subset","GBM",68,"CR-ViT","iauc",0.8746474322999227
"GBM multi-omics subset","GBM",69,"CR-ViT","iauc",0.8592803752892159
"GBM multi-omics subset","GBM",70,"CR-ViT","iauc",0.8857732575685081
"GBM multi-omics subset","GBM",71,"CR-ViT","iauc",0.8239278956329207
"GBM multi-omics subset","GBM",72,"CR-ViT","iauc",0.8512594120378983
"GBM multi-omics subset","GBM",73,"CR-ViT","iauc",0.8903305674117984
"GBM multi-omics subset","GBM",74,"CR-ViT","iauc",0.886325336518229
"GBM multi-omics subset","GBM",75,"CR-ViT","iauc",0.8605680299081561
"GBM multi-omics subset","GBM",76,"CR-ViT","iauc",0.8610425593064245
"GBM multi-omics subset","GBM",77,"CR-ViT","iauc",0.8025737417334429
"GBM multi-omics subset","GBM",78,"CR-ViT","iauc",0.8475856782322573
"GBM multi-omics subset","GBM",79,"CR-ViT","iauc",0.860408029241029
"GBM multi-omics subset","GBM",80,"CR-ViT","iauc",0.9011894355201328
"GBM multi-omics subset","GBM",81,"CR-ViT","iauc",0.9067684948759797
"GBM multi-omics subset","GBM",82,"CR-ViT","iauc",0.8076919439807533
"GBM multi-omics subset","GBM",83,"CR-ViT","iauc",0.8914944161377946
"GBM multi-omics subset","GBM",84,"CR-ViT","iauc",0.8673586055334989
"GBM multi-omics subset","GBM",85,"CR-ViT","iauc",0.877611270925071
"GBM multi-omics subset","GBM",86,"CR-ViT","iauc",0.8958254579496043
"GBM multi-omics subset","GBM",87,"CR-ViT","iauc",0.8881503144076296
"GBM multi-omics subset","GBM",88,"CR-ViT","iauc",0.8992782933161428
"GBM multi-omics subset","GBM",89,"CR-ViT","iauc",0.855340978746299
"GBM multi-omics subset","GBM",90,"CR-ViT","iauc",0.8428240673418762
"GBM multi-omics subset","GBM",91,"CR-ViT","iauc",0.8504901856687181
"GBM multi-omics subset","GBM",92,"CR-ViT","iauc",0.8623766717929914
"GBM multi-omics subset","GBM",93,"CR-ViT","iauc",0.883308323608235
"GBM multi-omics subset","GBM",94,"CR-ViT","iauc",0.895510881335969
"GBM multi-omics subset","GBM",95,"CR-ViT","iauc",0.8328076850166869
"GBM multi-omics subset","GBM",96,"CR-ViT","iauc",0.8715500407290893
"GBM multi-omics subset","GBM",97,"CR-ViT","iauc",0.9030409238339693
"GBM multi-omics subset","GBM",98,"CR-ViT","iauc",0.8641373698489947
"GBM multi-omics subset","GBM",99,"CR-ViT","iauc",0.8626081140205618
"GBM multi-omics subset","GBM",100,"CR-ViT","iauc",0.8999374897600148
"GBM multi-omics subset","GBM",1,"3D-CNN","ibs",0.1520784735874449
"GBM multi-omics subset","GBM",2,"3D-CNN","ibs",0.14127697449237786
"GBM multi-omics subset","GBM",3,"3D-CNN","ibs",0.1833937479176034
"GBM multi-omics subset","GBM",4,"3D-CNN","ibs",0.1756426474425095
"GBM multi-omics subset","GBM",5,"3D-CNN","ibs",0.17065358124098276
"GBM multi-omics subset","GBM",6,"3D-CNN","ibs",0.14860993808742004
"GBM multi-omics subset","GBM",7,"3D-CNN","ibs",0.15520754451563032
"GBM multi-omics subset","GBM",8,"3D-CNN","ibs",0.15184945024766916
"GBM multi-omics subset","GBM",9,"3D-CNN","ibs",0.15627515675873319
"GBM multi-omics subset","GBM",10,"3D-CNN","ibs",0.1645528669542623
"GBM multi-omics subset","GBM",11,"3D-CNN","ibs",0.15631643468795042
"GBM multi-omics subset","GBM",12,"3D-CNN","ibs",0.17365048106967118
"GBM multi-omics subset","GBM",13,"3D-CNN","ibs",0.148337233902516
"GBM multi-omics subset","GBM",14,"3D-CNN","ibs",0.14549919318784876
"GBM multi-omics subset","GBM",15,"3D-CNN","ibs",0.16804753594541116
"GBM multi-omics subset","GBM",16,"3D-CNN","ibs",0.1775816437118997
"GBM multi-omics subset","GBM",17,"3D-CNN","ibs",0.16360027116835402
"GBM multi-omics subset","GBM",18,"3D-CNN","ibs",0.17114227980452118
"GBM multi-omics subset","GBM",19,"3D-CNN","ibs",0.15938395330191082
"GBM multi-omics subset","GBM",20,"3D-CNN","ibs",0.15481697946036324
"GBM multi-omics subset","GBM",21,"3D-CNN","ibs",0.16442113352808596
"GBM multi-omics subset","GBM",22,"3D-CNN","ibs",0.15228766477346528
"GBM multi-omics subset","GBM",23,"3D-CNN","ibs",0.15142605093946238
"GBM multi-omics subset","GBM",24,"3D-CNN","ibs",0.17587150419736203
"GBM multi-omics subset","GBM",25,"3D-CNN","ibs",0.1425265291837211
"GBM multi-omics subset","GBM",26,"3D-CNN","ibs",0.185818803914915
"GBM multi-omics subset","GBM",27,"3D-CNN","ibs",0.15683516914731468
"GBM multi-omics subset","GBM",28,"3D-CNN","ibs",0.16468290614295755
"GBM multi-omics subset","GBM",29,"3D-CNN","ibs",0.16317801500961576
"GBM multi-omics subset","GBM",30,"3D-CNN","ibs",0.1681759392539287
"GBM multi-omics subset","GBM",31,"3D-CNN","ibs",0.16128142287889363
"GBM multi-omics subset","GBM",32,"3D-CNN","ibs",0.15591486027442206
"GBM multi-omics subset","GBM",33,"3D-CNN","ibs",0.16017034801215363
"GBM multi-omics subset","GBM",34,"3D-CNN","ibs",0.1766853371476729
"GBM multi-omics subset","GBM",35,"3D-CNN","ibs",0.16593142117084916
"GBM multi-omics subset","GBM",36,"3D-CNN","ibs",0.16020342041155308
"GBM multi-omics subset","GBM",37,"3D-CNN","ibs",0.1589010413944959
"GBM multi-omics subset","GBM",38,"3D-CNN","ibs",0.1711673061793158
"GBM multi-omics subset","GBM",39,"3D-CNN","ibs",0.17440780936096664
"GBM multi-omics subset","GBM",40,"3D-CNN","ibs",0.15008046110336795
"GBM multi-omics subset","GBM",41,"3D-CNN","ibs",0.17939095326532148
"GBM multi-omics subset","GBM",42,"3D-CNN","ibs",0.14794117047916852
"GBM multi-omics subset","GBM",43,"3D-CNN","ibs",0.16095451479285064
"GBM multi-omics subset","GBM",44,"3D-CNN","ibs",0.18049188211956374
"GBM multi-omics subset","GBM",45,"3D-CNN","ibs",0.14993477889976123
"GBM multi-omics subset","GBM",46,"3D-CNN","ibs",0.15517245069969138
"GBM multi-omics subset","GBM",47,"3D-CNN","ibs",0.17858352754429144
"GBM multi-omics subset","GBM",48,"3D-CNN","ibs",0.1342859211967004
"GBM multi-omics subset","GBM",49,"3D-CNN","ibs",0.175692699047262
"GBM multi-omics subset","GBM",50,"3D-CNN","ibs",0.15747946840392105
"GBM multi-omics subset","GBM",51,"3D-CNN","ibs",0.15302385883219666
"GBM multi-omics subset","GBM",52,"3D-CNN","ibs",0.16565080461572282
"GBM multi-omics subset","GBM",53,"3D-CNN","ibs",0.16065529700494383
"GBM multi-omics subset","GBM",54,"3D-CNN","ibs",0.1684045323213067
"GBM multi-omics subset","GBM",55,"3D-CNN","ibs",0.16414410541460536
"GBM multi-omics subset","GBM",56,"3D-CNN","ibs",0.15793895322188706
"GBM multi-omics subset","GBM",57,"3D-CNN","ibs",0.16491328968229294
"GBM multi-omics subset","GBM",58,"3D-CNN","ibs",0.15558468963506789
"GBM multi-omics subset","GBM",59,"3D-CNN","ibs",0.14021930304311772
"GBM multi-omics subset","GBM",60,"3D-CNN","ibs",0.14262390398550964
"GBM multi-omics subset","GBM",61,"3D-CNN","ibs",0.15620407446142417
"GBM multi-omics subset","GBM",62,"3D-CNN","ibs",0.16491454575403944
"GBM multi-omics subset","GBM",63,"3D-CNN","ibs",0.1546228020365915
"GBM multi-omics subset","GBM",64,"3D-CNN","ibs",0.1585663315047657
"GBM multi-omics subset","GBM",65,"3D-CNN","ibs",0.15142606065405176
"GBM multi-omics subset","GBM",66,"3D-CNN","ibs",0.14416049771620779
"GBM multi-omics subset","GBM",67,"3D-CNN","ibs",0.15124049069632178
"GBM multi-omics subset","GBM",68,"3D-CNN","ibs",0.1707310348982632
"GBM multi-omics subset","GBM",69,"3D-CNN","ibs",0.1683785347893466
"GBM multi-omics subset","GBM",70,"3D-CNN","ibs",0.1570698029781513
"GBM multi-omics subset","GBM",71,"3D-CNN","ibs",0.1568751160306758
"GBM multi-omics subset","GBM",72,"3D-CNN","ibs",0.1587693134934941
"GBM multi-omics subset","GBM",73,"3D-CNN","ibs",0.14619812258893294
"GBM multi-omics subset","GBM",74,"3D-CNN","ibs",0.15570041559376968
"GBM multi-omics subset","GBM",75,"3D-CNN","ibs",0.16067542916200261
"GBM multi-omics subset","GBM",76,"3D-CNN","ibs",0.15112807751113097
"GBM multi-omics subset","GBM",77,"3D-CNN","ibs",0.16258714744411137
"GBM multi-omics subset","GBM",78,"3D-CNN","ibs",0.16075680541662515
"GBM multi-omics subset","GBM",79,"3D-CNN","ibs",0.15780396919411982
"GBM multi-omics subset","GBM",80,"3D-CNN","ibs",0.17561965624811474
"GBM multi-omics subset","GBM",81,"3D-CNN","ibs",0.1538249102006008
"GBM multi-omics subset","GBM",82,"3D-CNN","ibs",0.1743892288215126
"GBM multi-omics subset","GBM",83,"3D-CNN","ibs",0.1583731220449895
"GBM multi-omics subset","GBM",84,"3D-CNN","ibs",0.17508507022695835
"GBM multi-omics subset","GBM",85,"3D-CNN","ibs",0.1622066979408204
"GBM multi-omics subset","GBM",86,"3D-CNN","ibs",0.15274788439890769
"GBM multi-omics subset","GBM",87,"3D-CNN","ibs",0.1532246102291893
"GBM multi-omics subset","GBM",88,"3D-CNN","ibs",0.15724298210799698
"GBM multi-omics subset","GBM",89,"3D-CNN","ibs",0.17304370600104543
"GBM multi-omics subset","GBM",90,"3D-CNN","ibs",0.17188668545485725
"GBM multi-omics subset","GBM",91,"3D-CNN","ibs",0.16935166637026575
"GBM multi-omics subset","GBM",92,"3D-CNN","ibs",0.16822282624476745
"GBM multi-omics subset","GBM",93,"3D-CNN","ibs",0.16284926222732837
"GBM multi-omics subset","GBM",94,"3D-CNN","ibs",0.1509676837497454
"GBM multi-omics subset","GBM",95,"3D-CNN","ibs",0.1629607022663246
"GBM multi-omics subset","GBM",96,"3D-CNN","ibs",0.14311462384024376
"GBM multi-omics subset","GBM",97,"3D-CNN","ibs",0.17123578346103438
"GBM multi-omics subset","GBM",98,"3D-CNN","ibs",0.16397783581413272
"GBM multi-omics subset","GBM",99,"3D-CNN","ibs",0.16743343034851954
"GBM multi-omics subset","GBM",100,"3D-CNN","ibs",0.13804378917218818
"GBM multi-omics subset","GBM",1,"Clinicoradiologic","ibs",0.1585632674108707
"GBM multi-omics subset","GBM",2,"Clinicoradiologic","ibs",0.16637931983093132
"GBM multi-omics subset","GBM",3,"Clinicoradiologic","ibs",0.18477191610831908
"GBM multi-omics subset","GBM",4,"Clinicoradiologic","ibs",0.19007095696517243
"GBM multi-omics subset","GBM",5,"Clinicoradiologic","ibs",0.1749668424865795
"GBM multi-omics subset","GBM",6,"Clinicoradiologic","ibs",0.15498208994946214
"GBM multi-omics subset","GBM",7,"Clinicoradiologic","ibs",0.17039031049064815
"GBM multi-omics subset","GBM",8,"Clinicoradiologic","ibs",0.18506989520675224
"GBM multi-omics subset","GBM",9,"Clinicoradiologic","ibs",0.17838529804589012
"GBM multi-omics subset","GBM",10,"Clinicoradiologic","ibs",0.1966734738730236
"GBM multi-omics subset","GBM",11,"Clinicoradiologic","ibs",0.16804891630990604
"GBM multi-omics subset","GBM",12,"Clinicoradiologic","ibs",0.18359563521403638
"GBM multi-omics subset","GBM",13,"Clinicoradiologic","ibs",0.15302062519981105
"GBM multi-omics subset","GBM",14,"Clinicoradiologic","ibs",0.16155941313411684
"GBM multi-omics subset","GBM",15,"Clinicoradiologic","ibs",0.17550495334233715
"GBM multi-omics subset","GBM",16,"Clinicoradiologic","ibs",0.16747179124167258
"GBM multi-omics subset","GBM",17,"Clinicoradiologic","ibs",0.19067890117959513
"GBM multi-omics subset","GBM",18,"Clinicoradiologic","ibs",0.18631070008085399
"GBM multi-omics subset","GBM",19,"Clinicoradiologic","ibs",0.19065979120113022
"GBM multi-omics subset","GBM",20,"Clinicoradiologic","ibs",0.17155643955967437
"GBM multi-omics subset","GBM",21,"Clinicoradiologic","ibs",0.17328659160472892
"GBM multi-omics subset","GBM",22,"Clinicoradiologic","ibs",0.16416909580839892
"GBM multi-omics subset","GBM",23,"Clinicoradiologic","ibs",0.1718241268791577
"GBM multi-omics subset","GBM",24,"Clinicoradiologic","ibs",0.17766478068263863
"GBM multi-omics subset","GBM",25,"Clinicoradiologic","ibs",0.17692295426284352
"GBM multi-omics subset","GBM",26,"Clinicoradiologic","ibs",0.17227778512671443
"GBM multi-omics subset","GBM",27,"Clinicoradiologic","ibs",0.17293655869888652
"GBM multi-omics subset","GBM",28,"Clinicoradiologic","ibs",0.17658984154035048
"GBM multi-omics subset","GBM",29,"Clinicoradiologic","ibs",0.1443539146359775
"GBM multi-omics subset","GBM",30,"Clinicoradiologic","ibs",0.1413127911218068
"GBM multi-omics subset","GBM",31,"Clinicoradiologic","ibs",0.16029588713951892
"GBM multi-omics subset","GBM",32,"Clinicoradiologic","ibs",0.1718248401248753
"GBM multi-omics subset","GBM",33,"Clinicoradiologic","ibs",0.16665667266779519
"GBM multi-omics subset","GBM",34,"Clinicoradiologic","ibs",0.19369239952580697
"GBM multi-omics subset","GBM",35,"Clinicoradiologic","ibs",0.15842628830658254
"GBM multi-omics subset","GBM",36,"Clinicoradiologic","ibs",0.16631896098160043
"GBM multi-omics subset","GBM",37,"Clinicoradiologic","ibs",0.15919553883072457
"GBM multi-omics subset","GBM",38,"Clinicoradiologic","ibs",0.18645580185615687
"GBM multi-omics subset","GBM",39,"Clinicoradiologic","ibs",0.18996702067887433
"GBM multi-omics subset","GBM",40,"Clinicoradiologic","ibs",0.18316069825796497
"GBM multi-omics subset","GBM",41,"Clinicoradiologic","ibs",0.16706144226621147
"GBM multi-omics subset","GBM",42,"Clinicoradiologic","ibs",0.16729855359105567
"GBM multi-omics subset","GBM",43,"Clinicoradiologic","ibs",0.17060528402160186
"GBM multi-omics subset","GBM",44,"Clinicoradiologic","ibs",0.16557091934292767
"GBM multi-omics subset","GBM",45,"Clinicoradiologic","ibs",0.1516100361914934
"GBM multi-omics subset","GBM",46,"Clinicoradiologic","ibs",0.16478672752087087
"GBM multi-omics subset","GBM",47,"Clinicoradiologic","ibs",0.16058753417657806
"GBM multi-omics subset","GBM",48,"Clinicoradiologic","ibs",0.14345086721696026
"GBM multi-omics subset","GBM",49,"Clinicoradiologic","ibs",0.1853214101855521
"GBM multi-omics subset","GBM",50,"Clinicoradiologic","ibs",0.15980141167130185
"GBM multi-omics subset","GBM",51,"Clinicoradiologic","ibs",0.15644653490001428
"GBM multi-omics subset","GBM",52,"Clinicoradiologic","ibs",0.18653085054603974
"GBM multi-omics subset","GBM",53,"Clinicoradiologic","ibs",0.19762822321941645
"GBM multi-omics subset","GBM",54,"Clinicoradiologic","ibs",0.1674697820922321
"GBM multi-omics subset","GBM",55,"Clinicoradiologic","ibs",0.1671367264277113
"GBM multi-omics subset","GBM",56,"Clinicoradiologic","ibs",0.16797214640528405
"GBM multi-omics subset","GBM",57,"Clinicoradiologic","ibs",0.16594286931544128
"GBM multi-omics subset","GBM",58,"Clinicoradiologic","ibs",0.17287663519961025
"GBM multi-omics subset","GBM",59,"Clinicoradiologic","ibs",0.14370641083972394
"GBM multi-omics subset","GBM",60,"Clinicoradiologic","ibs",0.18426522055307867
"GBM multi-omics subset","GBM",61,"Clinicoradiologic","ibs",0.15919260927577467
"GBM multi-omics subset","GBM",62,"Clinicoradiologic","ibs",0.17405195218058286
"GBM multi-omics subset","GBM",63,"Clinicoradiologic","ibs",0.16187797112143665
"GBM multi-omics subset","GBM",64,"Clinicoradiologic","ibs",0.19957270978992364
"GBM multi-omics subset","GBM",65,"Clinicoradiologic","ibs",0.15511016772085154
"GBM multi-omics subset","GBM",66,"Clinicoradiologic","ibs",0.14844649789906902
"GBM multi-omics subset","GBM",67,"Clinicoradiologic","ibs",0.1471036475929166
"GBM multi-omics subset","GBM",68,"Clinicoradiologic","ibs",0.15792833270087975
"GBM multi-omics subset","GBM",69,"Clinicoradiologic","ibs",0.18683021115150114
"GBM multi-omics subset","GBM",70,"Clinicoradiologic","ibs",0.18077854106456834
"GBM multi-omics subset","GBM",71,"Clinicoradiologic","ibs",0.1667828591016948
"GBM multi-omics subset","GBM",72,"Clinicoradiologic","ibs",0.16466722047538415
"GBM multi-omics subset","GBM",73,"Clinicoradiologic","ibs",0.1521579551793395
"GBM multi-omics subset","GBM",74,"Clinicoradiologic","ibs",0.1469592139711456
"GBM multi-omics subset","GBM",75,"Clinicoradiologic","ibs",0.17491362086407006
"GBM multi-omics subset","GBM",76,"Clinicoradiologic","ibs",0.173394919619868
"GBM multi-omics subset","GBM",77,"Clinicoradiologic","ibs",0.17151176226514744
"GBM multi-omics subset","GBM",78,"Clinicoradiologic","ibs",0.17200625676966708
"GBM multi-omics subset","GBM",79,"Clinicoradiologic","ibs",0.16640311682253142
"GBM multi-omics subset","GBM",80,"Clinicoradiologic","ibs",0.18296931253326357
"GBM multi-omics subset","GBM",81,"Clinicoradiologic","ibs",0.17136420854054743
"GBM multi-omics subset","GBM",82,"Clinicoradiologic","ibs",0.1532526658984912
"GBM multi-omics subset","GBM",83,"Clinicoradiologic","ibs",0.16808127120746258
"GBM multi-omics subset","GBM",84,"Clinicoradiologic","ibs",0.17897210892848892
"GBM multi-omics subset","GBM",85,"Clinicoradiologic","ibs",0.1778825672298744
"GBM multi-omics subset","GBM",86,"Clinicoradiologic","ibs",0.16802724998725554
"GBM multi-omics subset","GBM",87,"Clinicoradiologic","ibs",0.16442951143939818
"GBM multi-omics subset","GBM",88,"Clinicoradiologic","ibs",0.1735716590724056
"GBM multi-omics subset","GBM",89,"Clinicoradiologic","ibs",0.1836425965835899
"GBM multi-omics subset","GBM",90,"Clinicoradiologic","ibs",0.18167229157196813
"GBM multi-omics subset","GBM",91,"Clinicoradiologic","ibs",0.16057051219112772
"GBM multi-omics subset","GBM",92,"Clinicoradiologic","ibs",0.16728698225434938
"GBM multi-omics subset","GBM",93,"Clinicoradiologic","ibs",0.18346071421707677
"GBM multi-omics subset","GBM",94,"Clinicoradiologic","ibs",0.17030060797867563
"GBM multi-omics subset","GBM",95,"Clinicoradiologic","ibs",0.16422830958771503
"GBM multi-omics subset","GBM",96,"Clinicoradiologic","ibs",0.16066040446601804
"GBM multi-omics subset","GBM",97,"Clinicoradiologic","ibs",0.1714830003727177
"GBM multi-omics subset","GBM",98,"Clinicoradiologic","ibs",0.16630984666696502
"GBM multi-omics subset","GBM",99,"Clinicoradiologic","ibs",0.18135689387669807
"GBM multi-omics subset","GBM",100,"Clinicoradiologic","ibs",0.1625695635763214
"GBM multi-omics subset","GBM",1,"3D-ViT","ibs",0.13340454768747326
"GBM multi-omics subset","GBM",2,"3D-ViT","ibs",0.1222946540661542
"GBM multi-omics subset","GBM",3,"3D-ViT","ibs",0.1481412596067356
"GBM multi-omics subset","GBM",4,"3D-ViT","ibs",0.15656456832997315
"GBM multi-omics subset","GBM",5,"3D-ViT","ibs",0.15465222204607906
"GBM multi-omics subset","GBM",6,"3D-ViT","ibs",0.12776411419352138
"GBM multi-omics subset","GBM",7,"3D-ViT","ibs",0.13196563485614635
"GBM multi-omics subset","GBM",8,"3D-ViT","ibs",0.141933454767784
"GBM multi-omics subset","GBM",9,"3D-ViT","ibs",0.13649376666285332
"GBM multi-omics subset","GBM",10,"3D-ViT","ibs",0.13188155814661343
"GBM multi-omics subset","GBM",11,"3D-ViT","ibs",0.14302063646697863
"GBM multi-omics subset","GBM",12,"3D-ViT","ibs",0.1545100370806699
"GBM multi-omics subset","GBM",13,"3D-ViT","ibs",0.12359636937972233
"GBM multi-omics subset","GBM",14,"3D-ViT","ibs",0.1295850541265348
"GBM multi-omics subset","GBM",15,"3D-ViT","ibs",0.14278729277718874
"GBM multi-omics subset","GBM",16,"3D-ViT","ibs",0.1598133945074394
"GBM multi-omics subset","GBM",17,"3D-ViT","ibs",0.1493743629919064
"GBM multi-omics subset","GBM",18,"3D-ViT","ibs",0.14955799254519342
"GBM multi-omics subset","GBM",19,"3D-ViT","ibs",0.14170223309828972
"GBM multi-omics subset","GBM",20,"3D-ViT","ibs",0.14000483628031615
"GBM multi-omics subset","GBM",21,"3D-ViT","ibs",0.15399022546734242
"GBM multi-omics subset","GBM",22,"3D-ViT","ibs",0.13063509380828806
"GBM multi-omics subset","GBM",23,"3D-ViT","ibs",0.12873715497221078
"GBM multi-omics subset","GBM",24,"3D-ViT","ibs",0.15937167698043542
"GBM multi-omics subset","GBM",25,"3D-ViT","ibs",0.11598474946055727
"GBM multi-omics subset","GBM",26,"3D-ViT","ibs",0.17272087288879762
"GBM multi-omics subset","GBM",27,"3D-ViT","ibs",0.13686464642909435
"GBM multi-omics subset","GBM",28,"3D-ViT","ibs",0.14032548584346938
"GBM multi-omics subset","GBM",29,"3D-ViT","ibs",0.13794425046933217
"GBM multi-omics subset","GBM",30,"3D-ViT","ibs",0.15539034241099534
"GBM multi-omics subset","GBM",31,"3D-ViT","ibs",0.13459818820748629
"GBM multi-omics subset","GBM",32,"3D-ViT","ibs",0.13349698160147822
"GBM multi-omics subset","GBM",33,"3D-ViT","ibs",0.13059864117034756
"GBM multi-omics subset","GBM",34,"3D-ViT","ibs",0.16162708084280583
"GBM multi-omics subset","GBM",35,"3D-ViT","ibs",0.14578756102215137
"GBM multi-omics subset","GBM",36,"3D-ViT","ibs",0.13880731020721948
"GBM multi-omics subset","GBM",37,"3D-ViT","ibs",0.14018438869100736
"GBM multi-omics subset","GBM",38,"3D-ViT","ibs",0.1408217180180989
"GBM multi-omics subset","GBM",39,"3D-ViT","ibs",0.14936903710840346
"GBM multi-omics subset","GBM",40,"3D-ViT","ibs",0.1246269119647842
"GBM multi-omics subset","GBM",41,"3D-ViT","ibs",0.15690581949119292
"GBM multi-omics subset","GBM",42,"3D-ViT","ibs",0.12875304931396758
"GBM multi-omics subset","GBM",43,"3D-ViT","ibs",0.13391875057246735
"GBM multi-omics subset","GBM",44,"3D-ViT","ibs",0.14946517700100875
"GBM multi-omics subset","GBM",45,"3D-ViT","ibs",0.12514370314251147
"GBM multi-omics subset","GBM",46,"3D-ViT","ibs",0.1306335310823184
"GBM multi-omics subset","GBM",47,"3D-ViT","ibs",0.15130111994360046
"GBM multi-omics subset","GBM",48,"3D-ViT","ibs",0.12167211603698921
"GBM multi-omics subset","GBM",49,"3D-ViT","ibs",0.1501817652641178
"GBM multi-omics subset","GBM",50,"3D-ViT","ibs",0.1472891397595182
"GBM multi-omics subset","GBM",51,"3D-ViT","ibs",0.1477919295656901
"GBM multi-omics subset","GBM",52,"3D-ViT","ibs",0.15072650008141922
"GBM multi-omics subset","GBM",53,"3D-ViT","ibs",0.14443116743651688
"GBM multi-omics subset","GBM",54,"3D-ViT","ibs",0.1464908043888395
"GBM multi-omics subset","GBM",55,"3D-ViT","ibs",0.14713197961897573
"GBM multi-omics subset","GBM",56,"3D-ViT","ibs",0.13697802658357663
"GBM multi-omics subset","GBM",57,"3D-ViT","ibs",0.1425244961029534
"GBM multi-omics subset","GBM",58,"3D-ViT","ibs",0.1399114414276138
"GBM multi-omics subset","GBM",59,"3D-ViT","ibs",0.12819465869410004
"GBM multi-omics subset","GBM",60,"3D-ViT","ibs",0.12761357136845783
"GBM multi-omics subset","GBM",61,"3D-ViT","ibs",0.13682063542816245
"GBM multi-omics subset","GBM",62,"3D-ViT","ibs",0.13760462866742765
"GBM multi-omics subset","GBM",63,"3D-ViT","ibs",0.13538978634005522
"GBM multi-omics subset","GBM",64,"3D-ViT","ibs",0.13685523827301968
"GBM multi-omics subset","GBM",65,"3D-ViT","ibs",0.12905641175959967
"GBM multi-omics subset","GBM",66,"3D-ViT","ibs",0.12985975218923493
"GBM multi-omics subset","GBM",67,"3D-ViT","ibs",0.1252270901925096
"GBM multi-omics subset","GBM",68,"3D-ViT","ibs",0.1481569940585998
"GBM multi-omics subset","GBM",69,"3D-ViT","ibs",0.14650454714229533
"GBM multi-omics subset","GBM",70,"3D-ViT","ibs",0.1329830159256732
"GBM multi-omics subset","GBM",71,"3D-ViT","ibs",0.14494366799582317
"GBM multi-omics subset","GBM",72,"3D-ViT","ibs",0.15046192870305425
"GBM multi-omics subset","GBM",73,"3D-ViT","ibs",0.12965402762273867
"GBM multi-omics subset","GBM",74,"3D-ViT","ibs",0.1313547227166199
"GBM multi-omics subset","GBM",75,"3D-ViT","ibs",0.13854416737057898
"GBM multi-omics subset","GBM",76,"3D-ViT","ibs",0.13217952260032945
"GBM multi-omics subset","GBM",77,"3D-ViT","ibs",0.15893764615389722
"GBM multi-omics subset","GBM",78,"3D-ViT","ibs",0.14982617818548608
"GBM multi-omics subset","GBM",79,"3D-ViT","ibs",0.1365380940000552
"GBM multi-omics subset","GBM",80,"3D-ViT","ibs",0.1445839504906842
"GBM multi-omics subset","GBM",81,"3D-ViT","ibs",0.13049524330991882
"GBM multi-omics subset","GBM",82,"3D-ViT","ibs",0.16019335655044573
"GBM multi-omics subset","GBM",83,"3D-ViT","ibs",0.1359014136445191
"GBM multi-omics subset","GBM",84,"3D-ViT","ibs",0.15180432322047127
"GBM multi-omics subset","GBM",85,"3D-ViT","ibs",0.13957763297512868
"GBM multi-omics subset","GBM",86,"3D-ViT","ibs",0.1311202776504519
"GBM multi-omics subset","GBM",87,"3D-ViT","ibs",0.1298491862501949
"GBM multi-omics subset","GBM",88,"3D-ViT","ibs",0.13275663782367728
"GBM multi-omics subset","GBM",89,"3D-ViT","ibs",0.14692924885874534
"GBM multi-omics subset","GBM",90,"3D-ViT","ibs",0.14980264955891667
"GBM multi-omics subset","GBM",91,"3D-ViT","ibs",0.15153951897909498
"GBM multi-omics subset","GBM",92,"3D-ViT","ibs",0.14973062396225328
"GBM multi-omics subset","GBM",93,"3D-ViT","ibs",0.12917579259500364
"GBM multi-omics subset","GBM",94,"3D-ViT","ibs",0.12688125394164007
"GBM multi-omics subset","GBM",95,"3D-ViT","ibs",0.14838410854763057
"GBM multi-omics subset","GBM",96,"3D-ViT","ibs",0.12629344823347366
"GBM multi-omics subset","GBM",97,"3D-ViT","ibs",0.13806564097457613
"GBM multi-omics subset","GBM",98,"3D-ViT","ibs",0.13925362344957534
"GBM multi-omics subset","GBM",99,"3D-ViT","ibs",0.14108461271326295
"GBM multi-omics subset","GBM",100,"3D-ViT","ibs",0.12085326035057144
"GBM multi-omics subset","GBM",1,"CR-ViT","ibs",0.11375493064664159
"GBM multi-omics subset","GBM",2,"CR-ViT","ibs",0.10462390751132152
"GBM multi-omics subset","GBM",3,"CR-ViT","ibs",0.12669000870782768
"GBM multi-omics subset","GBM",4,"CR-ViT","ibs",0.13169137354081153
"GBM multi-omics subset","GBM",5,"CR-ViT","ibs",0.1381775281980418
"GBM multi-omics subset","GBM",6,"CR-ViT","ibs",0.10880796839319205
"GBM multi-omics subset","GBM",7,"CR-ViT","ibs",0.11889820553253624
"GBM multi-omics subset","GBM",8,"CR-ViT","ibs",0.12948229497409708
"GBM multi-omics subset","GBM",9,"CR-ViT","ibs",0.11538301075114472
"GBM multi-omics subset","GBM",10,"CR-ViT","ibs",0.11357315930620766
"GBM multi-omics subset","GBM",11,"CR-ViT","ibs",0.1342229960115749
"GBM multi-omics subset","GBM",12,"CR-ViT","ibs",0.14187454294711987
"GBM multi-omics subset","GBM",13,"CR-ViT","ibs",0.11016113722737705
"GBM multi-omics subset","GBM",14,"CR-ViT","ibs",0.11094634225799836
"GBM multi-omics subset","GBM",15,"CR-ViT","ibs",0.12139055952003286
"GBM multi-omics subset","GBM",16,"CR-ViT","ibs",0.14140433879712674
"GBM multi-omics subset","GBM",17,"CR-ViT","ibs",0.13645450810393628
"GBM multi-omics subset","GBM",18,"CR-ViT","ibs",0.13901296749194011
"GBM multi-omics subset","GBM",19,"CR-ViT","ibs",0.1258724432532028
"GBM multi-omics subset","GBM",20,"CR-ViT","ibs",0.12353055482128424
"GBM multi-omics subset","GBM",21,"CR-ViT","ibs",0.13526118471692905
"GBM multi-omics subset","GBM",22,"CR-ViT","ibs",0.11509166627915961
"GBM multi-omics subset","GBM",23,"CR-ViT","ibs",0.12563273508987818
"GBM multi-omics subset","GBM",24,"CR-ViT","ibs",0.14245519743751292
"GBM multi-omics subset","GBM",25,"CR-ViT","ibs",0.09870558256032075
"GBM multi-omics subset","GBM",26,"CR-ViT","ibs",0.15432328078932264
"GBM multi-omics subset","GBM",27,"CR-ViT","ibs",0.13234166548243642
"GBM multi-omics subset","GBM",28,"CR-ViT","ibs",0.1162605745015608
"GBM multi-omics subset","GBM",29,"CR-ViT","ibs",0.11103899665578194
"GBM multi-omics subset","GBM",30,"CR-ViT","ibs",0.12921986097963387
"GBM multi-omics subset","GBM",31,"CR-ViT","ibs",0.12191840391732439
"GBM multi-omics subset","GBM",32,"CR-ViT","ibs",0.10509686916458935
"GBM multi-omics subset","GBM",33,"CR-ViT","ibs",0.11276049480712333
"GBM multi-omics subset","GBM",34,"CR-ViT","ibs",0.13621655878189015
"GBM multi-omics subset","GBM",35,"CR-ViT","ibs",0.13137223624327257
"GBM multi-omics subset","GBM",36,"CR-ViT","ibs",0.12336831119698544
"GBM multi-omics subset","GBM",37,"CR-ViT","ibs",0.13127934799277907
"GBM multi-omics subset","GBM",38,"CR-ViT","ibs",0.1223110284684747
"GBM multi-omics subset","GBM",39,"CR-ViT","ibs",0.12417234962779385
"GBM multi-omics subset","GBM",40,"CR-ViT","ibs",0.1158080138083144
"GBM multi-omics subset","GBM",41,"CR-ViT","ibs",0.12541109412239254
"GBM multi-omics subset","GBM",42,"CR-ViT","ibs",0.119831678058922
"GBM multi-omics subset","GBM",43,"CR-ViT","ibs",0.12222949650780984
"GBM multi-omics subset","GBM",44,"CR-ViT","ibs",0.12316298757317641
"GBM multi-omics subset","GBM",45,"CR-ViT","ibs",0.11269143842779587
"GBM multi-omics subset","GBM",46,"CR-ViT","ibs",0.11427336645941262
"GBM multi-omics subset","GBM",47,"CR-ViT","ibs",0.13177973789731592
"GBM multi-omics subset","GBM",48,"CR-ViT","ibs",0.10137095104602724
"GBM multi-omics subset","GBM",49,"CR-ViT","ibs",0.1176385218440191
"GBM multi-omics subset","GBM",50,"CR-ViT","ibs",0.11871966983313002
"GBM multi-omics subset","GBM",51,"CR-ViT","ibs",0.13247584489911882
"GBM multi-omics subset","GBM",52,"CR-ViT","ibs",0.14246564473285558
"GBM multi-omics subset","GBM",53,"CR-ViT","ibs",0.12936040382865546
"GBM multi-omics subset","GBM",54,"CR-ViT","ibs",0.1123631872942611
"GBM multi-omics subset","GBM",55,"CR-ViT","ibs",0.13387575735966895
"GBM multi-omics subset","GBM",56,"CR-ViT","ibs",0.12413944211695194
"GBM multi-omics subset","GBM",57,"CR-ViT","ibs",0.11677403818138125
"GBM multi-omics subset","GBM",58,"CR-ViT","ibs",0.1268592303980398
"GBM multi-omics subset","GBM",59,"CR-ViT","ibs",0.11602772554480895
"GBM multi-omics subset","GBM",60,"CR-ViT","ibs",0.12183567368327661
"GBM multi-omics subset","GBM",61,"CR-ViT","ibs",0.11514626957479022
"GBM multi-omics subset","GBM",62,"CR-ViT","ibs",0.1022209876679833
"GBM multi-omics subset","GBM",63,"CR-ViT","ibs",0.11924898375434001
"GBM multi-omics subset","GBM",64,"CR-ViT","ibs",0.12619691229312913
"GBM multi-omics subset","GBM",65,"CR-ViT","ibs",0.11464534337489173
"GBM multi-omics subset","GBM",66,"CR-ViT","ibs",0.11177194730906544
"GBM multi-omics subset","GBM",67,"CR-ViT","ibs",0.10203056691187831
"GBM multi-omics subset","GBM",68,"CR-ViT","ibs",0.12212153018152778
"GBM multi-omics subset","GBM",69,"CR-ViT","ibs",0.133366391693929
"GBM multi-omics subset","GBM",70,"CR-ViT","ibs",0.1170417208843134
"GBM multi-omics subset","GBM",71,"CR-ViT","ibs",0.13761879340875677
"GBM multi-omics subset","GBM",72,"CR-ViT","ibs",0.12721749940703617
"GBM multi-omics subset","GBM",73,"CR-ViT","ibs",0.11057082787938978
"GBM multi-omics subset","GBM",74,"CR-ViT","ibs",0.111006529324201
"GBM multi-omics subset","GBM",75,"CR-ViT","ibs",0.12557690549822553
"GBM multi-omics subset","GBM",76,"CR-ViT","ibs",0.12517695912182625
"GBM multi-omics subset","GBM",77,"CR-ViT","ibs",0.15104233025725022
"GBM multi-omics subset","GBM",78,"CR-ViT","ibs",0.13180222864778976
"GBM multi-omics subset","GBM",79,"CR-ViT","ibs",0.12534090749862214
"GBM multi-omics subset","GBM",80,"CR-ViT","ibs",0.11911914320738304
"GBM multi-omics subset","GBM",81,"CR-ViT","ibs",0.10923637611615739
"GBM multi-omics subset","GBM",82,"CR-ViT","ibs",0.13879802799138355
"GBM multi-omics subset","GBM",83,"CR-ViT","ibs",0.11639985033307321
"GBM multi-omics subset","GBM",84,"CR-ViT","ibs",0.12821643489708598
"GBM multi-omics subset","GBM",85,"CR-ViT","ibs",0.12674451863679193
"GBM multi-omics subset","GBM",86,"CR-ViT","ibs",0.11353835839075364
"GBM multi-omics subset","GBM",87,"CR-ViT","ibs",0.11499991061614259
"GBM multi-omics subset","GBM",88,"CR-ViT","ibs",0.11451154748004438
"GBM multi-omics subset","GBM",89,"CR-ViT","ibs",0.13114494218498945
"GBM multi-omics subset","GBM",90,"CR-ViT","ibs",0.13624058878965262
"GBM multi-omics subset","GBM",91,"CR-ViT","ibs",0.12703039869710772
"GBM multi-omics subset","GBM",92,"CR-ViT","ibs",0.13001592478908758
"GBM multi-omics subset","GBM",93,"CR-ViT","ibs",0.12013765067709138
"GBM multi-omics subset","GBM",94,"CR-ViT","ibs",0.11118919542740459
"GBM multi-omics subset","GBM",95,"CR-ViT","ibs",0.1367200749245696
"GBM multi-omics subset","GBM",96,"CR-ViT","ibs",0.11889197372738097
"GBM multi-omics subset","GBM",97,"CR-ViT","ibs",0.11390310799627625
"GBM multi-omics subset","GBM",98,"CR-ViT","ibs",0.1261225665849911
"GBM multi-omics subset","GBM",99,"CR-ViT","ibs",0.12704383378416023
"GBM multi-omics subset","GBM",100,"CR-ViT","ibs",0.10587484041306976
